software mouseReMoCo;version 1.3.0;isWithLSL false;screenWidth 1447;screenHeight 736;centerX 723;centerY 368;autoStart 3600;cycleMaxNumber 6;cycleDuration 20;borderColor java.awt.Color[r=255,g=255,b=255];textColor java.awt.Color[r=255,g=255,b=255];backgroundColor java.awt.Color[r=0,g=0,b=0];cursorColorRecord java.awt.Color[r=255,g=0,b=0];cursorColorWait java.awt.Color[r=255,g=255,b=0];task circular;cornerX 435;cornerY 80;externalRadius 288;internalRadius 208;borderRadius 1;cursorRadius 16;indexOfDifficulty 33.086986458020164;taskRadius 247.5;taskTolerance 47
2025-11-29 14:48:45.048 +0100

timestamp,mouseX,mouseY,mouseInTarget
1764424127595,684,123,1
1764424127611,686,123,1
1764424127627,687,124,1
1764424127627,688,125,1
1764424127646,690,125,1
1764424127646,691,125,1
1764424127658,692,125,1
1764424127658,694,125,1
1764424127674,694,126,1
1764424127690,695,126,1
1764424127706,696,127,1
1764424127738,697,127,1
1764424127754,698,127,1
1764424127786,699,127,1
1764424127802,700,127,1
1764424127802,702,127,1
1764424127818,703,127,1
1764424127818,704,126,1
1764424127834,707,126,1
1764424127834,709,126,1
1764424127852,711,124,1
1764424127860,712,124,1
1764424127866,714,124,1
1764424127866,716,124,1
1764424127881,717,124,1
1764424127881,718,124,1
1764424127897,720,124,1
1764424127897,721,124,1
1764424127913,722,124,1
1764424127913,723,124,1
1764424127929,724,124,1
1764424127929,725,124,1
1764424127945,727,124,1
1764424127945,728,124,1
1764424127961,729,124,1
1764424127961,730,124,1
1764424127977,732,124,1
1764424127977,733,124,1
1764424127993,734,124,1
1764424127993,735,124,1
1764424128009,736,124,1
1764424128009,737,124,1
1764424128024,738,124,1
1764424128041,739,124,1
1764424128041,740,124,1
1764424128056,741,124,1
1764424128056,743,124,1
1764424128072,745,124,1
1764424128072,747,124,1
1764424128092,748,124,1
1764424128096,750,124,1
1764424128103,753,124,1
1764424128103,756,124,1
1764424128119,758,124,1
1764424128119,760,124,1
1764424128135,762,125,1
1764424128135,764,125,1
1764424128151,766,126,1
1764424128151,769,127,1
1764424128167,772,127,1
1764424128167,774,128,1
1764424128183,776,129,1
1764424128183,778,129,1
1764424128199,780,129,1
1764424128199,783,130,1
1764424128215,787,131,1
1764424128215,790,131,1
1764424128231,793,132,1
1764424128231,796,133,1
1764424128247,798,133,1
1764424128247,801,134,1
1764424128262,804,135,1
1764424128262,807,136,1
1764424128278,809,136,1
1764424128278,811,136,1
1764424128294,813,137,1
1764424128294,815,138,1
1764424128310,816,138,1
1764424128326,819,138,1
1764424128326,821,139,1
1764424128342,823,140,1
1764424128342,826,141,1
1764424128357,829,141,1
1764424128357,832,142,1
1764424128373,834,143,1
1764424128373,837,144,1
1764424128389,839,145,1
1764424128389,841,146,1
1764424128389,843,147,1
1764424128405,845,147,1
1764424128421,846,148,1
1764424128421,847,149,1
1764424128437,849,149,1
1764424128437,850,150,1
1764424128437,852,151,1
1764424128453,854,152,1
1764424128469,856,152,1
1764424128469,858,153,1
1764424128485,860,154,1
1764424128485,862,156,1
1764424128501,866,158,1
1764424128501,869,159,1
1764424128501,872,161,1
1764424128517,876,163,1
1764424128517,878,164,1
1764424128533,881,166,1
1764424128549,883,167,1
1764424128549,885,169,1
1764424128565,888,169,1
1764424128565,890,171,1
1764424128581,891,172,1
1764424128581,893,173,1
1764424128597,894,174,1
1764424128597,895,175,1
1764424128597,897,176,1
1764424128613,898,176,1
1764424128629,900,177,1
1764424128629,901,179,1
1764424128644,902,179,1
1764424128644,903,180,1
1764424128660,904,180,1
1764424128660,906,182,1
1764424128676,907,184,1
1764424128692,909,185,1
1764424128692,910,187,1
1764424128708,912,188,1
1764424128708,914,189,1
1764424128723,915,191,1
1764424128723,916,191,1
1764424128739,917,193,1
1764424128739,919,194,1
1764424128755,920,196,1
1764424128755,922,198,1
1764424128773,923,200,1
1764424128779,925,201,1
1764424128787,926,203,1
1764424128787,927,204,1
1764424128803,929,206,1
1764424128803,930,208,1
1764424128819,931,209,1
1764424128819,932,212,1
1764424128835,933,213,1
1764424128835,935,215,1
1764424128851,936,217,1
1764424128851,938,220,1
1764424128867,939,222,1
1764424128867,940,223,1
1764424128883,941,225,1
1764424128883,941,226,1
1764424128899,942,228,1
1764424128899,943,230,1
1764424128915,943,231,1
1764424128915,944,232,1
1764424128931,945,234,1
1764424128947,946,236,1
1764424128947,947,237,1
1764424128962,947,239,1
1764424128962,948,241,1
1764424128978,950,244,1
1764424128978,950,248,1
1764424128995,952,251,1
1764424128996,953,254,1
1764424129010,954,257,1
1764424129010,955,260,1
1764424129025,957,265,1
1764424129025,959,269,1
1764424129041,960,274,1
1764424129041,960,277,1
1764424129057,961,281,1
1764424129057,962,284,1
1764424129074,963,287,1
1764424129074,964,290,1
1764424129090,964,294,1
1764424129090,965,298,1
1764424129108,966,301,1
1764424129108,966,304,1
1764424129122,967,307,1
1764424129122,967,310,1
1764424129138,968,314,1
1764424129138,968,317,1
1764424129154,968,320,1
1764424129154,969,324,1
1764424129170,970,327,1
1764424129170,970,330,1
1764424129186,971,333,1
1764424129186,971,336,1
1764424129201,972,341,1
1764424129201,972,344,1
1764424129217,972,347,1
1764424129217,973,350,1
1764424129233,973,353,1
1764424129233,974,357,1
1764424129249,975,360,1
1764424129249,976,364,1
1764424129265,976,367,1
1764424129265,976,370,1
1764424129281,976,374,1
1764424129281,977,377,1
1764424129297,977,382,1
1764424129297,978,385,1
1764424129313,978,389,1
1764424129313,978,392,1
1764424129328,979,396,1
1764424129344,979,399,1
1764424129344,979,402,1
1764424129344,979,405,1
1764424129360,979,408,1
1764424129360,979,411,1
1764424129375,979,413,1
1764424129375,979,416,1
1764424129391,979,418,1
1764424129391,979,421,1
1764424129409,979,423,1
1764424129409,979,426,1
1764424129423,979,428,1
1764424129423,979,431,1
1764424129438,979,434,1
1764424129438,978,436,1
1764424129454,977,439,1
1764424129454,976,442,1
1764424129470,976,445,1
1764424129486,974,448,1
1764424129486,973,453,1
1764424129501,972,457,1
1764424129501,971,460,1
1764424129517,969,465,1
1764424129517,968,469,1
1764424129517,966,475,1
1764424129533,964,481,1
1764424129549,962,485,1
1764424129549,962,488,1
1764424129565,961,491,1
1764424129565,959,495,1
1764424129580,957,499,1
1764424129580,956,502,1
1764424129596,954,507,1
1764424129596,952,512,1
1764424129612,950,516,1
1764424129615,947,521,0
1764424129628,946,525,0
1764424129628,943,530,0
1764424129644,941,534,0
1764424129644,939,538,0
1764424129660,938,541,0
1764424129660,936,544,0
1764424129676,934,548,0
1764424129676,934,550,0
1764424129692,933,552,0
1764424129692,931,554,0
1764424129708,931,556,0
1764424129708,930,557,0
1764424129724,929,558,0
1764424129724,929,559,0
1764424129740,928,560,0
1764424129756,928,561,0
1764424129778,927,562,0
1764424129788,926,563,0
1764424129804,925,563,0
1764424129804,925,564,0
1764424129820,924,565,0
1764424129820,922,565,0
1764424129836,921,566,0
1764424129836,920,567,0
1764424129854,916,568,0
1764424129854,912,570,0
1764424129868,906,572,0
1764424129868,902,574,0
1764424129884,896,576,1
1764424129884,890,577,1
1764424129900,886,578,1
1764424129900,881,578,1
1764424129915,877,579,1
1764424129915,874,580,1
1764424129931,871,581,1
1764424129931,868,582,1
1764424129947,865,582,1
1764424129947,862,583,1
1764424129962,859,584,1
1764424129962,856,585,1
1764424129978,851,586,1
1764424129978,846,587,1
1764424129994,841,587,1
1764424129994,837,588,1
1764424130010,834,589,1
1764424130010,831,590,1
1764424130026,828,591,1
1764424130026,825,591,1
1764424130042,823,592,1
1764424130042,820,593,1
1764424130058,818,594,1
1764424130058,815,594,1
1764424130074,813,595,1
1764424130074,810,596,1
1764424130090,807,597,1
1764424130090,803,597,1
1764424130111,800,598,1
1764424130112,797,600,1
1764424130122,793,601,1
1764424130122,790,601,1
1764424130138,786,603,1
1764424130138,783,604,1
1764424130154,780,605,1
1764424130154,777,605,1
1764424130170,775,606,1
1764424130170,773,607,1
1764424130185,770,608,1
1764424130185,768,608,1
1764424130201,765,609,1
1764424130201,763,610,1
1764424130217,760,611,1
1764424130217,757,612,1
1764424130233,752,613,1
1764424130233,749,614,1
1764424130249,746,615,1
1764424130249,743,615,1
1764424130265,740,616,1
1764424130265,737,616,1
1764424130281,735,617,1
1764424130281,733,617,1
1764424130296,730,617,1
1764424130296,728,617,1
1764424130313,725,617,1
1764424130313,722,617,1
1764424130329,718,617,1
1764424130329,712,617,1
1764424130344,707,617,1
1764424130344,703,617,1
1764424130360,698,617,1
1764424130360,693,617,1
1764424130376,688,617,1
1764424130376,682,616,1
1764424130392,676,614,1
1764424130392,671,613,1
1764424130412,666,612,1
1764424130422,663,611,1
1764424130430,660,611,1
1764424130438,657,609,1
1764424130442,655,608,1
1764424130442,651,607,1
1764424130458,648,606,1
1764424130458,645,604,1
1764424130474,642,604,1
1764424130474,639,602,1
1764424130490,636,601,1
1764424130490,632,600,1
1764424130506,630,600,1
1764424130506,628,598,1
1764424130522,626,597,1
1764424130522,624,597,1
1764424130538,622,596,1
1764424130538,620,594,1
1764424130554,618,593,1
1764424130554,615,591,1
1764424130570,611,589,1
1764424130570,606,586,1
1764424130586,603,583,1
1764424130586,599,581,1
1764424130602,595,577,1
1764424130602,590,573,1
1764424130617,586,568,1
1764424130617,581,563,1
1764424130633,576,558,1
1764424130633,572,554,1
1764424130649,569,549,1
1764424130649,565,545,1
1764424130665,561,540,1
1764424130665,556,535,1
1764424130681,553,532,1
1764424130681,550,528,1
1764424130696,546,526,1
1764424130696,544,523,1
1764424130712,542,521,1
1764424130712,540,519,1
1764424130728,539,517,1
1764424130728,537,514,1
1764424130744,536,512,1
1764424130744,534,510,1
1764424130760,532,508,1
1764424130760,530,504,1
1764424130776,527,501,1
1764424130776,524,497,1
1764424130792,522,494,1
1764424130792,519,489,1
1764424130808,516,486,1
1764424130808,514,482,1
1764424130824,511,479,1
1764424130824,510,477,1
1764424130840,509,474,1
1764424130840,507,471,1
1764424130856,506,468,1
1764424130856,504,465,1
1764424130871,502,461,1
1764424130871,501,458,1
1764424130887,499,455,1
1764424130887,498,452,1
1764424130903,496,448,1
1764424130903,494,445,1
1764424130919,493,442,1
1764424130919,491,438,1
1764424130934,490,435,1
1764424130934,489,432,1
1764424130953,489,429,1
1764424130953,489,426,1
1764424130966,488,423,1
1764424130966,487,420,1
1764424130982,487,417,1
1764424130982,487,413,1
1764424130997,486,409,1
1764424131013,486,405,1
1764424131013,485,400,1
1764424131013,485,396,1
1764424131029,485,392,1
1764424131045,485,388,1
1764424131045,485,382,1
1764424131045,485,377,1
1764424131060,485,372,1
1764424131077,485,366,1
1764424131077,485,361,1
1764424131092,485,357,1
1764424131092,485,351,1
1764424131109,485,346,1
1764424131109,485,342,1
1764424131125,485,336,1
1764424131125,485,332,1
1764424131140,485,328,1
1764424131140,485,322,1
1764424131157,485,318,1
1764424131157,485,314,1
1764424131172,485,310,1
1764424131172,485,306,1
1764424131188,485,302,1
1764424131188,485,298,1
1764424131204,485,294,1
1764424131204,485,291,1
1764424131220,485,288,1
1764424131220,485,285,1
1764424131236,485,282,1
1764424131236,485,279,1
1764424131252,485,276,1
1764424131252,485,273,1
1764424131268,485,271,1
1764424131268,485,268,1
1764424131284,485,265,1
1764424131284,486,263,1
1764424131300,487,261,1
1764424131300,487,259,1
1764424131316,487,257,1
1764424131316,488,255,1
1764424131332,488,252,1
1764424131332,488,250,1
1764424131348,489,247,1
1764424131348,490,244,1
1764424131363,491,242,1
1764424131363,491,239,1
1764424131380,493,237,1
1764424131380,494,234,1
1764424131395,494,232,1
1764424131395,496,229,1
1764424131413,497,227,1
1764424131414,498,225,1
1764424131427,499,221,1
1764424131427,500,219,1
1764424131443,502,216,1
1764424131443,504,213,1
1764424131459,505,209,1
1764424131459,507,206,1
1764424131475,508,204,1
1764424131475,510,202,1
1764424131491,511,198,0
1764424131491,513,196,0
1764424131507,514,195,0
1764424131507,516,193,0
1764424131523,517,191,0
1764424131523,519,189,0
1764424131539,520,187,0
1764424131539,522,185,0
1764424131555,523,183,0
1764424131555,526,181,0
1764424131571,528,178,0
1764424131571,530,177,0
1764424131587,532,175,0
1764424131587,534,173,0
1764424131603,536,171,0
1764424131603,538,169,0
1764424131620,539,168,0
1764424131625,541,166,0
1764424131635,544,163,0
1764424131635,545,162,0
1764424131651,547,160,0
1764424131651,550,158,0
1764424131667,552,157,0
1764424131667,554,154,0
1764424131684,556,152,0
1764424131684,559,151,0
1764424131699,561,149,0
1764424131699,563,148,0
1764424131715,565,146,0
1764424131715,568,145,0
1764424131731,570,143,0
1764424131731,573,141,0
1764424131747,575,139,0
1764424131747,579,137,0
1764424131763,582,134,0
1764424131763,584,133,0
1764424131779,588,131,0
1764424131779,591,128,0
1764424131794,593,127,0
1764424131794,596,125,0
1764424131811,599,124,0
1764424131811,602,122,0
1764424131827,604,121,0
1764424131827,607,119,0
1764424131843,611,118,0
1764424131843,614,117,0
1764424131859,617,115,0
1764424131859,622,113,0
1764424131875,626,111,0
1764424131875,631,110,0
1764424131891,636,109,0
1764424131891,641,108,0
1764424131907,645,107,0
1764424131907,651,106,0
1764424131922,655,106,1
1764424131922,659,105,1
1764424131939,665,104,1
1764424131939,670,103,1
1764424131955,674,103,1
1764424131955,680,103,1
1764424131971,685,102,1
1764424131971,691,102,1
1764424131987,696,102,1
1764424131987,702,101,1
1764424132002,707,101,1
1764424132002,711,101,1
1764424132019,716,101,1
1764424132019,721,101,1
1764424132035,725,101,1
1764424132035,731,101,1
1764424132050,736,101,1
1764424132050,740,101,1
1764424132066,746,101,1
1764424132066,751,102,1
1764424132082,757,103,1
1764424132082,762,104,1
1764424132098,768,104,1
1764424132098,773,105,1
1764424132113,779,106,1
1764424132113,785,107,1
1764424132129,790,108,1
1764424132129,796,109,1
1764424132145,802,111,1
1764424132145,807,112,1
1764424132161,813,115,1
1764424132161,819,116,1
1764424132177,825,118,1
1764424132177,830,120,1
1764424132193,835,122,1
1764424132193,839,124,1
1764424132209,844,126,1
1764424132209,848,128,1
1764424132225,852,129,0
1764424132225,856,131,0
1764424132241,860,133,0
1764424132241,863,134,0
1764424132257,865,136,0
1764424132257,867,137,0
1764424132273,870,139,0
1764424132273,872,140,0
1764424132289,875,143,0
1764424132289,877,144,0
1764424132305,880,146,0
1764424132305,883,148,0
1764424132321,886,152,1
1764424132321,888,154,1
1764424132337,890,157,1
1764424132337,893,161,1
1764424132353,896,164,1
1764424132353,898,168,1
1764424132368,901,173,1
1764424132368,904,177,1
1764424132384,907,182,1
1764424132384,909,185,1
1764424132400,911,190,1
1764424132400,914,193,1
1764424132415,915,197,1
1764424132415,917,200,1
1764424132431,919,204,1
1764424132431,921,209,1
1764424132447,922,212,1
1764424132447,924,216,1
1764424132462,926,219,1
1764424132478,928,222,1
1764424132478,930,226,1
1764424132494,931,229,1
1764424132494,932,231,1
1764424132494,934,234,1
1764424132510,935,238,1
1764424132510,937,240,1
1764424132526,938,243,1
1764424132526,939,246,1
1764424132542,941,250,1
1764424132542,943,253,1
1764424132558,944,256,1
1764424132558,945,259,1
1764424132574,947,263,1
1764424132574,947,265,1
1764424132594,948,267,1
1764424132594,950,270,1
1764424132605,950,272,1
1764424132621,951,275,1
1764424132621,952,278,1
1764424132637,953,280,1
1764424132637,954,283,1
1764424132653,955,286,1
1764424132653,957,291,1
1764424132669,958,294,1
1764424132669,959,298,1
1764424132685,959,301,1
1764424132685,959,305,1
1764424132685,959,309,1
1764424132701,960,314,1
1764424132717,960,318,1
1764424132717,961,322,1
1764424132733,961,328,1
1764424132733,961,333,1
1764424132733,961,338,1
1764424132749,961,344,1
1764424132765,961,349,1
1764424132773,961,355,1
1764424132775,961,360,1
1764424132781,961,367,1
1764424132799,961,372,1
1764424132801,961,378,1
1764424132801,961,383,1
1764424132813,961,389,1
1764424132829,961,394,1
1764424132829,961,399,1
1764424132845,961,404,1
1764424132845,961,408,1
1764424132861,961,412,1
1764424132861,961,416,1
1764424132877,961,420,1
1764424132877,961,424,1
1764424132892,961,427,1
1764424132892,961,430,1
1764424132892,961,433,1
1764424132908,960,435,1
1764424132924,960,437,1
1764424132924,960,440,1
1764424132940,960,442,1
1764424132940,960,444,1
1764424132956,960,446,1
1764424132956,960,448,1
1764424132972,960,450,1
1764424132972,959,453,1
1764424132988,959,456,1
1764424132988,959,459,1
1764424133004,958,462,1
1764424133004,958,464,1
1764424133020,957,466,1
1764424133020,957,468,1
1764424133036,957,470,1
1764424133036,957,472,1
1764424133051,955,475,1
1764424133051,955,477,1
1764424133067,954,480,1
1764424133067,953,482,1
1764424133083,952,484,1
1764424133083,951,487,1
1764424133099,950,489,1
1764424133099,949,491,1
1764424133115,948,493,1
1764424133115,948,495,1
1764424133130,946,498,1
1764424133130,945,500,1
1764424133146,944,502,1
1764424133146,942,505,1
1764424133162,941,509,1
1764424133162,938,512,1
1764424133178,935,515,1
1764424133178,933,519,1
1764424133194,930,524,1
1764424133194,926,528,1
1764424133209,924,532,1
1764424133209,920,536,1
1764424133225,916,540,1
1764424133225,912,545,1
1764424133241,908,550,1
1764424133241,904,555,1
1764424133257,898,561,1
1764424133268,894,566,1
1764424133273,888,572,1
1764424133273,884,577,1
1764424133288,879,582,1
1764424133288,874,587,1
1764424133304,870,590,1
1764424133304,866,594,1
1764424133320,863,597,1
1764424133320,861,598,1
1764424133337,858,600,1
1764424133337,856,601,1
1764424133352,854,603,1
1764424133352,852,603,1
1764424133368,850,605,1
1764424133368,846,606,1
1764424133384,843,607,1
1764424133384,839,609,1
1764424133400,835,611,1
1764424133400,831,613,1
1764424133415,826,614,1
1764424133415,822,615,1
1764424133431,816,617,1
1764424133431,812,619,1
1764424133447,806,620,1
1764424133463,802,621,1
1764424133463,797,622,1
1764424133463,793,622,1
1764424133481,787,623,1
1764424133481,783,624,1
1764424133495,778,625,1
1764424133495,773,625,1
1764424133523,764,626,1
1764424133527,758,626,1
1764424133527,753,626,1
1764424133542,747,626,1
1764424133542,742,626,1
1764424133558,737,626,1
1764424133574,730,626,1
1764424133574,724,626,1
1764424133589,719,626,1
1764424133589,714,626,1
1764424133605,708,626,1
1764424133605,704,626,1
1764424133605,700,626,1
1764424133621,696,625,1
1764424133621,691,625,1
1764424133637,687,624,1
1764424133637,681,623,1
1764424133653,677,623,1
1764424133669,673,622,1
1764424133669,667,621,1
1764424133684,663,619,1
1764424133684,657,618,1
1764424133700,651,617,1
1764424133700,647,615,1
1764424133716,642,613,1
1764424133716,637,612,1
1764424133732,632,610,1
1764424133732,628,609,1
1764424133748,622,607,1
1764424133748,617,605,1
1764424133764,612,603,1
1764424133764,607,601,1
1764424133780,603,600,1
1764424133780,598,598,1
1764424133796,594,596,1
1764424133796,588,594,1
1764424133811,583,592,1
1764424133811,577,589,1
1764424133827,573,587,1
1764424133827,568,584,1
1764424133846,565,581,1
1764424133846,561,579,1
1764424133859,558,576,1
1764424133859,554,573,1
1764424133875,551,571,1
1764424133875,548,568,1
1764424133891,546,566,1
1764424133891,544,564,1
1764424133907,541,561,1
1764424133907,539,559,1
1764424133923,537,557,1
1764424133923,535,555,1
1764424133938,534,552,1
1764424133938,532,549,1
1764424133955,530,547,1
1764424133955,528,545,1
1764424133971,526,541,1
1764424133971,523,538,1
1764424133986,521,534,1
1764424133986,518,530,1
1764424134002,515,525,1
1764424134002,512,520,1
1764424134018,508,514,1
1764424134018,506,510,1
1764424134034,503,504,1
1764424134034,500,499,1
1764424134050,497,494,1
1764424134050,495,490,1
1764424134066,494,487,1
1764424134066,492,482,1
1764424134082,490,479,1
1764424134082,488,474,1
1764424134098,487,471,1
1764424134098,485,466,1
1764424134114,483,463,1
1764424134114,481,459,1
1764424134131,480,454,1
1764424134131,478,450,1
1764424134146,476,445,1
1764424134146,474,439,1
1764424134161,473,435,1
1764424134161,472,431,1
1764424134177,470,426,1
1764424134177,470,422,1
1764424134193,468,417,1
1764424134193,467,412,1
1764424134209,466,406,1
1764424134209,465,402,1
1764424134225,465,396,1
1764424134225,464,392,1
1764424134241,464,386,1
1764424134241,464,381,1
1764424134257,464,377,1
1764424134257,464,371,1
1764424134272,464,367,1
1764424134272,464,363,1
1764424134288,464,358,1
1764424134288,464,354,1
1764424134304,464,350,1
1764424134304,464,345,1
1764424134320,464,340,1
1764424134320,464,335,1
1764424134336,464,330,1
1764424134336,464,325,1
1764424134353,465,321,1
1764424134353,465,317,1
1764424134368,466,312,1
1764424134368,467,308,1
1764424134383,468,305,1
1764424134383,468,302,1
1764424134399,468,298,1
1764424134399,469,295,1
1764424134415,470,291,1
1764424134431,471,288,1
1764424134431,471,285,1
1764424134431,471,283,1
1764424134447,471,280,1
1764424134447,472,277,1
1764424134463,472,275,1
1764424134463,473,273,1
1764424134478,474,271,1
1764424134478,474,268,1
1764424134494,475,266,1
1764424134494,476,264,1
1764424134510,477,262,1
1764424134526,477,259,1
1764424134526,478,257,1
1764424134541,480,254,1
1764424134541,480,252,1
1764424134541,481,250,1
1764424134557,483,248,1
1764424134573,484,245,1
1764424134573,486,242,1
1764424134589,487,240,1
1764424134589,489,237,1
1764424134605,490,235,1
1764424134605,493,231,1
1764424134605,495,228,1
1764424134621,498,224,1
1764424134621,500,222,1
1764424134637,503,219,1
1764424134653,505,215,1
1764424134653,508,213,1
1764424134653,511,209,1
1764424134669,515,207,1
1764424134669,518,203,1
1764424134685,521,201,1
1764424134685,524,198,1
1764424134700,528,195,1
1764424134716,530,193,1
1764424134716,534,190,1
1764424134732,536,188,1
1764424134732,538,186,1
1764424134748,542,183,1
1764424134748,544,181,1
1764424134764,546,179,1
1764424134764,548,178,1
1764424134779,551,176,1
1764424134779,553,174,1
1764424134795,555,173,1
1764424134795,557,171,1
1764424134811,561,170,1
1764424134811,563,168,1
1764424134827,565,167,1
1764424134827,567,165,1
1764424134843,570,164,1
1764424134843,572,162,1
1764424134860,575,160,1
1764424134860,579,158,1
1764424134874,582,156,1
1764424134874,584,155,1
1764424134890,587,153,1
1764424134890,591,151,1
1764424134906,594,150,1
1764424134906,597,148,1
1764424134922,600,146,1
1764424134922,603,146,1
1764424134938,606,144,1
1764424134938,608,143,1
1764424134954,611,142,1
1764424134954,613,141,1
1764424134970,615,140,1
1764424134970,617,139,1
1764424134986,619,138,1
1764424134986,621,137,1
1764424135002,623,136,1
1764424135002,624,135,1
1764424135018,626,135,1
1764424135018,628,134,1
1764424135033,630,132,1
1764424135033,632,132,1
1764424135049,634,131,1
1764424135049,637,130,1
1764424135069,639,129,1
1764424135074,641,127,1
1764424135083,643,127,1
1764424135083,645,126,1
1764424135097,648,125,1
1764424135097,650,124,1
1764424135113,652,124,1
1764424135113,654,123,1
1764424135129,657,123,1
1764424135129,659,122,1
1764424135145,662,121,1
1764424135145,664,121,1
1764424135161,666,120,1
1764424135161,669,120,1
1764424135176,672,119,1
1764424135176,674,118,1
1764424135192,676,118,1
1764424135192,679,118,1
1764424135208,682,118,1
1764424135208,684,118,1
1764424135224,687,118,1
1764424135224,690,118,1
1764424135240,692,117,1
1764424135240,695,117,1
1764424135255,698,117,1
1764424135255,701,117,1
1764424135271,704,117,1
1764424135271,707,117,1
1764424135287,709,117,1
1764424135287,712,117,1
1764424135303,715,117,1
1764424135303,717,117,1
1764424135318,720,117,1
1764424135318,722,117,1
1764424135334,725,117,1
1764424135334,728,117,1
1764424135350,731,117,1
1764424135350,735,117,1
1764424135366,739,117,1
1764424135366,742,117,1
1764424135382,745,117,1
1764424135398,748,117,1
1764424135398,751,117,1
1764424135398,754,117,1
1764424135414,757,117,1
1764424135430,760,117,1
1764424135430,762,117,1
1764424135446,764,117,1
1764424135446,767,117,1
1764424135461,769,117,1
1764424135461,771,118,1
1764424135477,773,118,1
1764424135477,774,118,1
1764424135494,776,118,1
1764424135495,777,118,1
1764424135495,778,119,1
1764424135509,780,119,1
1764424135509,780,120,1
1764424135525,781,120,1
1764424135541,783,120,1
1764424135541,784,120,1
1764424135541,786,121,1
1764424135557,788,122,1
1764424135557,791,123,1
1764424135573,793,123,1
1764424135573,795,124,1
1764424135589,797,125,1
1764424135589,799,125,1
1764424135604,801,126,1
1764424135620,802,127,1
1764424135620,804,128,1
1764424135636,807,128,1
1764424135636,808,129,1
1764424135652,810,129,1
1764424135652,812,130,1
1764424135668,814,130,1
1764424135668,816,131,1
1764424135684,818,133,1
1764424135684,820,133,1
1764424135700,823,135,1
1764424135702,825,136,1
1764424135715,827,137,1
1764424135715,829,139,1
1764424135731,831,139,1
1764424135731,834,141,1
1764424135747,836,142,1
1764424135747,839,144,1
1764424135763,841,145,1
1764424135763,844,147,1
1764424135779,846,148,1
1764424135779,848,151,1
1764424135795,850,152,1
1764424135795,853,154,1
1764424135811,855,157,1
1764424135811,857,158,1
1764424135826,860,161,1
1764424135826,861,163,1
1764424135842,863,165,1
1764424135842,865,167,1
1764424135858,866,170,1
1764424135858,868,172,1
1764424135874,869,175,1
1764424135874,872,179,1
1764424135890,874,182,1
1764424135890,876,185,1
1764424135906,879,189,1
1764424135906,881,192,1
1764424135922,885,196,1
1764424135922,888,199,1
1764424135938,890,203,1
1764424135938,893,206,1
1764424135954,896,210,1
1764424135954,898,212,1
1764424135969,899,214,1
1764424135969,901,217,1
1764424135986,903,220,1
1764424135986,905,222,1
1764424136001,907,224,1
1764424136001,909,227,1
1764424136017,910,229,1
1764424136017,912,231,1
1764424136033,913,233,1
1764424136033,914,235,1
1764424136049,916,237,1
1764424136049,917,239,1
1764424136065,919,241,1
1764424136065,920,243,1
1764424136080,923,245,1
1764424136080,924,247,1
1764424136096,926,249,1
1764424136096,927,251,1
1764424136112,929,253,1
1764424136112,930,255,1
1764424136128,931,257,1
1764424136128,932,258,1
1764424136143,933,261,1
1764424136143,934,263,1
1764424136160,936,265,1
1764424136160,938,268,1
1764424136175,939,271,1
1764424136175,941,273,1
1764424136192,941,275,1
1764424136192,944,277,1
1764424136207,945,280,1
1764424136207,947,283,1
1764424136223,948,286,1
1764424136223,950,289,1
1764424136239,952,294,1
1764424136239,953,297,1
1764424136254,955,300,1
1764424136254,956,304,1
1764424136270,957,307,1
1764424136270,958,310,1
1764424136286,959,313,1
1764424136286,961,318,1
1764424136303,962,321,1
1764424136303,962,324,1
1764424136318,963,328,1
1764424136318,964,331,1
1764424136334,965,334,1
1764424136334,966,337,1
1764424136350,966,340,1
1764424136350,967,343,1
1764424136366,968,347,1
1764424136366,969,351,1
1764424136381,969,354,1
1764424136381,970,358,1
1764424136397,970,362,1
1764424136397,971,367,1
1764424136413,972,372,1
1764424136413,973,378,1
1764424136429,973,383,1
1764424136429,974,389,1
1764424136445,974,394,1
1764424136445,975,400,1
1764424136460,975,405,1
1764424136460,976,411,1
1764424136476,976,416,1
1764424136476,976,422,1
1764424136492,976,427,1
1764424136492,976,433,1
1764424136508,976,437,1
1764424136524,976,441,1
1764424136524,976,446,1
1764424136540,976,451,1
1764424136540,976,455,1
1764424136556,976,458,1
1764424136556,976,461,1
1764424136572,976,464,1
1764424136572,976,467,0
1764424136588,975,471,0
1764424136588,975,474,0
1764424136603,974,477,0
1764424136603,973,481,0
1764424136619,973,485,0
1764424136619,971,490,0
1764424136635,970,493,0
1764424136635,968,498,0
1764424136651,967,501,0
1764424136651,965,504,0
1764424136667,964,507,0
1764424136667,962,512,0
1764424136683,961,516,0
1764424136683,958,520,0
1764424136699,956,524,0
1764424136699,953,529,0
1764424136715,951,534,0
1764424136715,947,538,0
1764424136731,943,543,0
1764424136731,939,548,0
1764424136747,935,553,0
1764424136747,932,556,0
1764424136763,928,560,0
1764424136763,924,564,0
1764424136779,921,567,0
1764424136779,917,571,0
1764424136795,913,575,0
1764424136795,910,577,0
1764424136811,907,580,0
1764424136811,904,581,0
1764424136827,902,583,0
1764424136827,900,584,0
1764424136843,898,586,0
1764424136843,897,586,0
1764424136859,896,587,0
1764424136860,894,588,0
1764424136875,893,589,0
1764424136891,892,590,0
1764424136891,891,590,0
1764424136907,889,591,0
1764424136907,888,592,0
1764424136922,886,592,0
1764424136922,885,593,0
1764424136938,884,594,0
1764424136938,881,594,0
1764424136954,879,595,0
1764424136954,877,596,0
1764424136970,875,597,0
1764424136970,872,598,0
1764424136986,869,599,0
1764424136986,866,600,0
1764424137002,863,600,1
1764424137002,860,601,1
1764424137018,856,602,1
1764424137018,853,604,1
1764424137034,850,604,1
1764424137034,845,605,1
1764424137050,841,606,1
1764424137050,835,607,1
1764424137068,831,608,1
1764424137072,827,609,1
1764424137082,821,609,1
1764424137082,816,609,1
1764424137097,810,610,1
1764424137097,805,610,1
1764424137113,799,610,1
1764424137113,794,611,1
1764424137129,787,611,1
1764424137129,780,612,1
1764424137145,773,612,1
1764424137145,766,613,1
1764424137161,760,613,1
1764424137161,754,614,1
1764424137177,749,614,1
1764424137177,745,614,1
1764424137193,740,614,1
1764424137193,737,614,1
1764424137209,734,614,1
1764424137209,730,614,1
1764424137225,727,614,1
1764424137225,724,614,1
1764424137241,720,614,1
1764424137241,716,614,1
1764424137257,712,614,1
1764424137257,708,614,1
1764424137273,704,614,1
1764424137273,699,614,1
1764424137289,694,614,1
1764424137289,689,614,1
1764424137305,685,613,1
1764424137305,681,613,1
1764424137321,677,612,1
1764424137321,674,611,1
1764424137337,672,610,1
1764424137337,669,609,1
1764424137353,666,608,1
1764424137353,661,606,1
1764424137369,657,604,1
1764424137369,651,601,1
1764424137384,645,599,1
1764424137384,639,596,1
1764424137400,633,593,1
1764424137400,629,590,1
1764424137416,625,588,1
1764424137416,622,587,1
1764424137431,618,584,1
1764424137431,616,583,1
1764424137447,614,581,1
1764424137447,611,579,1
1764424137463,607,576,1
1764424137463,605,574,1
1764424137479,601,571,1
1764424137479,599,570,1
1764424137494,597,567,1
1764424137494,594,564,1
1764424137511,592,560,1
1764424137511,589,557,1
1764424137526,586,553,1
1764424137526,584,550,1
1764424137542,580,546,1
1764424137542,578,543,1
1764424137571,571,536,1
1764424137574,569,532,1
1764424137574,566,529,1
1764424137590,564,525,0
1764424137590,560,520,0
1764424137605,556,516,0
1764424137605,553,511,0
1764424137621,550,506,0
1764424137637,546,502,0
1764424137637,544,498,0
1764424137653,541,495,0
1764424137653,539,491,0
1764424137653,536,488,0
1764424137669,534,484,0
1764424137685,533,481,0
1764424137685,531,478,0
1764424137700,529,474,0
1764424137700,528,471,0
1764424137716,526,468,0
1764424137716,525,465,0
1764424137732,523,461,0
1764424137732,521,458,0
1764424137748,520,455,0
1764424137748,518,451,0
1764424137764,516,449,0
1764424137764,516,446,0
1764424137780,514,444,0
1764424137780,513,441,0
1764424137796,512,438,0
1764424137796,510,434,0
1764424137812,508,430,0
1764424137812,507,426,0
1764424137828,505,423,1
1764424137828,503,420,1
1764424137844,502,417,1
1764424137844,501,413,1
1764424137860,499,410,1
1764424137860,498,406,1
1764424137875,496,401,1
1764424137875,494,397,1
1764424137891,491,392,1
1764424137891,489,387,1
1764424137907,487,383,1
1764424137907,486,377,1
1764424137923,484,373,1
1764424137923,482,368,1
1764424137939,480,365,1
1764424137939,480,362,1
1764424137955,478,357,1
1764424137955,477,353,1
1764424137971,476,348,1
1764424137971,475,344,1
1764424137987,475,340,1
1764424137987,474,336,1
1764424138003,474,332,1
1764424138003,474,327,1
1764424138019,474,323,1
1764424138019,474,319,1
1764424138035,474,315,1
1764424138035,474,311,1
1764424138051,474,307,1
1764424138051,474,303,1
1764424138067,474,299,1
1764424138068,474,294,1
1764424138082,474,290,1
1764424138082,475,285,1
1764424138098,476,280,1
1764424138098,477,276,1
1764424138114,478,272,1
1764424138114,480,267,1
1764424138130,480,264,1
1764424138130,481,262,1
1764424138146,483,259,1
1764424138146,483,256,1
1764424138162,485,252,1
1764424138162,486,249,1
1764424138178,487,247,1
1764424138178,488,245,1
1764424138194,489,243,1
1764424138194,490,240,1
1764424138210,490,239,1
1764424138210,492,237,1
1764424138226,492,235,1
1764424138226,494,232,1
1764424138242,495,230,1
1764424138242,496,228,1
1764424138258,498,226,1
1764424138258,499,223,1
1764424138274,501,221,1
1764424138274,502,219,1
1764424138290,504,217,1
1764424138290,507,214,1
1764424138306,508,212,1
1764424138306,511,210,1
1764424138322,513,207,1
1764424138322,516,204,1
1764424138339,518,202,1
1764424138339,521,198,1
1764424138355,525,195,1
1764424138355,528,193,1
1764424138371,531,190,1
1764424138371,534,188,1
1764424138387,538,185,1
1764424138387,541,183,1
1764424138403,543,180,1
1764424138403,547,178,1
1764424138418,550,175,1
1764424138418,554,173,1
1764424138436,557,170,1
1764424138441,561,167,1
1764424138450,563,166,1
1764424138450,566,163,1
1764424138466,569,162,1
1764424138466,571,160,1
1764424138482,573,159,1
1764424138482,575,157,1
1764424138498,579,156,1
1764424138498,581,154,1
1764424138514,583,153,1
1764424138514,586,151,1
1764424138530,589,150,1
1764424138530,593,148,1
1764424138546,595,146,1
1764424138546,598,146,1
1764424138562,600,144,1
1764424138562,603,143,1
1764424138578,605,143,1
1764424138578,607,142,1
1764424138594,609,141,1
1764424138594,611,140,1
1764424138610,614,140,1
1764424138610,617,139,1
1764424138626,621,137,1
1764424138626,624,137,1
1764424138642,627,136,1
1764424138642,630,136,1
1764424138657,633,136,1
1764424138657,636,135,1
1764424138673,639,134,1
1764424138673,642,134,1
1764424138689,645,133,1
1764424138689,648,133,1
1764424138705,651,133,1
1764424138705,654,132,1
1764424138721,657,132,1
1764424138721,660,132,1
1764424138737,664,132,1
1764424138737,668,132,1
1764424138752,673,131,1
1764424138752,676,131,1
1764424138768,679,131,1
1764424138768,681,131,1
1764424138784,683,131,1
1764424138784,686,131,1
1764424138800,689,131,1
1764424138800,692,130,1
1764424138816,695,130,1
1764424138816,698,130,1
1764424138835,701,130,1
1764424138836,705,130,1
1764424138848,708,130,1
1764424138848,711,130,1
1764424138864,714,130,1
1764424138864,717,130,1
1764424138880,719,130,1
1764424138880,722,130,1
1764424138896,724,130,1
1764424138896,726,130,1
1764424138912,729,130,1
1764424138912,731,130,1
1764424138928,734,130,1
1764424138928,737,130,1
1764424138944,740,130,1
1764424138944,743,130,1
1764424138960,746,130,1
1764424138960,748,130,1
1764424138976,751,130,1
1764424138976,754,130,1
1764424138992,757,130,1
1764424138992,759,130,1
1764424139008,762,130,1
1764424139008,764,130,1
1764424139024,766,131,1
1764424139024,768,132,1
1764424139045,770,132,1
1764424139050,773,132,1
1764424139056,775,133,1
1764424139056,778,134,1
1764424139071,780,135,1
1764424139071,782,135,1
1764424139087,785,136,1
1764424139087,788,137,1
1764424139103,791,138,1
1764424139103,794,138,1
1764424139118,797,140,1
1764424139134,800,141,1
1764424139134,803,142,1
1764424139150,807,143,1
1764424139150,810,144,1
1764424139166,813,146,1
1764424139166,815,146,1
1764424139166,817,147,1
1764424139182,820,149,1
1764424139182,821,149,1
1764424139197,822,150,1
1764424139213,825,152,1
1764424139213,826,152,1
1764424139213,826,153,1
1764424139229,827,153,1
1764424139245,828,153,1
1764424139245,830,155,1
1764424139245,831,156,1
1764424139261,833,158,1
1764424139261,836,159,1
1764424139277,837,161,1
1764424139292,839,162,1
1764424139292,842,164,1
1764424139308,843,165,1
1764424139308,844,166,1
1764424139324,846,167,1
1764424139324,847,168,1
1764424139340,848,169,1
1764424139340,850,170,1
1764424139356,851,171,1
1764424139356,853,171,1
1764424139371,854,173,1
1764424139371,855,174,1
1764424139387,858,176,1
1764424139387,859,176,1
1764424139403,861,178,1
1764424139403,864,179,1
1764424139419,866,181,1
1764424139419,868,182,1
1764424139435,870,183,1
1764424139435,872,184,1
1764424139451,874,185,1
1764424139451,875,187,1
1764424139467,877,187,1
1764424139467,878,189,1
1764424139483,880,190,1
1764424139483,882,191,1
1764424139499,884,192,1
1764424139499,885,193,1
1764424139515,887,195,1
1764424139515,888,196,1
1764424139531,890,197,1
1764424139531,892,199,1
1764424139547,893,200,1
1764424139547,895,202,1
1764424139562,897,203,1
1764424139562,898,205,1
1764424139580,900,207,1
1764424139580,901,208,1
1764424139594,904,211,1
1764424139594,906,213,1
1764424139610,907,215,1
1764424139610,910,218,1
1764424139626,911,220,1
1764424139626,913,222,1
1764424139641,916,226,1
1764424139641,918,228,1
1764424139657,919,230,1
1764424139657,921,232,1
1764424139673,922,234,1
1764424139673,923,236,1
1764424139689,924,237,1
1764424139689,925,239,1
1764424139705,926,240,1
1764424139705,927,241,1
1764424139721,928,243,1
1764424139721,929,244,1
1764424139737,931,246,1
1764424139737,932,248,1
1764424139753,933,249,1
1764424139753,934,252,1
1764424139769,936,254,1
1764424139769,936,255,1
1764424139788,937,257,1
1764424139791,938,259,1
1764424139800,938,261,1
1764424139800,939,262,1
1764424139816,939,263,1
1764424139816,940,264,1
1764424139832,940,265,1
1764424139832,941,268,1
1764424139848,942,269,1
1764424139848,943,271,1
1764424139867,943,273,1
1764424139867,944,276,1
1764424139880,945,279,1
1764424139880,946,282,1
1764424139896,946,284,1
1764424139896,947,287,1
1764424139912,948,289,1
1764424139912,949,291,1
1764424139928,949,294,1
1764424139928,950,296,1
1764424139944,951,298,1
1764424139944,952,301,1
1764424139960,952,304,1
1764424139960,953,307,1
1764424139976,954,310,1
1764424139976,954,312,1
1764424139992,955,315,1
1764424139992,955,319,1
1764424140008,956,322,1
1764424140008,957,325,1
1764424140023,958,328,1
1764424140023,958,331,1
1764424140039,959,333,1
1764424140039,959,336,1
1764424140055,959,338,1
1764424140055,960,341,1
1764424140073,961,343,1
1764424140073,961,346,1
1764424140086,962,348,1
1764424140086,962,350,1
1764424140102,962,352,1
1764424140118,962,354,1
1764424140118,963,356,1
1764424140118,963,359,1
1764424140134,964,361,1
1764424140134,964,363,1
1764424140156,964,365,1
1764424140156,964,367,1
1764424140166,964,370,1
1764424140166,964,372,1
1764424140182,964,375,1
1764424140182,964,378,1
1764424140197,965,381,1
1764424140213,965,384,1
1764424140219,965,387,1
1764424140219,965,390,1
1764424140229,965,393,1
1764424140229,965,395,1
1764424140244,965,398,1
1764424140260,965,400,1
1764424140260,965,402,1
1764424140276,965,404,1
1764424140276,965,406,1
1764424140292,965,409,1
1764424140292,964,412,1
1764424140308,964,415,1
1764424140308,963,418,1
1764424140324,962,422,1
1764424140324,962,426,1
1764424140340,961,430,1
1764424140340,960,433,1
1764424140356,960,436,1
1764424140356,959,440,1
1764424140372,958,443,1
1764424140372,957,446,1
1764424140388,957,448,1
1764424140388,957,450,1
1764424140388,956,452,1
1764424140404,955,454,1
1764424140419,954,456,1
1764424140421,954,457,1
1764424140435,954,458,1
1764424140435,954,460,1
1764424140451,953,461,1
1764424140451,953,462,1
1764424140467,952,465,1
1764424140467,952,466,1
1764424140483,952,467,1
1764424140483,951,469,1
1764424140499,950,470,1
1764424140499,950,471,1
1764424140515,949,473,1
1764424140515,949,475,1
1764424140531,948,476,1
1764424140531,947,477,1
1764424140547,947,480,1
1764424140547,945,482,1
1764424140563,944,484,1
1764424140563,944,485,1
1764424140579,943,487,1
1764424140579,942,488,1
1764424140595,942,490,1
1764424140595,942,491,1
1764424140610,941,492,1
1764424140610,941,494,1
1764424140626,940,495,1
1764424140626,940,496,1
1764424140643,940,497,1
1764424140643,939,498,1
1764424140659,939,499,1
1764424140675,938,500,1
1764424140675,937,501,1
1764424140691,937,502,1
1764424140691,937,503,1
1764424140707,936,504,1
1764424140707,935,506,1
1764424140723,935,507,1
1764424140723,934,508,1
1764424140739,933,510,1
1764424140739,932,511,1
1764424140755,931,512,1
1764424140755,930,514,1
1764424140771,929,515,1
1764424140771,928,517,1
1764424140786,928,518,1
1764424140786,926,519,1
1764424140802,925,521,1
1764424140802,923,523,1
1764424140818,922,525,1
1764424140818,921,526,1
1764424140834,920,528,1
1764424140834,919,529,1
1764424140850,918,532,1
1764424140850,916,534,1
1764424140866,914,536,1
1764424140866,912,539,1
1764424140882,911,540,1
1764424140882,909,541,1
1764424140898,908,544,1
1764424140898,907,545,1
1764424140914,906,546,1
1764424140914,904,548,1
1764424140929,903,550,1
1764424140947,902,550,1
1764424140947,901,552,1
1764424140961,899,552,1
1764424140961,898,554,1
1764424140977,896,555,1
1764424140977,895,556,1
1764424140993,894,558,1
1764424140993,892,559,1
1764424141009,890,560,1
1764424141025,889,562,1
1764424141042,888,562,1
1764424141042,887,563,1
1764424141058,886,563,1
1764424141058,885,564,1
1764424141073,884,565,1
1764424141073,883,565,1
1764424141089,882,566,1
1764424141089,880,567,1
1764424141105,878,567,1
1764424141105,876,569,1
1764424141121,874,570,1
1764424141121,871,570,1
1764424141137,868,572,1
1764424141137,866,573,1
1764424141152,863,574,1
1764424141152,861,575,1
1764424141168,858,576,1
1764424141168,856,577,1
1764424141184,853,578,1
1764424141184,850,579,1
1764424141200,847,581,1
1764424141200,844,582,1
1764424141216,840,584,1
1764424141216,837,584,1
1764424141232,834,585,1
1764424141232,831,586,1
1764424141248,829,587,1
1764424141248,827,587,1
1764424141264,825,588,1
1764424141264,823,589,1
1764424141283,822,589,1
1764424141283,821,589,1
1764424141295,819,590,1
1764424141295,817,591,1
1764424141311,815,592,1
1764424141311,813,592,1
1764424141327,811,592,1
1764424141327,808,593,1
1764424141343,806,594,1
1764424141343,804,594,1
1764424141359,802,595,1
1764424141359,800,595,1
1764424141375,797,596,1
1764424141375,796,596,1
1764424141391,795,596,1
1764424141391,793,596,1
1764424141406,791,597,1
1764424141406,788,597,1
1764424141422,786,597,1
1764424141422,784,597,1
1764424141438,781,597,1
1764424141438,778,597,1
1764424141454,775,597,1
1764424141454,772,597,1
1764424141469,769,597,1
1764424141485,766,598,1
1764424141485,763,598,1
1764424141485,760,598,1
1764424141501,758,598,1
1764424141516,756,598,1
1764424141516,754,598,1
1764424141532,751,598,1
1764424141532,750,598,1
1764424141532,748,598,1
1764424141548,746,598,1
1764424141548,744,598,1
1764424141564,742,599,1
1764424141564,739,599,1
1764424141580,737,599,1
1764424141596,735,599,1
1764424141596,733,599,1
1764424141612,731,599,1
1764424141612,729,599,1
1764424141628,727,599,1
1764424141628,725,599,1
1764424141644,722,599,1
1764424141644,720,599,1
1764424141660,718,599,1
1764424141660,717,599,1
1764424141676,715,599,1
1764424141676,713,599,1
1764424141691,710,599,1
1764424141691,708,599,1
1764424141707,705,599,1
1764424141707,702,599,1
1764424141723,698,599,1
1764424141723,694,599,1
1764424141739,690,599,1
1764424141739,686,599,1
1764424141755,683,599,1
1764424141755,679,599,1
1764424141771,676,598,1
1764424141771,672,597,1
1764424141787,669,597,1
1764424141787,665,597,1
1764424141802,662,596,1
1764424141802,659,596,1
1764424141819,656,595,1
1764424141819,654,594,1
1764424141835,652,594,1
1764424141835,650,594,1
1764424141851,648,593,1
1764424141851,646,593,1
1764424141867,644,592,1
1764424141867,643,591,1
1764424141883,641,591,1
1764424141883,638,590,1
1764424141898,637,589,1
1764424141898,636,589,1
1764424141914,633,588,1
1764424141914,631,586,1
1764424141930,629,586,1
1764424141930,628,585,1
1764424141946,625,583,1
1764424141946,624,583,1
1764424141962,623,582,1
1764424141962,620,581,1
1764424141978,618,580,1
1764424141978,616,578,1
1764424141994,614,576,1
1764424141994,610,573,1
1764424142010,608,571,1
1764424142010,604,568,1
1764424142025,600,566,1
1764424142025,595,562,1
1764424142041,589,558,1
1764424142041,584,555,1
1764424142057,579,551,1
1764424142057,575,547,1
1764424142073,570,545,1
1764424142073,566,542,1
1764424142089,564,540,1
1764424142089,562,539,1
1764424142105,561,538,1
1764424142105,558,536,1
1764424142121,556,534,1
1764424142121,555,532,1
1764424142136,552,531,1
1764424142136,551,529,1
1764424142153,550,528,1
1764424142153,548,527,1
1764424142169,547,525,1
1764424142169,544,523,1
1764424142185,543,521,1
1764424142185,541,518,1
1764424142200,539,516,1
1764424142207,538,514,1
1764424142216,536,511,1
1764424142216,535,508,1
1764424142232,533,505,1
1764424142232,531,503,1
1764424142248,530,500,1
1764424142248,528,496,1
1764424142264,527,493,1
1764424142264,524,488,1
1764424142280,521,484,1
1764424142280,518,479,1
1764424142296,515,474,1
1764424142296,514,471,1
1764424142312,512,467,1
1764424142312,510,462,1
1764424142327,507,456,1
1764424142327,505,450,1
1764424142343,502,445,1
1764424142343,499,437,1
1764424142359,497,432,1
1764424142359,494,424,1
1764424142374,491,417,1
1764424142374,489,412,1
1764424142390,487,405,1
1764424142390,485,399,1
1764424142406,482,393,1
1764424142406,480,387,1
1764424142422,478,381,1
1764424142422,477,376,1
1764424142438,475,370,1
1764424142438,473,364,1
1764424142454,472,360,1
1764424142454,470,355,1
1764424142470,469,351,1
1764424142486,468,347,1
1764424142486,468,343,1
1764424142486,467,341,1
1764424142501,467,339,1
1764424142517,466,336,1
1764424142521,466,334,1
1764424142521,465,332,1
1764424142533,465,329,1
1764424142549,465,326,1
1764424142549,465,323,1
1764424142549,465,320,1
1764424142565,465,317,1
1764424142565,464,314,1
1764424142581,464,311,1
1764424142581,464,308,1
1764424142597,464,305,1
1764424142613,463,302,1
1764424142613,463,299,1
1764424142629,463,297,1
1764424142629,463,295,1
1764424142629,463,293,1
1764424142644,463,292,1
1764424142644,463,290,0
1764424142660,463,287,0
1764424142676,463,284,0
1764424142676,463,281,0
1764424142692,463,278,0
1764424142692,464,275,0
1764424142708,465,271,0
1764424142708,465,268,0
1764424142708,466,265,0
1764424142724,468,262,0
1764424142724,469,259,0
1764424142740,470,256,0
1764424142756,472,252,0
1764424142756,473,250,0
1764424142772,474,247,0
1764424142772,476,244,0
1764424142787,477,241,0
1764424142787,478,237,0
1764424142803,479,234,0
1764424142803,481,231,0
1764424142819,482,228,0
1764424142819,484,224,0
1764424142835,486,221,0
1764424142835,487,218,0
1764424142851,489,214,0
1764424142851,491,211,0
1764424142867,493,209,0
1764424142867,494,206,0
1764424142883,496,204,0
1764424142883,498,201,0
1764424142899,500,198,0
1764424142899,502,195,0
1764424142915,505,192,0
1764424142915,507,188,0
1764424142931,509,185,0
1764424142931,512,183,0
1764424142947,513,179,0
1764424142947,516,177,0
1764424142963,517,175,0
1764424142963,519,172,0
1764424142979,522,169,0
1764424142979,524,167,0
1764424142995,526,165,0
1764424142995,528,162,0
1764424143011,530,160,0
1764424143011,532,159,0
1764424143027,535,156,0
1764424143027,537,155,0
1764424143043,539,153,0
1764424143043,542,151,0
1764424143058,544,149,0
1764424143058,546,148,0
1764424143074,548,146,0
1764424143074,552,144,0
1764424143090,555,142,0
1764424143090,560,140,0
1764424143106,563,138,0
1764424143106,566,136,0
1764424143122,571,134,0
1764424143122,574,133,0
1764424143137,579,131,0
1764424143137,582,129,0
1764424143153,586,128,0
1764424143153,591,126,0
1764424143169,595,124,0
1764424143169,600,122,0
1764424143185,604,121,0
1764424143185,609,119,0
1764424143201,614,118,0
1764424143201,620,117,0
1764424143217,626,115,1
1764424143217,632,113,1
1764424143233,637,112,1
1764424143233,643,111,1
1764424143249,647,109,1
1764424143249,652,109,1
1764424143265,656,108,1
1764424143265,659,108,1
1764424143280,662,107,1
1764424143280,665,107,1
1764424143297,668,106,1
1764424143297,671,105,1
1764424143313,674,105,1
1764424143313,677,104,1
1764424143328,680,104,1
1764424143328,683,104,1
1764424143344,687,103,1
1764424143344,692,103,1
1764424143360,696,103,1
1764424143360,700,103,1
1764424143376,704,102,1
1764424143376,708,102,1
1764424143392,712,102,1
1764424143392,717,102,1
1764424143408,721,102,1
1764424143408,724,102,1
1764424143424,728,102,1
1764424143424,731,102,1
1764424143440,734,102,1
1764424143440,738,102,1
1764424143455,742,102,1
1764424143455,745,102,1
1764424143471,748,102,1
1764424143471,751,102,1
1764424143487,754,102,1
1764424143487,758,102,1
1764424143503,762,102,1
1764424143503,766,102,1
1764424143520,770,103,1
1764424143520,775,104,1
1764424143536,778,105,1
1764424143536,782,106,1
1764424143551,785,107,1
1764424143551,788,108,1
1764424143567,793,109,1
1764424143577,797,109,1
1764424143583,802,111,1
1764424143583,805,112,1
1764424143598,808,113,1
1764424143598,811,114,1
1764424143614,814,116,1
1764424143614,817,117,1
1764424143630,821,118,1
1764424143630,824,120,1
1764424143646,827,121,1
1764424143646,830,123,1
1764424143662,834,124,1
1764424143662,836,126,1
1764424143679,838,126,1
1764424143679,840,128,1
1764424143693,843,129,1
1764424143709,846,131,1
1764424143709,848,133,1
1764424143725,851,135,1
1764424143725,854,136,1
1764424143725,856,138,1
1764424143741,858,139,1
1764424143741,861,142,1
1764424143757,864,144,1
1764424143757,867,148,1
1764424143773,870,150,1
1764424143789,872,154,1
1764424143789,876,157,1
1764424143789,880,161,1
1764424143805,884,166,1
1764424143821,888,171,1
1764424143821,892,175,1
1764424143821,896,179,1
1764424143837,899,183,1
1764424143837,902,186,1
1764424143853,905,190,1
1764424143869,906,192,1
1764424143869,908,194,1
1764424143885,909,196,1
1764424143891,911,199,1
1764424143901,912,201,1
1764424143901,913,203,1
1764424143901,914,205,1
1764424143917,916,208,1
1764424143917,916,209,1
1764424143933,918,211,1
1764424143933,919,212,1
1764424143949,919,215,1
1764424143949,920,216,1
1764424143964,921,217,1
1764424143980,921,219,1
1764424143980,922,220,1
1764424143980,923,222,1
1764424143996,924,224,1
1764424144012,924,226,1
1764424144012,925,228,1
1764424144028,926,230,1
1764424144028,926,232,1
1764424144044,927,235,1
1764424144044,928,237,1
1764424144044,929,239,1
1764424144060,930,241,1
1764424144077,931,244,1
1764424144077,932,247,1
1764424144093,932,250,1
1764424144093,933,253,1
1764424144093,934,256,1
1764424144109,935,259,1
1764424144109,936,262,1
1764424144125,936,265,1
1764424144141,938,268,1
1764424144141,939,271,1
1764424144141,939,274,1
1764424144156,940,277,1
1764424144156,941,279,1
1764424144172,942,282,1
1764424144172,942,285,1
1764424144188,943,288,1
1764424144204,944,291,1
1764424144204,945,294,1
1764424144220,946,297,1
1764424144220,946,300,1
1764424144236,946,302,1
1764424144236,947,305,1
1764424144252,948,307,1
1764424144252,949,309,1
1764424144268,949,311,1
1764424144268,949,314,1
1764424144268,949,316,1
1764424144284,950,318,1
1764424144284,951,320,1
1764424144300,951,322,1
1764424144300,951,324,1
1764424144316,951,326,1
1764424144332,951,328,1
1764424144332,951,330,1
1764424144332,951,332,1
1764424144348,952,334,1
1764424144364,952,336,1
1764424144364,952,339,1
1764424144380,953,341,1
1764424144380,953,344,1
1764424144395,954,346,1
1764424144395,954,349,1
1764424144411,954,352,1
1764424144411,954,355,1
1764424144427,954,358,1
1764424144427,954,361,1
1764424144443,954,364,1
1764424144443,955,368,1
1764424144459,955,372,1
1764424144459,956,377,1
1764424144475,956,381,1
1764424144475,956,386,1
1764424144491,956,390,1
1764424144491,956,396,1
1764424144506,956,401,1
1764424144506,956,407,1
1764424144522,956,412,1
1764424144522,956,417,1
1764424144538,956,422,1
1764424144538,956,426,1
1764424144554,956,430,1
1764424144554,956,433,1
1764424144570,956,436,1
1764424144570,956,439,1
1764424144586,956,441,1
1764424144586,956,443,1
1764424144602,956,445,1
1764424144602,956,446,1
1764424144618,956,448,1
1764424144618,956,449,1
1764424144634,956,450,1
1764424144634,956,452,1
1764424144650,956,453,1
1764424144665,956,455,1
1764424144665,955,456,1
1764424144681,955,457,1
1764424144681,955,458,1
1764424144697,955,459,1
1764424144697,955,460,1
1764424144714,954,461,1
1764424144714,954,462,1
1764424144729,953,463,1
1764424144729,953,464,1
1764424144745,953,465,1
1764424144745,952,467,1
1764424144761,951,469,1
1764424144777,950,470,1
1764424144777,948,473,1
1764424144793,946,475,1
1764424144793,945,478,1
1764424144809,943,480,1
1764424144809,941,483,1
1764424144825,939,485,1
1764424144825,936,489,1
1764424144841,934,491,1
1764424144841,930,495,1
1764424144857,928,497,1
1764424144857,926,499,1
1764424144874,923,502,1
1764424144874,921,504,1
1764424144888,919,506,1
1764424144888,917,509,1
1764424144904,915,510,1
1764424144904,913,512,1
1764424144920,910,514,1
1764424144920,908,516,1
1764424144935,906,518,1
1764424144935,904,519,1
1764424144951,901,522,1
1764424144951,899,523,1
1764424144967,897,525,1
1764424144967,894,527,1
1764424144983,892,528,1
1764424144983,890,530,1
1764424144998,888,531,1
1764424144998,885,533,1
1764424145014,883,534,1
1764424145014,881,537,1
1764424145030,879,538,1
1764424145030,875,541,1
1764424145046,873,542,1
1764424145046,870,544,1
1764424145061,868,545,1
1764424145077,865,547,1
1764424145077,862,548,1
1764424145093,860,550,1
1764424145093,858,551,1
1764424145093,856,553,1
1764424145109,852,554,1
1764424145109,849,556,1
1764424145125,846,558,1
1764424145125,844,559,1
1764424145141,840,561,1
1764424145157,838,562,1
1764424145157,836,563,1
1764424145173,834,564,1
1764424145173,831,565,1
1764424145188,829,566,1
1764424145188,828,567,1
1764424145204,826,568,1
1764424145204,824,569,1
1764424145220,823,569,1
1764424145220,822,570,1
1764424145239,820,571,1
1764424145240,819,571,1
1764424145252,818,572,1
1764424145252,815,572,0
1764424145252,813,573,0
1764424145268,811,574,1
1764424145268,809,574,0
1764424145284,807,575,0
1764424145300,804,576,0
1764424145300,802,577,0
1764424145316,800,577,0
1764424145316,798,577,0
1764424145332,796,578,0
1764424145332,793,579,0
1764424145347,791,580,0
1764424145347,788,580,0
1764424145363,785,581,0
1764424145363,782,582,0
1764424145379,778,582,0
1764424145379,774,583,0
1764424145395,771,583,0
1764424145395,766,584,0
1764424145411,762,584,0
1764424145411,758,584,0
1764424145426,754,585,0
1764424145426,748,586,0
1764424145442,744,587,0
1764424145442,738,588,0
1764424145459,734,588,0
1764424145459,728,589,0
1764424145474,724,590,0
1764424145474,718,591,0
1764424145490,714,592,1
1764424145490,708,593,1
1764424145506,704,593,1
1764424145506,698,594,1
1764424145522,693,595,1
1764424145522,687,596,1
1764424145538,682,597,1
1764424145538,676,598,1
1764424145554,672,599,1
1764424145554,667,600,1
1764424145570,663,601,1
1764424145570,659,601,1
1764424145595,653,601,1
1764424145602,650,601,1
1764424145602,648,601,1
1764424145618,646,601,1
1764424145618,643,601,1
1764424145634,641,601,1
1764424145634,639,601,1
1764424145650,638,601,1
1764424145650,636,601,1
1764424145666,634,601,1
1764424145666,632,601,1
1764424145682,631,601,1
1764424145682,629,601,1
1764424145698,627,601,1
1764424145698,625,601,1
1764424145713,623,600,1
1764424145713,622,600,1
1764424145730,620,599,1
1764424145730,618,599,1
1764424145745,616,598,1
1764424145745,615,598,1
1764424145761,613,596,1
1764424145761,610,596,1
1764424145777,609,595,1
1764424145777,607,593,1
1764424145793,605,592,1
1764424145793,602,590,1
1764424145808,600,589,1
1764424145808,598,587,1
1764424145824,595,585,1
1764424145824,592,583,1
1764424145840,591,582,1
1764424145856,589,580,1
1764424145856,586,578,1
1764424145872,582,575,1
1764424145872,580,573,1
1764424145887,576,570,1
1764424145887,574,569,1
1764424145903,572,566,1
1764424145903,570,565,1
1764424145919,567,563,1
1764424145919,566,562,1
1764424145935,564,560,1
1764424145935,561,558,1
1764424145951,560,556,1
1764424145951,558,554,1
1764424145967,555,553,1
1764424145967,553,551,1
1764424145982,551,549,1
1764424145982,549,548,1
1764424145998,547,547,1
1764424145998,546,546,1
1764424146014,544,545,1
1764424146014,543,544,1
1764424146030,542,544,1
1764424146030,541,542,1
1764424146045,540,541,1
1764424146045,538,539,1
1764424146061,537,538,1
1764424146077,535,537,1
1764424146077,534,535,1
1764424146077,533,533,1
1764424146093,531,531,1
1764424146109,529,528,1
1764424146109,526,525,1
1764424146125,525,523,1
1764424146125,523,519,1
1764424146125,521,516,1
1764424146141,520,514,1
1764424146156,518,512,1
1764424146156,517,509,1
1764424146173,515,505,1
1764424146173,514,502,1
1764424146189,512,499,1
1764424146189,510,495,1
1764424146189,509,492,1
1764424146204,509,489,1
1764424146220,507,485,1
1764424146220,505,480,1
1764424146220,503,476,1
1764424146236,502,471,1
1764424146252,502,467,1
1764424146252,500,463,1
1764424146268,499,458,1
1764424146268,497,454,1
1764424146284,497,451,1
1764424146284,496,448,1
1764424146300,496,445,1
1764424146300,496,442,1
1764424146300,494,438,1
1764424146316,493,435,1
1764424146332,491,432,1
1764424146332,491,428,1
1764424146332,489,424,1
1764424146348,488,421,1
1764424146364,487,418,1
1764424146364,487,415,1
1764424146380,486,411,1
1764424146380,484,407,1
1764424146397,484,405,1
1764424146397,483,402,1
1764424146412,483,399,1
1764424146412,482,397,1
1764424146427,481,394,1
1764424146427,481,392,1
1764424146444,480,389,1
1764424146444,480,386,1
1764424146459,480,383,1
1764424146459,479,380,1
1764424146476,478,376,1
1764424146476,477,372,1
1764424146491,477,369,1
1764424146491,477,365,1
1764424146507,477,362,1
1764424146507,477,358,1
1764424146523,477,355,1
1764424146523,476,351,1
1764424146539,476,348,1
1764424146539,476,345,1
1764424146555,476,342,1
1764424146555,476,339,1
1764424146571,476,336,1
1764424146571,476,333,1
1764424146587,476,330,1
1764424146587,476,328,1
1764424146607,476,325,1
1764424146610,476,322,1
1764424146619,476,320,1
1764424146619,476,317,1
1764424146634,476,315,1
1764424146634,476,312,1
1764424146651,476,310,1
1764424146651,476,306,1
1764424146666,477,303,1
1764424146666,477,301,1
1764424146683,478,299,1
1764424146683,479,297,1
1764424146698,479,295,1
1764424146698,479,292,1
1764424146714,480,289,1
1764424146714,481,286,1
1764424146730,482,282,1
1764424146730,483,279,1
1764424146746,485,275,1
1764424146746,486,272,1
1764424146762,487,270,1
1764424146762,487,267,1
1764424146778,488,264,1
1764424146778,490,262,1
1764424146794,491,260,1
1764424146794,492,257,1
1764424146810,493,255,1
1764424146810,495,253,1
1764424146826,496,251,1
1764424146826,498,248,1
1764424146843,499,246,1
1764424146843,501,244,1
1764424146858,502,241,1
1764424146858,505,237,1
1764424146874,508,234,1
1764424146874,509,230,1
1764424146890,512,226,1
1764424146890,515,222,1
1764424146906,517,219,1
1764424146906,519,217,1
1764424146922,520,214,1
1764424146922,522,212,1
1764424146938,523,210,1
1764424146938,526,208,1
1764424146954,527,205,1
1764424146954,529,203,1
1764424146970,531,201,1
1764424146970,532,199,1
1764424146986,534,196,1
1764424146986,535,194,1
1764424147001,537,193,1
1764424147001,538,190,1
1764424147017,540,188,1
1764424147017,541,187,1
1764424147033,543,185,1
1764424147033,544,184,1
1764424147050,545,183,1
1764424147050,546,181,1
1764424147065,547,181,1
1764424147065,548,179,1
1764424147081,549,178,1
1764424147081,551,176,1
1764424147097,552,175,1
1764424147097,554,173,1
1764424147113,556,172,1
1764424147113,557,171,1
1764424147129,560,169,1
1764424147129,561,168,1
1764424147145,562,166,1
1764424147145,565,165,1
1764424147161,566,163,1
1764424147161,567,162,1
1764424147176,570,160,1
1764424147176,572,159,1
1764424147192,573,158,1
1764424147192,576,157,1
0,0,0,0
1764424147208,577,156,1
1764424147208,579,155,1
1764424147224,581,154,1
1764424147224,584,153,1
1764424147240,587,152,1
1764424147240,590,151,1
1764424147256,593,149,1
1764424147256,596,148,1
1764424147272,599,148,1
1764424147272,601,148,1
1764424147288,605,147,1
1764424147288,608,146,1
1764424147304,611,145,1
1764424147304,613,145,1
1764424147320,616,144,1
1764424147320,619,143,1
1764424147336,622,142,1
1764424147336,625,141,1
1764424147352,627,141,1
1764424147352,630,140,1
1764424147368,633,139,1
1764424147368,636,138,1
1764424147383,639,137,1
1764424147383,641,137,1
1764424147399,643,136,1
1764424147399,646,135,1
1764424147415,647,135,1
1764424147415,649,135,1
1764424147431,650,134,1
1764424147431,652,134,1
1764424147447,653,133,1
1764424147447,655,133,1
1764424147462,657,133,1
1764424147462,659,132,1
1764424147478,661,132,1
1764424147478,663,131,1
1764424147494,665,130,1
1764424147494,668,130,1
1764424147510,670,130,1
1764424147510,672,130,1
1764424147526,675,130,1
1764424147526,677,129,1
1764424147542,679,129,1
1764424147558,681,129,1
1764424147558,684,129,1
1764424147574,686,129,1
1764424147574,689,129,1
1764424147574,692,129,1
1764424147590,695,128,1
1764424147590,698,128,1
1764424147605,701,128,1
1764424147605,704,128,1
1764424147621,707,128,1
1764424147621,710,128,1
1764424147637,713,128,1
1764424147653,716,128,1
1764424147653,719,128,1
1764424147668,722,128,1
1764424147668,725,128,1
1764424147685,728,128,1
1764424147685,731,128,1
1764424147700,735,128,1
1764424147700,737,128,1
1764424147716,740,128,1
1764424147716,743,128,1
1764424147732,746,128,1
1764424147732,749,128,1
1764424147748,751,128,1
1764424147748,753,128,1
1764424147765,755,128,1
1764424147765,757,128,1
1764424147780,758,128,1
1764424147780,760,128,1
1764424147780,761,128,1
1764424147796,762,128,1
1764424147811,764,128,1
1764424147843,765,128,1
1764424148181,764,128,1
1764424148181,763,128,1
1764424148197,762,128,1
1764424148197,761,127,1
1764424148213,759,127,1
1764424148229,757,126,1
1764424148245,756,126,1
1764424148261,755,126,1
1764424148261,755,125,1
1764424148277,753,125,1
1764424148293,752,125,1
1764424148309,751,124,1
1764424148357,750,124,1
1764424148422,749,124,1
1764424148502,748,124,1
1764424148518,747,124,1
1764424148566,746,124,1
1764424148582,745,124,1
1764424148614,744,124,1
1764424149967,743,124,1
1764424149983,742,124,1
1764424149999,741,124,1
1764424149999,739,124,1
1764424150015,738,124,1
1764424150015,737,124,1
1764424150031,736,124,1
1764424150031,734,124,1
1764424150047,733,124,1
1764424150063,731,124,1
1764424150079,730,124,1
1764424150099,729,124,1
1764424150111,728,124,1
1764424150127,727,124,1
1764424150143,727,123,1
1764424150143,726,123,1
1764424150191,725,123,1
1764424150272,724,123,1
1764424163968,723,123,1
1764424163984,721,123,1
1764424163984,720,123,1
1764424164016,720,122,1
1764424164033,719,122,1
1764424164033,718,122,1
1764424164081,717,122,1
1764424167359,718,122,1
1764424167375,719,122,1
1764424167391,720,122,1
1764424167391,721,122,1
1764424167407,722,122,1
1764424167455,723,122,1
1764424167681,724,123,1
1764424167713,725,124,1
1764424167745,726,125,1
1764424167923,725,125,1
1764424167937,724,125,1
1764424167969,723,125,1
1764424168001,724,125,1
1764424168017,725,125,1
1764424168162,725,126,1
1764424168194,725,127,1
1764424168212,725,128,1
1764424168226,725,129,1
1764424168242,725,130,1
1764424168274,725,131,1
1764424168339,725,132,1
1764424168355,725,133,1
1764424168355,726,133,1
1764424168355,727,133,1
1764424168371,728,133,1
1764424168387,729,134,1
1764424168387,730,134,1
1764424168387,733,135,1
1764424168403,734,135,1
1764424168422,736,135,1
1764424168426,737,136,1
1764424168434,740,137,1
1764424168434,742,137,1
1764424168450,745,138,1
1764424168450,749,139,1
1764424168466,754,140,1
1764424168466,758,141,1
1764424168482,764,142,1
1764424168482,769,142,1
1764424168498,773,142,1
1764424168498,776,143,1
1764424168514,779,143,1
1764424168514,781,143,1
1764424168530,784,143,1
1764424168530,786,143,1
1764424168546,788,143,1
1764424168546,790,143,1
1764424168562,791,144,1
1764424168562,793,144,1
1764424168578,793,145,1
1764424168578,794,145,1
1764424168594,795,145,1
1764424168594,797,145,1
1764424168610,799,146,1
1764424168610,801,147,1
1764424168625,804,147,1
1764424168625,806,148,1
1764424168641,808,149,1
1764424168641,811,150,1
1764424168657,814,150,1
1764424168657,819,152,1
1764424168673,823,154,1
1764424168673,826,155,1
1764424168689,831,157,1
1764424168689,834,157,1
1764424168705,837,159,1
1764424168705,841,161,1
1764424168721,844,162,1
1764424168721,847,164,1
1764424168737,850,166,1
1764424168737,854,167,1
1764424168753,856,168,1
1764424168753,858,170,1
1764424168769,860,171,1
1764424168769,863,172,1
1764424168784,865,173,1
1764424168784,866,174,1
1764424168801,869,175,1
1764424168801,871,177,1
1764424168817,873,178,1
1764424168817,875,180,1
1764424168834,877,181,1
1764424168834,878,181,1
1764424168848,879,182,1
1764424168848,881,183,1
1764424168864,882,183,1
1764424168864,884,185,1
1764424168880,885,185,1
1764424168880,885,186,1
1764424168896,887,187,1
1764424168896,888,188,1
1764424168912,890,190,1
1764424168912,891,191,1
1764424168928,893,193,1
1764424168928,896,196,1
1764424168944,897,197,1
1764424168944,898,198,1
1764424168960,901,201,1
1764424168960,902,203,1
1764424168976,905,205,1
1764424168976,907,208,1
1764424168991,909,210,1
1764424168991,911,212,1
1764424169007,913,214,1
1764424169007,915,217,1
1764424169023,917,218,1
1764424169023,918,220,1
1764424169039,920,222,1
1764424169039,921,225,1
1764424169055,924,228,1
1764424169055,926,231,1
1764424169070,929,234,1
1764424169070,932,239,1
1764424169086,934,242,1
1764424169086,936,245,1
1764424169103,939,248,1
1764424169103,941,250,1
1764424169118,942,254,1
1764424169118,944,257,1
1764424169135,945,260,1
1764424169135,947,264,1
1764424169151,949,267,1
1764424169151,950,269,1
1764424169166,951,271,1
1764424169166,953,274,1
1764424169182,954,278,1
1764424169182,955,280,1
1764424169198,956,282,1
1764424169198,957,285,1
1764424169214,959,289,1
1764424169214,961,292,1
1764424169230,962,295,1
1764424169230,963,298,1
1764424169245,965,302,1
1764424169245,965,305,1
1764424169261,966,307,1
1764424169261,967,310,1
1764424169277,968,312,1
1764424169277,969,314,1
1764424169292,970,317,1
1764424169292,971,321,1
1764424169308,971,323,1
1764424169308,972,325,1
1764424169324,973,328,1
1764424169324,974,331,1
1764424169340,974,334,1
1764424169340,974,337,1
1764424169355,975,340,1
1764424169355,976,343,1
1764424169371,976,347,1
1764424169387,977,352,1
1764424169387,978,355,1
1764424169403,978,359,1
1764424169405,978,363,1
1764424169419,978,367,1
1764424169419,978,371,1
1764424169419,979,376,1
1764424169435,979,379,1
1764424169435,979,382,1
1764424169451,979,386,1
1764424169467,979,390,1
1764424169467,979,394,1
1764424169483,979,398,1
1764424169483,979,402,1
1764424169483,979,406,1
1764424169499,979,412,1
1764424169515,979,416,1
1764424169515,979,420,1
1764424169515,979,423,1
1764424169531,979,426,1
1764424169531,979,428,1
1764424169546,979,430,1
1764424169563,979,432,1
1764424169563,979,435,1
1764424169580,979,437,1
1764424169580,979,439,1
1764424169580,979,441,1
1764424169594,979,443,1
1764424169610,979,445,1
1764424169610,978,447,1
1764424169626,978,450,1
1764424169626,977,451,1
1764424169642,976,453,1
1764424169642,976,455,1
1764424169658,975,458,1
1764424169658,973,460,1
1764424169674,973,462,1
1764424169674,972,465,1
1764424169690,970,467,1
1764424169690,969,470,1
1764424169706,967,473,1
1764424169706,967,475,1
1764424169722,965,477,1
1764424169722,964,479,1
1764424169738,962,482,1
1764424169738,961,484,1
1764424169754,959,486,1
1764424169754,958,489,1
1764424169770,955,492,1
1764424169770,953,494,1
1764424169785,951,496,1
1764424169794,950,498,1
1764424169801,948,501,1
1764424169801,946,503,1
1764424169817,944,505,1
1764424169817,941,509,1
1764424169833,940,511,1
1764424169833,937,513,1
1764424169849,935,516,1
1764424169849,934,518,1
1764424169865,931,520,1
1764424169865,930,522,1
1764424169881,928,523,1
1764424169881,927,524,1
1764424169897,926,526,1
1764424169897,924,527,1
1764424169912,922,530,1
1764424169912,920,531,1
1764424169930,918,532,1
1764424169930,916,535,1
1764424169944,914,536,1
1764424169944,912,538,1
1764424169960,911,539,1
1764424169960,909,541,1
1764424169976,907,542,1
1764424169976,906,543,1
1764424169992,904,543,1
1764424169992,902,545,1
1764424170007,900,546,1
1764424170007,898,548,1
1764424170023,895,549,1
1764424170023,893,551,1
1764424170039,891,553,1
1764424170039,888,555,1
1764424170055,885,556,1
1764424170055,883,558,1
1764424170071,880,559,1
1764424170071,878,561,1
1764424170087,875,562,1
1764424170087,873,563,1
1764424170102,871,565,1
1764424170102,869,566,1
1764424170118,867,568,1
1764424170118,864,569,1
1764424170134,862,570,1
1764424170134,860,571,1
1764424170150,858,572,1
1764424170150,857,573,1
1764424170165,855,575,1
1764424170165,853,576,1
1764424170181,850,578,1
1764424170181,848,579,1
1764424170201,846,580,1
1764424170201,844,581,1
1764424170212,841,582,1
1764424170212,839,583,1
1764424170228,837,584,1
1764424170228,835,585,1
1764424170244,833,585,1
1764424170244,830,586,1
1764424170260,829,587,1
1764424170260,827,587,1
1764424170276,825,589,1
1764424170276,822,590,1
1764424170292,818,591,1
1764424170292,815,592,1
1764424170307,812,593,1
1764424170323,809,594,1
1764424170323,806,594,1
1764424170339,803,596,1
1764424170339,800,597,1
1764424170355,797,598,1
1764424170355,795,598,1
1764424170355,793,599,1
1764424170371,791,600,1
1764424170387,789,601,1
1764424170387,787,601,1
1764424170403,785,601,1
1764424170403,783,601,1
1764424170403,781,602,1
1764424170419,779,602,1
1764424170435,776,603,1
1764424170435,774,604,1
1764424170450,772,604,1
1764424170450,770,604,1
1764424170467,767,604,1
1764424170467,765,604,1
1764424170482,762,605,1
1764424170482,759,606,1
1764424170498,757,606,1
1764424170498,754,607,1
1764424170514,752,607,1
1764424170514,750,607,1
1764424170530,749,607,1
1764424170530,747,607,1
1764424170546,746,607,1
1764424170546,745,607,1
1764424170562,743,608,1
1764424170562,740,608,1
1764424170578,738,608,1
1764424170578,736,609,1
1764424170594,735,609,1
1764424170594,733,609,1
1764424170609,731,609,1
1764424170609,728,609,1
1764424170625,726,609,1
1764424170625,724,610,1
1764424170641,722,610,1
1764424170641,720,610,1
1764424170657,718,610,1
1764424170657,716,610,1
1764424170673,714,610,1
1764424170673,713,610,1
1764424170688,712,610,1
1764424170688,710,610,1
1764424170704,709,610,1
1764424170720,707,610,1
1764424170720,706,610,1
1764424170736,704,610,1
1764424170736,702,610,1
1764424170752,700,610,1
1764424170752,697,610,1
1764424170768,695,610,1
1764424170768,691,609,1
1764424170784,689,609,1
1764424170784,686,609,1
1764424170799,684,608,1
1764424170799,682,608,1
1764424170815,680,607,1
1764424170815,678,607,1
1764424170831,675,606,1
1764424170831,673,606,1
1764424170847,671,605,1
1764424170859,669,604,1
1764424170863,666,603,1
1764424170863,663,603,1
1764424170879,660,601,1
1764424170879,658,600,1
1764424170895,655,600,1
1764424170895,652,599,1
1764424170911,649,597,1
1764424170911,646,596,1
1764424170927,643,596,1
1764424170927,640,595,1
1764424170944,637,593,1
1764424170944,635,593,1
1764424170959,633,591,1
1764424170959,629,590,1
1764424170974,626,589,1
1764424170974,624,588,1
1764424170990,621,587,1
1764424170990,618,586,1
1764424171006,616,584,1
1764424171006,612,583,1
1764424171022,610,583,1
1764424171022,607,581,1
1764424171038,605,579,1
1764424171038,602,578,1
1764424171054,598,576,1
1764424171054,595,575,1
1764424171070,592,574,1
1764424171070,590,573,1
1764424171086,588,572,1
1764424171086,586,571,1
1764424171101,584,569,1
1764424171101,583,569,1
1764424171117,581,569,1
1764424171117,580,567,1
1764424171133,578,566,1
1764424171133,576,564,1
1764424171154,574,563,1
1764424171155,573,561,1
1764424171164,570,561,1
1764424171164,568,559,1
1764424171180,566,558,1
1764424171196,564,556,1
1764424171196,561,555,1
1764424171196,560,553,1
1764424171212,558,552,1
1764424171212,557,551,1
1764424171228,556,550,1
1764424171228,554,548,1
1764424171243,553,547,1
1764424171243,551,546,1
1764424171259,549,542,1
1764424171259,548,541,1
1764424171275,546,539,1
1764424171291,545,536,1
1764424171291,542,533,1
1764424171291,541,531,1
1764424171307,538,527,1
1764424171307,536,525,1
1764424171323,533,523,1
1764424171338,531,519,1
1764424171338,529,517,1
1764424171354,528,514,1
1764424171354,525,510,1
1764424171354,523,507,1
1764424171370,521,504,1
1764424171386,518,500,1
1764424171386,516,497,1
1764424171402,512,492,1
1764424171402,508,487,1
1764424171418,504,484,1
1764424171418,502,480,1
1764424171434,499,477,1
1764424171436,498,473,1
1764424171450,496,470,1
1764424171450,494,467,1
1764424171466,493,463,1
1764424171466,491,461,1
1764424171482,490,458,1
1764424171482,490,456,1
1764424171498,488,453,1
1764424171498,486,449,1
1764424171514,486,446,1
1764424171514,484,443,1
1764424171530,483,440,1
1764424171530,482,437,1
1764424171546,482,434,1
1764424171546,482,431,1
1764424171562,482,428,1
1764424171562,481,425,1
1764424171578,481,422,1
1764424171578,481,419,1
1764424171594,481,416,1
1764424171594,480,413,1
1764424171609,480,410,1
1764424171609,480,407,1
1764424171625,480,403,1
1764424171625,480,397,1
1764424171641,480,393,1
1764424171641,480,389,1
1764424171657,480,384,1
1764424171657,480,378,1
1764424171673,480,371,1
1764424171673,480,365,1
1764424171689,480,359,1
1764424171689,480,353,1
1764424171705,480,347,1
1764424171705,480,342,1
1764424171721,480,336,1
1764424171721,480,332,1
1764424171737,480,327,1
1764424171737,480,323,1
1764424171753,481,317,1
1764424171753,481,313,1
1764424171769,481,307,1
1764424171769,481,302,1
1764424171785,481,298,1
1764424171785,481,294,1
1764424171801,482,289,1
1764424171801,482,285,1
1764424171817,483,281,1
1764424171817,483,278,1
1764424171833,484,275,1
1764424171833,484,272,1
1764424171848,485,269,1
1764424171848,486,264,1
1764424171864,487,260,1
1764424171864,488,257,1
1764424171880,489,254,1
1764424171880,491,249,1
1764424171896,493,246,1
1764424171896,495,241,1
1764424171912,496,238,1
1764424171912,498,235,1
1764424171928,499,233,1
1764424171928,501,229,1
1764424171943,503,226,1
1764424171943,505,223,1
1764424171959,507,220,1
1764424171959,510,217,1
1764424171975,512,215,1
1764424171975,514,211,1
1764424171991,517,208,1
1764424171991,519,205,1
1764424172007,522,203,1
1764424172007,526,199,1
1764424172023,528,197,1
1764424172023,531,195,1
1764424172039,534,192,1
1764424172039,536,190,1
1764424172055,539,187,1
1764424172055,541,185,1
1764424172071,543,183,1
1764424172071,547,180,1
1764424172086,549,178,1
1764424172086,553,175,1
1764424172102,555,174,1
1764424172102,558,172,1
1764424172118,560,171,1
1764424172118,563,169,1
1764424172134,565,168,1
1764424172134,568,166,1
1764424172150,570,164,1
1764424172150,574,162,1
1764424172166,577,160,1
1764424172166,580,158,1
1764424172182,584,155,1
1764424172182,586,153,1
1764424172198,588,151,1
1764424172198,591,150,1
1764424172214,593,148,1
1764424172214,596,146,1
1764424172230,598,144,1
1764424172230,602,142,1
1764424172246,605,140,1
1764424172246,609,138,1
1764424172261,612,136,1
1764424172277,614,135,1
1764424172277,617,133,1
1764424172277,619,132,1
1764424172295,622,131,1
1764424172295,624,131,1
1764424172309,627,129,1
1764424172309,629,128,1
1764424172324,631,128,1
1764424172324,634,127,1
1764424172340,636,125,1
1764424172356,639,125,1
1764424172356,641,125,1
1764424172356,643,124,1
1764424172372,646,123,1
1764424172372,649,123,1
1764424172388,652,123,1
1764424172388,654,122,1
1764424172404,658,122,1
1764424172404,660,121,1
1764424172419,662,121,1
1764424172435,665,120,1
1764424172435,667,120,1
1764424172435,670,120,1
1764424172451,672,120,1
1764424172451,675,120,1
1764424172467,678,120,1
1764424172467,681,120,1
1764424172483,684,120,1
1764424172498,687,120,1
1764424172505,690,120,1
1764424172514,693,120,1
1764424172514,695,120,1
1764424172530,697,120,1
1764424172534,699,120,1
1764424172534,701,120,1
1764424172546,703,120,1
1764424172562,705,120,1
1764424172562,708,120,1
1764424172578,710,120,1
1764424172578,713,120,1
1764424172593,716,120,1
1764424172593,719,120,1
1764424172609,722,120,1
1764424172609,726,120,1
1764424172625,729,120,1
1764424172625,732,120,1
1764424172641,736,120,1
1764424172641,739,120,1
1764424172657,743,120,1
1764424172657,746,120,1
1764424172673,749,120,1
1764424172673,752,120,1
1764424172688,753,120,1
1764424172688,754,120,1
1764424172704,755,120,1
1764424172720,756,120,1
1764424172720,758,120,1
1764424172736,759,120,1
1764424172736,760,121,1
1764424172752,763,121,1
1764424172752,764,121,1
1764424172768,766,122,1
1764424172784,768,122,1
1764424172784,770,122,1
1764424172800,773,123,1
1764424172800,777,124,1
1764424172816,782,125,1
1764424172816,785,126,1
1764424172832,789,127,1
1764424172837,792,128,1
1764424172848,797,130,1
1764424172848,801,131,1
1764424172863,805,132,1
1764424172863,808,133,1
1764424172879,811,134,1
1764424172879,813,135,1
1764424172895,816,136,1
1764424172895,818,137,1
1764424172911,821,139,1
1764424172911,823,139,1
1764424172927,825,140,1
1764424172927,827,141,1
1764424172943,830,143,1
1764424172943,834,144,1
1764424172959,836,145,1
1764424172959,838,146,1
1764424172974,840,148,1
1764424172974,842,148,1
1764424172990,844,149,1
1764424172990,845,150,1
1764424173006,847,152,1
1764424173006,850,153,1
1764424173022,852,154,1
1764424173022,854,156,1
1764424173038,856,157,1
1764424173038,859,159,1
1764424173054,861,162,1
1764424173054,863,164,1
1764424173070,866,166,1
1764424173070,867,169,1
1764424173086,869,170,1
1764424173086,871,172,1
1764424173102,872,175,1
1764424173102,875,177,1
1764424173118,876,178,1
1764424173118,878,181,1
1764424173133,880,183,1
1764424173133,881,185,1
1764424173149,883,187,1
1764424173149,885,191,1
1764424173165,888,194,1
1764424173165,889,196,1
1764424173180,892,200,1
1764424173180,893,202,1
1764424173196,895,204,1
1764424173196,896,206,1
1764424173212,897,209,1
1764424173212,899,211,1
1764424173228,900,213,1
1764424173228,901,215,1
1764424173244,902,218,1
1764424173260,903,220,1
1764424173260,905,222,1
1764424173260,905,224,1
1764424173276,906,226,1
1764424173276,908,229,1
1764424173292,908,230,1
1764424173292,909,232,1
1764424173308,910,234,1
1764424173324,910,235,1
1764424173324,911,236,1
1764424173339,912,238,1
1764424173339,912,239,1
1764424173355,913,240,1
1764424173355,914,242,1
1764424173355,914,243,1
1764424173371,915,244,1
1764424173387,916,245,1
1764424173387,916,246,1
1764424173403,916,247,1
1764424173403,917,248,1
1764424173403,918,250,1
1764424173419,918,251,1
1764424173419,919,252,1
1764424173435,920,254,1
1764424173435,920,255,1
1764424173454,921,256,1
1764424173466,922,259,1
1764424173466,922,260,1
1764424173482,923,261,1
1764424173482,924,263,1
1764424173498,925,264,1
1764424173498,925,265,1
1764424173513,926,266,1
1764424173513,926,267,1
1764424173529,927,268,1
1764424173529,928,269,1
1764424173545,929,270,1
1764424173545,930,272,1
1764424173561,930,273,1
1764424173561,932,275,1
1764424173577,934,276,1
1764424173593,934,277,1
1764424173593,935,278,1
1764424173609,935,280,1
1764424173609,936,280,1
1764424173625,937,281,1
1764424173625,937,283,1
1764424173640,938,285,1
1764424173640,939,286,1
1764424173658,940,289,1
1764424173658,942,291,1
1764424173674,942,293,1
1764424173674,944,295,1
1764424173688,945,298,1
1764424173688,945,300,1
1764424173704,946,302,1
1764424173704,948,304,1
1764424173720,948,306,1
1764424173720,949,309,1
1764424173736,951,312,1
1764424173736,952,315,1
1764424173752,954,318,1
1764424173752,956,322,1
1764424173768,956,326,1
1764424173768,958,329,1
1764424173784,959,332,1
1764424173784,961,337,1
1764424173800,962,343,1
1764424173800,963,347,1
1764424173816,965,353,1
1764424173816,966,358,1
1764424173832,967,364,1
1764424173832,968,370,1
1764424173847,969,375,1
1764424173847,969,381,1
1764424173864,969,385,1
1764424173864,969,389,1
1764424173879,970,396,1
1764424173895,971,399,1
1764424173895,971,402,1
1764424173911,971,404,1
1764424173911,971,407,1
1764424173927,971,409,1
1764424173927,971,410,1
1764424173943,971,411,1
1764424173943,971,413,1
1764424173959,971,415,1
1764424173959,971,416,1
1764424173975,971,417,1
1764424173975,971,419,1
1764424173991,971,420,1
1764424173991,971,421,1
1764424174007,971,422,1
1764424174007,971,424,1
1764424174023,970,425,1
1764424174039,970,426,1
1764424174039,970,427,1
1764424174055,970,428,1
1764424174055,969,429,1
1764424174072,969,430,1
1764424174088,968,431,1
1764424174088,968,432,1
1764424174104,968,433,1
1764424174136,967,434,1
1764424174136,967,435,1
1764424174152,967,436,1
1764424174168,966,437,1
1764424174168,966,438,1
1764424174184,965,439,1
1764424174184,965,441,1
1764424174200,965,442,1
1764424174200,964,443,1
1764424174216,963,444,1
1764424174216,963,445,1
1764424174232,963,446,1
1764424174232,961,447,1
1764424174248,961,448,1
1764424174248,960,450,1
1764424174264,959,452,1
1764424174264,957,454,1
1764424174279,956,456,1
1764424174279,955,459,1
1764424174295,953,461,1
1764424174295,952,464,1
1764424174311,950,467,1
1764424174311,949,470,1
1764424174327,946,473,1
1764424174327,944,476,1
1764424174343,941,480,1
1764424174343,938,483,1
1764424174358,936,487,1
1764424174358,933,490,1
1764424174374,931,494,1
1764424174374,928,497,1
1764424174390,925,501,1
1764424174390,921,506,1
1764424174406,919,509,1
1764424174406,916,512,1
1764424174422,914,516,1
1764424174422,912,519,1
1764424174438,909,523,1
1764424174438,907,526,1
1764424174453,904,530,1
1764424174453,902,533,1
1764424174472,899,537,1
1764424174472,897,539,1
1764424174485,894,541,1
1764424174485,892,545,1
1764424174501,889,547,1
1764424174501,887,549,1
1764424174517,885,552,1
1764424174517,881,555,1
1764424174532,878,558,1
1764424174532,874,560,1
1764424174548,871,564,1
1764424174548,867,567,1
1764424174564,864,568,1
1764424174579,861,570,1
1764424174580,857,573,1
1764424174580,854,575,1
1764424174596,850,577,1
1764424174596,847,579,1
1764424174612,845,581,1
1764424174612,841,583,1
1764424174628,838,585,1
1764424174628,835,587,1
1764424174644,831,588,1
1764424174644,828,590,1
1764424174659,825,592,1
1764424174676,822,593,1
1764424174678,818,595,1
1764424174678,815,597,1
1764424174692,812,598,1
1764424174692,807,600,1
1764424174707,804,601,1
1764424174707,799,603,1
1764424174723,795,604,1
1764424174739,792,605,1
1764424174739,789,606,1
1764424174739,784,607,1
1764424174755,780,608,1
1764424174755,776,609,1
1764424174771,771,609,1
1764424174771,767,610,1
1764424174787,763,611,1
1764424174802,758,612,1
1764424174802,753,613,1
1764424174818,747,614,1
1764424174818,742,615,1
1764424174834,735,615,1
1764424174834,728,616,1
1764424174850,721,617,1
1764424174850,713,617,1
1764424174866,707,618,1
1764424174866,702,619,1
1764424174881,696,620,1
1764424174881,689,621,1
1764424174897,684,621,1
1764424174897,678,622,1
1764424174913,672,622,1
1764424174913,666,622,1
1764424174929,661,622,1
1764424174929,655,622,1
1764424174946,650,622,1
1764424174947,646,622,1
1764424174961,643,622,1
1764424174961,640,622,1
1764424174977,637,622,1
1764424174977,634,622,1
1764424174993,631,622,1
1764424174993,629,622,1
1764424175009,626,621,1
1764424175009,624,620,1
1764424175024,622,620,0
1764424175024,620,619,0
1764424175040,617,617,1
1764424175040,614,616,1
1764424175056,612,614,1
1764424175056,610,613,1
1764424175072,606,610,1
1764424175072,603,608,1
1764424175087,599,605,1
1764424175087,596,601,1
1764424175103,591,598,1
1764424175103,588,595,1
1764424175119,584,592,1
1764424175119,580,589,1
1764424175135,577,586,1
1764424175135,573,583,1
1764424175151,571,580,1
1764424175151,568,577,1
1764424175167,566,574,1
1764424175167,564,572,1
1764424175183,561,569,1
1764424175183,559,565,1
1764424175199,555,562,1
1764424175199,552,558,1
1764424175215,549,554,1
1764424175215,546,551,1
1764424175234,543,547,1
1764424175234,540,544,1
1764424175246,536,540,1
1764424175246,534,537,1
1764424175262,531,533,1
1764424175262,530,531,1
1764424175278,527,528,1
1764424175278,526,524,1
1764424175294,523,521,1
1764424175294,520,518,1
1764424175310,517,514,1
1764424175310,513,509,1
1764424175326,510,504,1
1764424175326,507,500,1
1764424175341,505,496,1
1764424175341,502,492,1
1764424175357,500,488,1
1764424175357,499,485,1
1764424175373,497,482,1
1764424175373,495,478,1
1764424175388,493,474,1
1764424175388,492,471,1
1764424175404,490,467,1
1764424175404,489,465,1
1764424175420,487,462,1
1764424175420,485,459,1
1764424175436,484,454,1
1764424175436,482,448,1
1764424175452,481,444,1
1764424175452,479,439,1
1764424175468,477,435,1
1764424175468,476,431,1
1764424175484,476,427,1
1764424175484,476,424,1
1764424175499,475,420,1
1764424175515,474,416,1
1764424175515,474,413,1
1764424175515,473,409,1
1764424175532,473,405,1
1764424175532,472,400,1
1764424175547,472,396,1
1764424175563,471,393,1
1764424175563,471,389,1
1764424175579,471,385,1
1764424175579,471,381,1
1764424175595,471,378,1
1764424175595,471,375,1
1764424175595,471,371,1
1764424175611,471,368,1
1764424175627,471,364,1
1764424175627,471,360,1
1764424175627,471,357,1
1764424175643,471,354,1
1764424175658,471,351,1
1764424175658,471,348,1
1764424175674,472,343,1
1764424175674,473,340,1
1764424175690,473,336,1
1764424175690,474,332,1
1764424175706,475,328,1
1764424175706,475,323,1
1764424175722,477,319,1
1764424175722,478,314,1
1764424175738,480,310,1
1764424175738,482,305,1
1764424175754,483,302,1
1764424175754,484,298,1
1764424175770,486,293,1
1764424175770,488,289,1
1764424175786,490,283,1
1764424175786,492,277,1
1764424175802,494,271,1
1764424175802,495,266,1
1764424175817,495,261,1
1764424175817,497,257,1
1764424175833,499,251,1
1764424175833,501,247,1
1764424175849,503,241,1
1764424175849,505,235,1
1764424175865,507,229,1
1764424175865,509,225,1
1764424175880,509,222,1
1764424175880,511,218,1
1764424175896,512,215,1
1764424175896,512,213,1
1764424175912,514,210,1
1764424175912,515,208,1
1764424175928,516,205,1
1764424175928,517,201,1
1764424175944,518,199,1
1764424175944,519,196,1
1764424175960,520,194,1
1764424175960,522,191,1
1764424175976,523,188,1
1764424175976,524,186,1
1764424175992,526,184,1
1764424175992,527,182,1
1764424176008,529,179,1
1764424176008,530,178,1
1764424176023,531,177,1
1764424176023,533,175,1
1764424176039,534,174,1
1764424176039,536,172,1
1764424176055,538,169,0
1764424176055,542,167,1
1764424176071,544,165,1
1764424176071,546,164,1
1764424176087,548,162,1
1764424176087,551,161,1
1764424176103,555,159,1
1764424176103,558,157,1
1764424176119,561,156,1
1764424176119,566,154,1
1764424176135,571,151,1
1764424176135,576,149,1
1764424176151,582,147,1
1764424176151,588,145,1
1764424176166,592,143,1
1764424176166,597,143,1
1764424176182,602,141,1
1764424176182,607,140,1
1764424176198,610,139,1
1764424176198,614,139,1
1764424176213,618,138,1
1764424176213,621,138,1
1764424176229,625,136,1
1764424176229,628,136,1
1764424176245,631,136,1
1764424176245,634,135,1
1764424176261,636,134,1
1764424176261,639,133,1
1764424176276,642,132,1
1764424176276,645,132,1
1764424176292,648,131,1
1764424176292,650,130,1
1764424176308,653,130,1
1764424176308,655,129,1
1764424176324,657,129,1
1764424176324,659,128,1
1764424176340,661,127,1
1764424176340,663,127,1
1764424176356,667,127,1
1764424176372,670,126,1
1764424176372,674,126,1
1764424176372,678,125,1
1764424176389,682,124,1
1764424176389,687,123,1
1764424176403,691,123,1
1764424176420,695,122,1
1764424176420,701,121,1
1764424176435,705,121,1
1764424176435,709,121,1
1764424176451,713,121,1
1764424176451,716,121,1
1764424176451,719,121,1
1764424176467,722,121,1
1764424176467,724,121,1
1764424176483,726,121,1
1764424176483,728,121,1
1764424176498,730,121,1
1764424176514,733,121,1
1764424176514,736,121,1
1764424176514,739,121,1
1764424176530,741,121,1
1764424176546,744,121,1
1764424176548,747,121,1
1764424176548,751,121,1
1764424176563,754,122,1
1764424176563,757,123,1
1764424176579,760,123,1
1764424176579,761,124,1
1764424176601,762,124,1
1764424176611,764,124,1
1764424176611,765,125,1
1764424176611,767,126,1
1764424176626,769,126,1
1764424176644,772,126,1
1764424176644,773,127,1
1764424176658,775,128,1
1764424176658,777,129,1
1764424176674,779,129,1
1764424176674,782,130,1
1764424176690,784,131,1
1764424176690,786,132,1
1764424176706,788,132,1
1764424176706,790,133,1
1764424176722,792,134,1
1764424176722,794,134,1
1764424176737,795,135,1
1764424176737,798,136,1
1764424176753,801,137,1
1764424176753,803,137,1
1764424176769,806,139,1
1764424176769,809,141,1
1764424176785,813,142,1
1764424176785,816,144,1
1764424176801,819,145,1
1764424176801,821,145,1
1764424176817,823,147,1
1764424176817,826,148,1
1764424176832,828,148,1
1764424176832,830,149,1
1764424176851,832,150,1
1764424176858,834,151,1
1764424176864,837,153,1
1764424176864,840,154,1
1764424176880,842,155,1
1764424176880,844,157,1
1764424176896,847,157,1
1764424176896,849,158,1
1764424176912,851,160,1
1764424176912,853,160,1
1764424176928,855,162,1
1764424176928,858,163,1
1764424176944,860,163,1
1764424176944,861,165,1
1764424176960,863,165,1
1764424176960,864,166,1
1764424176976,866,168,1
1764424176976,868,169,1
1764424176992,871,171,1
1764424176992,873,172,1
1764424177008,876,175,1
1764424177008,880,177,1
1764424177024,883,180,1
1764424177024,886,182,1
1764424177040,888,184,1
1764424177040,891,186,1
1764424177056,895,189,1
1764424177056,898,191,1
1764424177072,900,194,1
1764424177072,903,196,1
1764424177088,904,198,1
1764424177088,906,200,1
1764424177104,907,202,1
1764424177104,908,204,1
1764424177120,909,206,1
1764424177120,911,208,1
1764424177136,913,211,1
1764424177136,915,213,1
1764424177152,918,217,1
1764424177152,920,219,1
1764424177168,922,221,1
1764424177168,923,224,1
1764424177184,925,227,1
1764424177184,927,230,1
1764424177200,929,233,1
1764424177200,931,236,1
1764424177216,932,240,1
1764424177216,934,243,1
1764424177231,935,246,1
1764424177231,936,249,1
1764424177248,938,254,1
1764424177248,940,258,1
1764424177263,942,263,1
1764424177263,943,266,1
1764424177279,945,271,1
1764424177279,947,275,1
1764424177295,948,280,1
1764424177295,950,284,1
1764424177311,951,288,1
1764424177311,952,292,1
1764424177327,953,296,1
1764424177327,954,301,1
1764424177343,955,304,1
1764424177343,956,308,1
1764424177359,957,314,1
1764424177359,957,318,1
1764424177374,958,322,1
1764424177374,959,327,1
1764424177390,959,330,1
1764424177390,959,334,1
1764424177406,960,338,1
1764424177406,961,342,1
1764424177422,961,348,1
1764424177422,962,353,1
1764424177438,962,357,1
1764424177438,963,362,1
1764424177455,963,366,1
1764424177455,963,369,1
1764424177470,963,372,1
1764424177470,963,375,1
1764424177487,963,378,1
1764424177487,963,381,1
1764424177503,963,384,1
1764424177503,963,387,1
1764424177518,963,390,1
1764424177518,964,394,1
1764424177534,964,397,1
1764424177534,964,400,1
1764424177550,964,403,1
1764424177550,964,406,1
1764424177566,964,409,1
1764424177566,964,412,1
1764424177582,964,415,1
1764424177582,964,419,1
1764424177598,964,423,1
1764424177598,964,427,1
1764424177614,964,431,1
1764424177614,964,434,1
1764424177630,964,437,1
1764424177630,963,442,1
1764424177645,962,446,1
1764424177645,961,449,1
1764424177661,959,454,1
1764424177661,958,458,1
1764424177677,957,463,1
1764424177677,955,468,1
1764424177693,953,474,1
1764424177693,951,479,1
1764424177709,949,484,1
1764424177709,946,490,1
1764424177724,943,496,1
1764424177724,940,502,1
1764424177740,938,508,1
1764424177740,936,512,1
1764424177757,934,517,1
1764424177757,932,521,1
1764424177772,930,526,1
1764424177772,928,529,1
1764424177788,927,533,1
1764424177788,925,536,1
1764424177804,923,539,1
1764424177820,922,543,1
1764424177820,919,546,1
1764424177820,918,548,1
1764424177835,916,551,1
1764424177852,915,554,1
1764424177852,912,557,1
1764424177852,910,559,1
1764424177867,908,562,1
1764424177867,907,564,1
1764424177883,905,566,1
1764424177883,904,567,1
1764424177899,902,570,1
1764424177915,900,571,1
1764424177915,899,573,1
1764424177931,896,574,1
1764424177931,894,576,1
1764424177947,892,577,1
1764424177947,890,579,1
1764424177962,887,580,1
1764424177964,883,582,1
1764424177978,880,583,1
1764424177978,877,585,1
1764424177994,872,587,1
1764424177994,868,589,1
1764424178010,862,591,1
1764424178010,856,593,1
1764424178026,849,595,1
1764424178026,843,598,1
1764424178042,836,601,1
1764424178042,829,603,1
1764424178058,822,605,1
1764424178058,816,607,1
1764424178074,809,609,1
1764424178074,803,610,1
1764424178090,798,611,1
1764424178090,793,613,1
1764424178106,789,615,1
1764424178106,786,616,1
1764424178122,783,617,1
1764424178122,779,617,1
1764424178138,777,618,1
1764424178138,775,619,1
1764424178154,772,620,1
1764424178158,769,621,1
1764424178169,767,622,1
1764424178169,763,623,1
1764424178185,760,623,1
1764424178185,757,624,1
1764424178201,754,625,1
1764424178201,751,626,1
1764424178217,748,627,1
1764424178217,745,627,1
1764424178233,742,627,1
1764424178233,739,627,1
1764424178248,735,627,1
1764424178248,732,627,1
1764424178264,728,627,1
1764424178264,725,627,1
1764424178280,722,627,1
1764424178280,719,627,1
1764424178295,717,627,1
1764424178295,714,627,1
1764424178311,712,627,1
1764424178311,709,627,1
1764424178327,704,626,1
1764424178327,700,625,1
1764424178343,696,624,1
1764424178343,691,623,1
1764424178361,687,621,1
1764424178369,682,620,1
1764424178375,678,619,1
1764424178375,673,617,1
1764424178391,669,615,1
1764424178391,663,613,1
1764424178407,658,610,1
1764424178407,654,608,1
1764424178423,651,607,1
1764424178423,647,605,1
1764424178439,643,602,1
1764424178439,639,600,1
1764424178454,636,598,1
1764424178454,632,596,1
1764424178470,628,593,1
1764424178470,624,591,1
1764424178486,621,588,1
1764424178486,618,587,1
1764424178502,614,584,1
1764424178502,611,583,1
1764424178518,609,581,1
1764424178518,606,580,1
1764424178534,604,578,1
1764424178534,602,577,1
1764424178550,600,575,1
1764424178550,598,574,1
1764424178565,596,572,1
1764424178565,594,571,1
1764424178581,592,569,1
1764424178597,589,568,1
1764424178597,588,566,1
1764424178597,586,565,1
1764424178613,583,563,1
1764424178613,581,562,1
1764424178628,579,560,1
1764424178628,577,558,1
1764424178644,574,556,1
1764424178644,573,554,1
1764424178660,571,553,1
1764424178660,568,550,1
1764424178676,567,549,1
1764424178692,565,547,1
1764424178692,563,544,1
1764424178692,561,542,1
1764424178708,559,540,1
1764424178708,558,539,1
1764424178723,556,537,1
1764424178723,555,536,1
1764424178739,554,534,1
1764424178755,552,532,1
1764424178755,551,530,1
1764424178755,549,528,1
1764424178771,548,525,1
1764424178771,546,523,1
1764424178787,545,521,1
1764424178787,543,518,1
1764424178803,542,515,1
1764424178803,539,512,1
1764424178819,538,510,1
1764424178835,536,507,1
1764424178835,534,504,1
1764424178851,533,501,1
1764424178851,531,499,1
1764424178851,529,497,1
1764424178866,528,494,1
1764424178883,526,491,1
1764424178883,524,489,1
1764424178883,523,486,1
1764424178898,521,482,1
1764424178914,520,479,1
1764424178914,517,474,1
1764424178930,514,470,1
1764424178930,511,465,1
1764424178949,509,461,1
1764424178949,506,455,1
1764424178962,505,450,1
1764424178962,503,447,1
1764424178978,501,444,1
1764424178978,500,440,1
1764424178993,499,437,1
1764424178993,497,434,1
1764424179009,496,431,1
1764424179009,495,428,1
1764424179025,493,423,1
1764424179025,492,420,1
1764424179041,491,417,1
1764424179041,490,412,1
1764424179057,489,409,1
1764424179057,488,406,1
1764424179073,487,403,1
1764424179073,487,400,1
1764424179089,487,397,1
1764424179089,487,394,1
1764424179105,487,391,1
1764424179105,487,388,1
1764424179122,487,385,1
1764424179122,486,381,1
1764424179136,486,377,1
1764424179136,486,373,1
1764424179152,486,369,1
1764424179152,486,363,1
1764424179168,486,358,1
1764424179168,487,352,1
1764424179183,487,347,1
1764424179183,488,341,1
1764424179199,489,335,1
1764424179199,489,330,1
1764424179215,491,324,1
1764424179215,493,317,1
1764424179230,495,309,1
1764424179230,497,302,1
1764424179246,500,293,1
1764424179246,503,285,1
1764424179262,505,278,1
1764424179262,507,270,1
1764424179278,509,260,1
1764424179278,511,251,1
1764424179294,512,242,1
1764424179294,514,234,1
1764424179310,515,226,1
1764424179310,517,219,1
1764424179329,519,213,1
1764424179333,521,209,1
1764424179342,522,204,1
1764424179342,523,201,1
1764424179358,524,198,1
1764424179358,525,195,1
1764424179374,527,190,1
1764424179374,528,187,1
1764424179390,529,183,1
1764424179390,530,180,1
1764424179405,532,176,1
1764424179405,533,173,0
1764424179421,533,170,0
1764424179421,535,168,0
1764424179437,536,166,0
1764424179437,536,164,0
1764424179453,537,163,0
1764424179453,538,162,0
1764424179468,538,160,0
1764424179468,539,159,0
1764424179484,540,157,0
1764424179484,541,156,0
1764424179500,542,155,0
1764424179500,543,153,0
1764424179516,544,153,0
1764424179516,545,151,0
1764424179531,546,151,0
1764424179547,547,150,0
1764424179547,548,150,0
1764424179563,550,149,0
1764424179563,551,147,0
1764424179563,552,147,0
1764424179579,553,147,0
1764424179579,554,146,0
1764424179595,556,145,0
1764424179595,557,145,0
1764424179611,559,144,0
1764424179627,561,143,0
1764424179627,563,143,0
1764424179643,565,142,0
1764424179643,567,141,0
1764424179643,569,140,0
1764424179659,571,140,0
1764424179659,574,139,0
1764424179674,576,138,0
1764424179674,578,138,0
1764424179690,580,136,0
1764424179706,583,136,1
1764424179706,586,134,0
1764424179722,589,134,1
1764424179722,592,134,1
1764424179738,595,132,1
1764424179738,598,131,1
1764424179753,600,131,1
1764424179753,603,130,1
1764424179770,606,130,1
1764424179770,609,128,1
1764424179785,614,127,1
1764424179785,617,126,1
1764424179801,621,126,1
1764424179801,626,125,1
1764424179817,630,124,1
1764424179817,633,123,1
1764424179833,637,121,1
1764424179833,642,120,1
1764424179849,645,120,1
1764424179849,649,120,1
1764424179865,653,120,1
1764424179865,657,119,1
1764424179881,662,119,1
1764424179881,666,118,1
1764424179897,670,118,1
1764424179897,674,118,1
1764424179913,677,117,1
1764424179913,681,117,1
1764424179931,685,117,1
1764424179931,691,117,1
1764424179944,695,117,1
1764424179944,700,117,1
1764424179961,706,117,1
1764424179967,711,117,1
1764424179976,718,117,1
1764424179976,723,117,1
1764424179992,729,117,1
1764424179992,733,117,1
1764424180008,737,117,1
1764424180008,741,117,1
1764424180024,744,117,1
1764424180024,747,117,1
1764424180040,750,117,1
1764424180040,754,117,1
1764424180056,757,118,1
1764424180056,760,118,1
1764424180072,763,119,1
1764424180072,765,119,1
1764424180088,769,119,1
1764424180088,772,120,1
1764424180104,775,120,1
1764424180104,777,121,1
1764424180120,779,122,1
1764424180120,781,122,1
1764424180136,783,123,1
1764424180136,786,124,1
1764424180152,788,125,1
1764424180152,790,125,1
1764424180170,792,126,1
1764424180175,795,128,1
1764424180183,798,128,1
1764424180183,801,130,1
1764424180199,804,132,1
1764424180199,806,133,1
1764424180215,809,135,1
1764424180215,811,136,1
1764424180231,813,138,1
1764424180231,816,140,1
1764424180246,820,143,1
1764424180246,823,145,1
1764424180262,827,148,1
1764424180262,830,150,1
1764424180278,834,153,1
1764424180278,836,155,1
1764424180295,838,157,1
1764424180295,841,159,1
1764424180310,843,161,1
1764424180310,845,163,1
1764424180326,848,165,1
1764424180326,851,167,1
1764424180342,853,168,1
1764424180342,855,170,1
1764424180358,857,171,1
1764424180358,859,173,1
1764424180374,860,174,1
1764424180374,862,175,1
1764424180390,863,176,1
1764424180390,864,177,1
1764424180406,866,179,1
1764424180406,867,180,1
1764424180422,869,181,1
1764424180422,871,183,1
1764424180438,873,185,1
1764424180438,876,187,1
1764424180453,878,190,1
1764424180453,880,192,1
1764424180471,884,196,1
1764424180471,886,198,1
1764424180485,890,202,1
1764424180485,893,204,1
1764424180501,896,207,1
1764424180501,899,209,1
1764424180517,901,211,1
1764424180517,904,213,1
1764424180533,905,215,1
1764424180533,906,217,1
1764424180549,908,218,1
1764424180549,909,219,1
1764424180565,911,221,1
1764424180565,912,223,1
1764424180581,914,225,1
1764424180581,915,227,1
1764424180596,917,229,1
1764424180596,918,231,1
1764424180612,920,234,1
1764424180612,921,236,1
1764424180628,923,239,1
1764424180628,924,241,1
1764424180644,926,243,1
1764424180644,927,246,1
1764424180660,929,247,1
1764424180660,929,249,1
1764424180682,930,251,1
1764424180682,932,252,1
1764424180691,932,254,1
1764424180707,933,256,1
1764424180707,934,258,1
1764424180707,935,260,1
1764424180723,936,263,1
1764424180723,937,265,1
1764424180739,938,268,1
1764424180739,939,272,1
1764424180755,941,275,1
1764424180755,941,278,1
1764424180771,942,281,1
1764424180787,943,284,1
1764424180787,944,288,1
1764424180787,945,293,1
1764424180803,946,297,1
1764424180803,947,302,1
1764424180818,948,307,1
1764424180818,949,312,1
1764424180834,950,316,1
1764424180834,950,320,1
1764424180850,950,326,1
1764424180866,951,330,1
1764424180866,951,334,1
1764424180882,951,339,1
1764424180882,951,344,1
1764424180898,951,349,1
1764424180898,951,354,1
1764424180898,952,359,1
1764424180914,952,363,1
1764424180930,952,367,1
1764424180930,952,370,1
1764424180946,952,377,1
1764424180962,952,380,1
1764424180962,952,383,1
1764424180978,952,386,1
1764424180978,952,389,1
1764424180994,952,392,1
1764424180994,952,395,1
1764424181010,952,398,1
1764424181010,952,401,1
1764424181026,952,404,1
1764424181026,952,406,1
1764424181041,952,409,1
1764424181041,952,411,1
1764424181057,952,414,1
1764424181057,952,416,1
1764424181073,952,419,1
1764424181073,952,423,1
1764424181089,952,427,1
1764424181089,952,430,1
1764424181105,952,433,1
1764424181105,952,436,1
1764424181121,951,439,1
1764424181121,951,442,1
1764424181137,950,445,1
1764424181137,949,449,1
1764424181153,949,452,1
1764424181153,948,455,1
1764424181169,947,458,1
1764424181169,946,461,1
1764424181185,945,464,1
1764424181185,943,468,1
1764424181201,942,471,1
1764424181201,942,474,1
1764424181217,941,477,1
1764424181217,939,480,1
1764424181233,938,482,1
1764424181233,938,484,1
1764424181249,937,486,1
1764424181249,935,488,1
1764424181265,934,491,1
1764424181265,932,494,1
1764424181281,931,496,1
1764424181281,929,498,1
1764424181297,929,500,1
1764424181297,927,503,1
1764424181312,925,507,1
1764424181312,924,510,1
1764424181328,922,513,1
1764424181328,920,517,1
1764424181344,918,520,1
1764424181344,915,524,1
1764424181360,914,527,1
1764424181360,911,530,1
1764424181376,909,533,1
1764424181376,908,535,1
1764424181392,906,537,1
1764424181392,904,539,1
1764424181408,902,542,1
1764424181408,900,544,1
1764424181423,899,545,1
1764424181423,897,548,1
1764424181439,895,549,1
1764424181439,893,551,1
1764424181455,892,553,1
1764424181455,890,554,1
1764424181471,888,556,1
1764424181471,886,558,1
1764424181487,885,559,1
1764424181487,884,561,1
1764424181503,882,561,1
1764424181503,881,563,1
1764424181519,879,564,1
1764424181519,878,565,1
1764424181534,877,566,1
1764424181534,875,566,1
1764424181550,874,567,1
1764424181550,872,568,1
1764424181566,871,568,1
1764424181566,870,569,1
1764424181582,869,569,1
1764424181582,868,570,1
1764424181598,867,570,1
1764424181598,865,570,1
1764424181613,863,570,1
1764424181613,861,571,1
1764424181629,859,571,1
1764424181629,857,572,1
1764424181645,854,573,1
1764424181645,853,573,1
1764424181661,851,573,1
1764424181661,849,574,1
1764424181676,847,575,1
1764424181676,846,575,1
1764424181692,844,575,1
1764424181692,842,576,1
1764424181708,840,576,1
1764424181708,837,577,1
1764424181724,835,578,1
1764424181724,832,578,1
1764424181742,829,579,1
1764424181742,826,579,1
1764424181756,823,580,1
1764424181756,821,581,1
1764424181771,818,581,1
1764424181771,816,582,1
1764424181787,813,582,1
1764424181787,812,583,1
1764424181803,810,583,1
1764424181819,809,584,1
1764424181819,806,584,1
1764424181819,804,585,1
1764424181837,802,586,1
1764424181837,800,587,1
1764424181851,797,587,1
1764424181851,794,588,1
1764424181867,790,589,1
1764424181867,787,590,1
1764424181883,784,590,1
1764424181899,780,590,1
1764424181899,777,591,1
1764424181914,774,592,1
1764424181914,770,593,1
1764424181930,766,593,1
1764424181930,761,594,1
1764424181946,758,594,1
1764424181946,755,594,1
1764424181962,753,594,1
1764424181962,752,594,1
1764424181978,751,594,1
1764424181978,749,594,1
1764424181994,748,594,1
1764424182010,746,594,1
1764424182026,745,594,1
1764424182026,744,594,1
1764424182043,742,594,1
1764424182050,740,594,1
1764424182057,738,594,1
1764424182057,736,594,1
1764424182073,734,594,1
1764424182073,732,595,1
1764424182089,730,595,1
1764424182089,727,595,1
1764424182105,725,595,1
1764424182105,723,596,1
1764424182121,721,596,1
1764424182121,719,596,1
1764424182137,717,596,1
1764424182137,715,596,1
1764424182153,712,596,1
1764424182153,710,596,1
1764424182169,708,597,1
1764424182169,706,597,1
1764424182184,704,597,1
1764424182184,702,597,1
1764424182200,700,597,1
1764424182200,699,597,1
1764424182216,697,597,1
1764424182232,696,597,1
1764424182232,695,597,1
1764424182248,694,597,1
1764424182248,691,597,1
1764424182264,689,597,1
1764424182264,687,597,1
1764424182280,685,597,1
1764424182280,683,597,1
1764424182296,681,597,1
1764424182296,679,597,1
1764424182311,676,597,1
1764424182311,673,596,1
1764424182327,670,595,1
1764424182327,667,594,1
1764424182343,665,594,1
1764424182343,662,593,1
1764424182359,659,592,1
1764424182359,657,591,1
1764424182375,654,591,1
1764424182375,650,589,1
1764424182391,647,588,1
1764424182391,644,587,1
1764424182407,640,587,1
1764424182407,635,585,1
1764424182423,632,583,1
1764424182423,628,582,1
1764424182439,624,581,1
1764424182439,621,580,1
1764424182455,618,579,1
1764424182455,614,577,1
1764424182470,611,576,1
1764424182470,608,576,1
1764424182486,606,575,1
1764424182486,604,573,1
1764424182502,602,573,1
1764424182502,599,571,1
1764424182518,596,570,1
1764424182518,593,568,1
1764424182534,590,566,1
1764424182534,586,565,1
1764424182550,583,563,1
1764424182550,579,561,1
1764424182566,576,560,1
1764424182566,574,558,1
1764424182582,572,557,1
1764424182582,570,555,1
1764424182598,567,554,1
1764424182598,564,551,1
1764424182614,561,549,1
1764424182614,558,547,1
1764424182630,556,545,1
1764424182630,554,543,1
1764424182646,551,541,1
1764424182646,547,538,1
1764424182662,545,536,1
1764424182662,542,534,1
1764424182678,540,531,1
1764424182678,538,530,1
1764424182694,536,528,1
1764424182694,533,524,1
1764424182709,530,521,1
1764424182709,527,517,1
1764424182725,523,514,1
1764424182725,521,511,1
1764424182741,518,509,1
1764424182741,516,505,1
1764424182757,514,502,1
1764424182757,512,499,1
1764424182773,511,495,1
1764424182773,508,491,1
1764424182789,505,486,1
1764424182789,502,480,1
1764424182804,499,475,1
1764424182804,498,471,1
1764424182820,496,466,1
1764424182820,494,462,1
1764424182836,492,457,1
1764424182836,490,453,1
1764424182851,489,448,1
1764424182867,487,444,1
1764424182867,486,441,1
1764424182867,486,438,1
1764424182883,485,433,1
1764424182899,484,430,1
1764424182899,484,426,1
1764424182899,483,422,1
1764424182915,483,419,1
1764424182915,483,416,1
1764424182934,483,412,1
1764424182934,483,409,1
1764424182947,483,405,1
1764424182947,483,401,1
1764424182963,483,398,1
1764424182963,483,394,1
1764424182979,483,391,1
1764424182995,483,387,1
1764424182995,483,383,1
1764424182995,483,377,1
1764424183011,483,372,1
1764424183011,483,365,1
1764424183027,483,358,1
1764424183027,483,353,1
1764424183042,484,347,1
1764424183058,485,342,1
1764424183058,485,336,1
1764424183076,486,332,1
1764424183076,487,327,1
1764424183076,488,323,1
1764424183090,489,319,1
1764424183105,490,314,1
1764424183105,491,310,1
1764424183122,492,306,1
1764424183122,492,303,1
1764424183140,494,299,1
1764424183146,495,296,1
1764424183154,495,293,1
1764424183154,497,289,1
1764424183169,499,285,1
1764424183169,501,282,1
1764424183185,502,279,1
1764424183185,503,276,1
1764424183202,504,274,1
1764424183203,504,273,1
1764424183217,505,272,1
1764424183217,506,269,1
1764424183233,507,267,1
1764424183233,507,265,1
1764424183249,508,263,1
1764424183249,510,260,1
1764424183264,510,257,1
1764424183264,511,255,1
1764424183280,513,253,1
1764424183280,514,250,1
1764424183296,516,246,1
1764424183296,517,243,1
1764424183312,518,239,1
1764424183312,520,234,1
1764424183328,522,231,1
1764424183328,524,226,1
1764424183343,525,223,1
1764424183343,527,219,1
1764424183359,529,215,1
1764424183359,531,212,1
1764424183375,533,209,1
1764424183375,536,205,1
1764424183391,538,202,1
1764424183391,540,198,1
1764424183410,542,196,1
1764424183411,544,194,1
1764424183423,545,192,1
1764424183423,547,189,1
1764424183439,550,187,1
1764424183439,552,185,1
1764424183455,554,182,1
1764424183455,556,180,1
1764424183471,558,178,1
1764424183471,560,175,1
1764424183487,562,173,1
1764424183487,564,172,1
1764424183503,567,170,1
1764424183503,568,169,1
1764424183519,570,167,1
1764424183519,573,166,1
1764424183535,578,164,1
1764424183535,581,162,1
1764424183550,585,160,1
1764424183550,589,158,1
1764424183566,594,156,1
1764424183566,597,154,1
1764424183582,600,152,1
1764424183582,604,150,1
1764424183598,607,149,1
1764424183598,610,148,1
1764424183614,612,146,1
1764424183614,615,145,1
1764424183630,618,145,1
1764424183630,620,143,1
1764424183646,622,142,1
1764424183646,624,141,1
1764424183661,627,140,1
1764424183661,629,140,1
1764424183677,632,138,1
1764424183677,634,138,1
1764424183694,637,137,1
1764424183694,639,136,1
1764424183709,642,136,1
1764424183709,645,135,1
1764424183725,648,134,1
1764424183725,650,134,1
1764424183741,652,133,1
1764424183741,654,133,1
1764424183757,656,133,1
1764424183757,658,133,1
1764424183773,661,133,1
1764424183773,665,132,1
1764424183788,668,132,1
1764424183788,671,132,1
1764424183804,673,132,1
1764424183804,677,132,1
1764424183820,682,132,1
1764424183820,686,132,1
1764424183836,690,132,1
1764424183836,695,132,1
1764424183852,701,132,1
1764424183868,706,132,1
1764424183868,712,132,1
1764424183868,716,132,1
1764424183883,720,132,1
1764424183883,723,132,1
1764424183899,726,132,1
1764424183899,728,132,1
1764424183915,730,132,1
1764424183915,732,132,1
1764424183931,734,133,1
1764424183947,736,133,1
1764424183947,738,133,1
1764424183947,739,133,1
1764424183963,741,133,1
1764424183978,743,133,1
1764424183978,745,134,1
1764424183978,746,134,1
1764424183994,747,134,1
1764424183994,749,135,1
1764424184010,751,135,1
1764424184026,752,135,1
1764424184026,754,135,1
1764424184042,757,136,1
1764424184042,759,136,1
1764424184058,761,137,1
1764424184058,763,138,1
1764424184073,765,138,1
1764424184073,767,139,1
1764424184089,770,140,1
1764424184089,773,141,1
1764424184105,776,141,1
1764424184105,779,143,1
1764424184121,784,145,1
1764424184121,787,146,1
1764424184137,790,146,1
1764424184137,793,147,1
1764424184152,795,149,1
1764424184152,797,149,1
1764424184169,800,150,1
1764424184169,803,151,1
1764424184184,805,152,1
1764424184184,807,152,1
1764424184200,810,153,1
1764424184200,813,155,1
1764424184216,816,155,1
1764424184216,818,156,1
1764424184232,821,157,1
1764424184232,824,159,1
1764424184248,826,159,1
1764424184248,829,160,1
1764424184264,832,162,1
1764424184264,834,162,1
1764424184280,837,164,1
1764424184280,839,165,1
1764424184296,842,167,1
1764424184296,845,168,1
1764424184312,848,169,1
1764424184312,850,170,1
1764424184328,852,171,1
1764424184328,854,172,1
1764424184344,857,174,1
1764424184344,859,175,1
1764424184360,860,175,1
1764424184360,863,177,1
1764424184376,864,178,1
1764424184376,865,179,1
1764424184392,867,180,1
1764424184408,868,181,1
1764424184408,870,181,1
1764424184424,871,183,1
1764424184424,873,184,1
1764424184440,875,187,1
1764424184440,877,189,1
1764424184455,880,191,1
1764424184455,882,194,1
1764424184471,884,196,1
1764424184471,886,198,1
1764424184487,887,200,1
1764424184487,890,203,1
1764424184503,891,204,1
1764424184503,892,206,1
1764424184519,894,208,1
1764424184519,895,210,1
1764424184535,897,212,1
1764424184535,898,214,1
1764424184551,900,217,1
1764424184551,901,220,1
1764424184569,903,222,1
1764424184569,905,224,1
1764424184583,908,227,1
1764424184583,909,229,1
1764424184599,911,232,1
1764424184599,912,235,1
1764424184614,914,239,1
1764424184614,915,241,1
1764424184630,917,244,1
1764424184630,919,247,1
1764424184646,920,251,1
1764424184646,922,254,1
1764424184662,924,256,1
1764424184662,925,260,1
1764424184678,927,263,1
1764424184678,928,266,1
1764424184694,929,269,1
1764424184694,931,274,1
1764424184710,933,278,1
1764424184710,935,283,1
1764424184726,936,286,1
1764424184726,938,291,1
1764424184742,940,294,1
1764424184742,941,297,1
1764424184758,942,299,1
1764424184758,943,302,1
1764424184779,944,305,1
1764424184781,944,307,1
1764424184790,945,309,1
1764424184790,946,312,1
1764424184806,947,315,1
1764424184806,947,317,1
1764424184822,948,320,1
1764424184822,949,324,1
1764424184838,949,327,1
1764424184838,949,329,1
1764424184854,949,332,1
1764424184854,950,335,1
1764424184869,950,338,1
1764424184869,950,341,1
1764424184885,950,344,1
1764424184885,950,347,1
1764424184901,950,350,1
1764424184901,950,353,1
1764424184917,950,356,1
1764424184917,950,359,1
1764424184932,950,362,1
1764424184932,950,365,1
1764424184948,950,369,1
1764424184948,950,372,1
1764424184965,950,376,1
1764424184965,950,379,1
1764424184979,950,382,1
1764424184995,950,385,1
1764424184995,950,389,1
1764424185011,950,393,1
1764424185011,950,396,1
1764424185011,950,399,1
1764424185027,950,403,1
1764424185027,950,406,1
1764424185043,950,410,1
1764424185043,950,413,1
1764424185059,950,417,1
1764424185075,950,421,1
1764424185075,949,424,1
1764424185075,948,427,1
1764424185090,947,431,1
1764424185090,947,436,1
1764424185106,946,439,1
1764424185106,946,442,1
1764424185122,945,445,1
1764424185122,945,448,1
1764424185138,944,451,1
1764424185154,944,453,1
1764424185154,943,455,1
1764424185170,943,457,1
1764424185176,943,460,1
1764424185186,943,462,1
1764424185186,943,464,1
1764424185201,942,466,1
1764424185201,941,468,1
1764424185217,941,470,1
1764424185217,940,472,1
1764424185233,940,475,1
1764424185233,938,477,1
1764424185249,938,480,1
1764424185249,937,483,1
1764424185265,936,486,1
1764424185265,934,490,1
1764424185281,932,493,1
1764424185281,931,497,1
1764424185297,929,502,1
1764424185297,927,505,1
1764424185313,926,509,1
1764424185313,924,512,1
1764424185329,922,515,1
1764424185329,921,518,1
1764424185345,919,522,1
1764424185345,917,525,1
1764424185361,916,527,1
1764424185361,914,530,1
1764424185377,912,533,1
1764424185377,909,536,1
1764424185392,907,540,1
1764424185392,904,542,1
1764424185408,902,544,1
1764424185408,900,547,1
1764424185424,897,549,1
1764424185424,894,552,1
1764424185440,890,554,1
1764424185440,887,557,1
1764424185456,885,559,1
1764424185456,881,562,1
1764424185472,878,563,1
1764424185472,874,566,1
1764424185488,871,568,1
1764424185488,868,569,1
1764424185503,866,571,1
1764424185503,863,572,1
1764424185520,861,574,1
1764424185520,859,575,1
1764424185535,857,576,1
1764424185535,854,577,1
1764424185551,852,577,1
1764424185551,849,579,1
1764424185567,846,580,1
1764424185567,843,581,1
1764424185583,838,582,1
1764424185583,834,583,1
1764424185599,828,584,1
1764424185599,824,586,1
1764424185615,820,587,1
1764424185615,814,588,1
1764424185631,809,590,1
1764424185631,805,590,1
1764424185647,800,591,1
1764424185647,795,592,1
1764424185662,790,593,1
1764424185662,784,594,1
1764424185678,778,595,1
1764424185678,773,595,1
1764424185694,767,596,1
1764424185694,762,596,1
1764424185710,756,596,1
1764424185710,751,597,1
1764424185726,747,597,1
1764424185726,743,597,1
1764424185742,738,598,1
1764424185742,734,598,1
1764424185757,730,598,1
1764424185757,726,598,1
1764424185773,723,598,1
1764424185773,719,598,1
1764424185789,715,598,1
1764424185789,711,598,1
1764424185804,707,598,1
1764424185804,702,599,1
1764424185820,698,599,1
1764424185820,694,599,1
1764424185836,691,599,1
1764424185836,688,599,1
1764424185852,685,599,1
1764424185852,682,599,1
1764424185867,679,599,1
1764424185867,675,599,1
1764424185883,671,599,1
1764424185883,665,599,1
1764424185899,661,599,1
1764424185899,656,599,1
1764424185915,650,598,1
1764424185931,645,597,1
1764424185931,639,597,1
1764424185931,635,595,1
1764424185947,631,595,1
1764424185947,627,593,1
1764424185963,624,593,1
1764424185978,621,593,1
1764424185978,618,592,1
1764424185978,615,590,1
1764424185994,612,590,1
1764424186010,609,589,1
1764424186010,604,588,1
1764424186010,600,586,1
1764424186026,595,584,1
1764424186026,591,582,1
1764424186042,586,580,1
1764424186042,582,580,1
1764424186058,579,578,1
1764424186058,575,576,1
1764424186074,572,576,1
1764424186090,569,574,1
1764424186090,565,571,1
1764424186090,562,570,1
1764424186106,559,567,1
1764424186122,555,564,1
1764424186122,553,562,1
1764424186122,551,561,1
1764424186140,548,558,1
1764424186153,546,556,1
1764424186153,544,554,1
1764424186169,540,551,1
1764424186169,537,547,1
1764424186185,533,543,1
1764424186185,528,539,1
1764424186201,523,534,1
1764424186201,518,529,1
1764424186217,513,524,1
1764424186217,509,519,1
1764424186233,507,516,1
1764424186233,504,512,1
1764424186249,503,510,1
1764424186249,501,507,1
1764424186265,499,504,1
1764424186265,498,499,1
1764424186281,496,495,1
1764424186281,493,491,1
1764424186297,491,488,1
1764424186297,489,484,1
1764424186312,487,482,1
1764424186312,486,480,1
1764424186329,484,477,1
1764424186329,484,474,1
1764424186345,482,470,1
1764424186345,481,467,1
1764424186361,480,464,1
1764424186361,479,461,1
1764424186377,479,457,1
1764424186377,477,452,1
1764424186393,476,447,1
1764424186393,475,441,1
1764424186409,475,437,1
1764424186409,475,433,1
1764424186424,475,429,1
1764424186424,475,424,1
1764424186440,475,420,1
1764424186440,475,415,1
1764424186456,475,411,1
1764424186456,475,407,1
1764424186472,475,402,1
1764424186472,475,399,1
1764424186488,475,395,1
1764424186488,476,391,1
1764424186503,476,387,1
1764424186503,476,383,1
1764424186519,477,379,1
1764424186519,477,374,1
1764424186535,478,370,1
1764424186535,478,365,1
1764424186551,479,359,1
1764424186560,480,353,1
1764424186567,481,348,1
1764424186567,481,342,1
1764424186583,482,337,1
1764424186583,483,331,1
1764424186599,484,325,1
1764424186599,485,320,1
1764424186615,486,313,1
1764424186615,487,307,1
1764424186631,488,302,1
1764424186631,490,296,1
1764424186646,491,290,1
1764424186646,493,285,1
1764424186663,495,279,1
1764424186663,497,273,1
1764424186678,498,269,1
1764424186678,499,264,1
1764424186694,501,260,1
1764424186694,503,255,1
1764424186710,505,251,1
1764424186710,507,245,1
1764424186726,509,239,1
1764424186726,510,235,1
1764424186742,513,230,1
1764424186742,515,225,1
1764424186759,517,221,1
1764424186759,520,216,1
1764424186777,521,212,1
1764424186779,523,207,1
1764424186790,525,204,1
1764424186790,527,201,1
1764424186806,528,198,1
1764424186806,530,195,1
1764424186822,531,192,1
1764424186822,534,187,1
1764424186837,537,184,1
1764424186837,539,180,1
1764424186853,542,177,1
1764424186853,544,173,1
1764424186869,546,170,1
1764424186869,549,166,1
1764424186884,551,164,1
1764424186884,554,161,1
1764424186900,557,158,1
1764424186900,561,155,1
1764424186916,564,153,1
1764424186916,566,151,1
1764424186932,570,148,1
1764424186932,572,146,1
1764424186947,574,144,1
1764424186947,577,143,1
1764424186963,579,141,1
1764424186963,582,139,1
1764424186979,586,137,1
1764424186979,590,135,1
1764424186995,595,133,1
1764424187010,598,132,1
1764424187010,602,130,1
1764424187026,607,129,1
1764424187026,611,127,1
1764424187026,616,126,1
1764424187042,620,126,1
1764424187042,624,126,1
1764424187058,628,125,1
1764424187073,633,124,1
1764424187073,637,124,1
1764424187089,641,122,1
1764424187089,646,122,1
1764424187105,650,121,1
1764424187105,654,120,1
1764424187121,659,119,1
1764424187121,662,119,1
1764424187136,665,119,1
1764424187136,668,119,1
1764424187152,671,119,1
1764424187152,674,119,1
1764424187168,677,118,1
1764424187168,680,118,1
1764424187184,683,118,1
1764424187184,686,118,1
1764424187200,689,118,1
1764424187200,692,118,1
0,0,0,0
1764424187216,695,117,1
1764424187216,698,117,1
1764424187232,702,117,1
1764424187232,706,117,1
1764424187247,710,117,1
1764424187247,714,117,1
1764424187263,718,117,1
1764424187263,722,117,1
1764424187279,728,117,1
1764424187279,733,117,1
1764424187295,737,117,1
1764424187295,743,117,1
1764424187311,748,118,1
1764424187311,752,118,1
1764424187327,757,119,1
1764424187327,761,120,1
1764424187343,765,120,1
1764424187343,770,121,1
1764424187359,774,122,1
1764424187359,777,122,1
1764424187375,779,123,1
1764424187375,782,124,1
1764424187391,784,125,1
1764424187391,787,125,1
1764424187407,791,126,1
1764424187407,795,128,1
1764424187423,800,130,1
1764424187423,805,132,1
1764424187438,810,133,1
1764424187438,816,135,1
1764424187454,820,137,1
1764424187454,825,139,1
1764424187470,828,141,1
1764424187470,831,142,1
1764424187486,835,144,1
1764424187486,839,147,1
1764424187505,843,150,1
1764424187509,848,153,1
1764424187517,851,156,1
1764424187517,855,158,1
1764424187533,858,161,1
1764424187533,860,163,1
1764424187549,863,166,1
1764424187549,866,168,1
1764424187565,868,170,1
1764424187565,872,174,1
1764424187581,875,178,1
1764424187581,877,181,1
1764424187597,880,185,1
1764424187597,882,187,1
1764424187613,884,189,1
1764424187613,887,191,1
1764424187628,888,194,1
1764424187628,890,196,1
1764424187644,891,197,1
1764424187644,893,200,1
1764424187660,894,202,1
1764424187660,896,204,1
1764424187675,897,206,1
1764424187675,898,207,1
1764424187691,898,208,1
1764424187691,900,210,1
1764424187707,901,211,1
1764424187707,902,213,1
1764424187723,903,215,1
1764424187723,904,218,1
1764424187739,906,219,1
1764424187755,907,221,1
1764424187755,909,224,1
1764424187770,909,225,1
1764424187802,910,226,1
1764424187802,911,226,1
1764424187818,911,227,1
1764424187834,911,228,1
1764424187882,912,228,1
1764424187882,912,229,1
1764424187882,913,230,1
1764424187898,913,231,1
1764424187914,914,231,1
1764424187914,915,233,1
1764424187930,916,234,1
1764424187930,918,235,1
1764424187946,919,237,1
1764424187946,920,239,1
1764424187962,922,241,1
1764424187962,923,242,1
1764424187977,924,243,1
1764424187983,925,246,1
1764424187993,927,248,1
1764424187994,929,251,1
1764424188009,930,254,1
1764424188009,933,258,1
1764424188025,935,261,1
1764424188025,938,265,1
1764424188041,940,268,1
1764424188041,941,270,1
1764424188057,943,273,1
1764424188057,944,276,1
1764424188073,946,278,1
1764424188073,946,280,1
1764424188088,947,282,1
1764424188088,948,285,1
1764424188104,949,286,1
1764424188104,949,288,1
1764424188120,950,290,1
1764424188120,951,292,1
1764424188136,951,293,1
1764424188136,951,294,1
1764424188152,951,296,1
1764424188152,951,297,1
1764424188167,952,299,1
1764424188167,952,301,1
1764424188183,952,303,1
1764424188183,953,306,1
1764424188201,953,309,1
1764424188201,954,312,1
1764424188215,954,317,1
1764424188215,954,320,1
1764424188231,955,324,1
1764424188231,955,327,1
1764424188247,955,329,1
1764424188247,956,331,1
1764424188263,956,334,1
1764424188263,956,335,1
1764424188279,956,336,1
1764424188311,956,337,1
1764424188327,956,338,1
1764424188552,956,336,1
1764424188552,954,332,1
1764424188568,951,326,1
1764424188568,947,320,1
1764424188584,943,313,1
1764424188584,939,306,1
1764424188600,936,300,0
1764424188600,933,294,0
1764424188616,929,289,0
1764424188616,926,284,0
1764424188632,922,278,0
1764424188632,918,273,0
1764424188650,914,269,0
1764424188650,910,263,0
1764424188664,906,258,0
1764424188664,901,252,0
1764424188680,896,246,0
1764424188680,891,241,0
1764424188696,886,236,0
1764424188696,882,232,0
1764424188712,878,228,0
1764424188712,874,225,0
1764424188728,870,222,0
1764424188728,867,220,0
1764424188744,865,218,0
1764424188744,863,217,0
1764424188760,859,214,0
1764424188760,856,212,0
1764424188775,854,211,0
1764424188775,851,209,0
1764424188791,847,207,0
1764424188791,844,205,0
1764424188807,841,203,0
1764424188807,837,202,0
1764424188823,834,201,0
1764424188823,831,199,0
1764424188839,828,198,0
1764424188839,824,197,0
1764424188855,821,195,0
1764424188855,818,194,0
1764424188871,813,192,0
1764424188871,809,190,0
1764424188887,804,188,0
1764424188887,801,187,0
1764424188903,798,185,0
1764424188903,793,183,0
1764424188919,790,181,0
1764424188919,787,180,0
1764424188935,783,178,0
1764424188935,780,177,0
1764424188951,777,175,0
1764424188951,773,173,0
1764424188967,771,172,0
1764424188967,768,170,0
1764424188983,766,169,0
1764424188983,763,167,0
1764424188999,762,166,0
1764424188999,760,166,0
1764424189019,758,165,0
1764424189022,756,164,0
1764424189031,755,163,0
1764424189031,754,162,0
1764424189047,752,162,0
1764424189063,751,161,0
1764424189063,750,161,0
1764424189081,749,160,0
1764424189096,748,159,0
1764424189096,747,158,0
1764424189112,746,157,0
1764424189112,744,157,0
1764424189128,743,156,0
1764424189160,742,156,0
1764424189160,741,156,0
1764424189176,741,155,0
1764424189176,740,155,0
1764424189192,740,154,0
1764424189192,738,153,0
1764424189208,737,152,0
1764424189208,736,151,0
1764424189224,733,148,0
1764424189224,731,146,0
1764424189240,729,144,1
1764424189240,726,141,1
1764424189255,723,139,1
1764424189255,719,135,1
1764424189271,717,132,1
1764424189271,714,128,1
1764424189287,710,124,1
1764424189287,708,121,1
1764424189303,706,120,1
1764424189303,704,118,1
1764424189351,704,117,1
1764424189464,703,117,1
1764424189464,702,117,1
1764424189591,704,117,1
1764424189607,705,117,1
1764424189607,708,118,1
1764424189622,710,118,1
1764424189622,713,119,1
1764424189638,715,120,1
1764424189638,719,122,1
1764424189654,721,123,1
1764424189654,723,125,1
1764424189670,725,126,1
1764424189670,727,127,1
1764424189686,728,127,1
1764424189686,729,128,1
1764424193854,730,129,1
1764424193854,731,129,1
1764424193870,732,129,1
1764424193870,733,129,1
1764424193885,734,130,1
1764424193885,737,131,1
1764424193901,740,131,1
1764424193901,743,131,1
1764424193917,747,131,1
1764424193917,752,131,1
1764424193933,759,131,1
1764424193933,765,131,1
1764424193949,772,131,1
1764424193949,778,131,1
1764424193965,783,131,1
1764424193965,786,131,1
1764424193981,789,131,1
1764424193981,792,131,1
1764424193996,795,131,1
1764424193996,798,131,1
1764424194012,801,131,1
1764424194012,804,131,1
1764424194028,807,131,1
1764424194028,811,131,1
1764424194043,814,131,1
1764424194043,818,131,1
1764424194059,822,131,1
1764424194059,825,131,1
1764424194075,828,131,1
1764424194075,830,131,1
1764424194091,832,131,1
1764424194091,834,131,1
1764424194108,835,131,1
1764424194108,836,131,1
1764424194122,838,132,1
1764424194122,840,132,1
1764424194139,841,133,1
1764424194139,843,133,1
1764424194155,845,134,1
1764424194155,846,134,1
1764424194170,847,135,1
1764424194170,848,135,1
1764424194188,849,136,1
1764424194202,850,137,1
1764424194204,852,137,1
1764424194204,853,139,1
1764424194218,856,140,1
1764424194218,858,142,1
1764424194234,860,143,1
1764424194234,862,145,1
1764424194250,864,148,1
1764424194250,866,150,1
1764424194266,868,152,1
1764424194282,870,154,1
1764424194282,872,157,1
1764424194282,875,160,1
1764424194298,877,163,1
1764424194298,879,165,1
1764424194318,881,169,1
1764424194329,883,171,1
1764424194329,885,174,1
1764424194345,888,176,1
1764424194345,890,180,1
1764424194360,893,182,1
1764424194360,895,185,1
1764424194376,897,187,1
1764424194376,899,189,1
1764424194392,901,191,1
1764424194392,902,194,1
1764424194408,904,195,1
1764424194408,905,196,1
1764424194424,906,198,1
1764424194424,907,200,1
1764424194439,910,202,1
1764424194439,911,204,1
1764424194455,913,206,1
1764424194455,914,208,1
1764424194471,916,209,1
1764424194471,917,210,1
1764424194487,918,212,1
1764424194487,919,213,1
1764424194503,921,215,1
1764424194503,922,218,1
1764424194519,924,220,1
1764424194519,926,223,1
1764424194535,929,227,1
1764424194535,930,230,1
1764424194550,932,233,1
1764424194550,934,237,1
1764424194566,935,240,1
1764424194566,938,245,1
1764424194582,940,248,1
1764424194582,941,251,1
1764424194598,943,253,1
1764424194598,944,256,1
1764424194614,946,258,1
1764424194614,947,260,1
1764424194630,948,263,1
1764424194630,949,266,1
1764424194646,950,269,1
1764424194646,951,273,1
1764424194662,953,277,1
1764424194662,955,280,1
1764424194678,956,284,1
1764424194678,957,287,1
1764424194694,958,290,1
1764424194694,959,293,1
1764424194710,959,295,1
1764424194710,959,297,1
1764424194726,959,300,1
1764424194726,959,302,1
1764424194741,959,304,1
1764424194741,959,307,1
1764424194760,959,309,1
1764424194768,960,311,1
1764424194777,960,313,1
1764424194785,961,315,1
1764424194789,961,318,1
1764424194789,961,321,1
1764424194805,962,325,1
1764424194805,962,329,1
1764424194821,962,333,1
1764424194821,963,337,1
1764424194837,963,340,1
1764424194837,963,343,1
1764424194853,963,347,1
1764424194853,963,350,1
1764424194869,963,353,1
1764424194869,963,356,1
1764424194885,963,359,1
1764424194885,963,363,1
1764424194900,963,366,1
1764424194900,963,370,1
1764424194916,963,374,1
1764424194916,963,378,1
1764424194932,963,382,1
1764424194932,963,386,1
1764424194947,963,391,1
1764424194947,963,395,1
1764424194963,963,399,1
1764424194963,963,404,1
1764424194980,963,410,1
1764424194980,963,415,1
1764424194995,963,422,1
1764424194995,963,429,1
1764424195011,963,434,1
1764424195011,963,441,1
1764424195027,963,447,1
1764424195027,963,453,1
1764424195042,963,458,1
1764424195058,963,462,1
1764424195058,963,465,1
1764424195074,963,468,1
1764424195074,963,471,1
1764424195074,963,474,1
1764424195090,963,477,1
1764424195090,963,479,1
1764424195106,962,481,1
1764424195106,961,483,1
1764424195122,960,485,1
1764424195122,960,487,1
1764424195138,960,490,1
1764424195138,959,492,1
1764424195154,958,494,1
1764424195154,958,497,1
1764424195170,957,499,1
1764424195170,957,501,1
1764424195190,955,504,1
1764424195201,954,507,1
1764424195201,951,510,1
1764424195218,949,513,1
1764424195220,946,516,1
1764424195220,943,520,1
1764424195233,941,523,1
1764424195249,939,525,1
1764424195249,935,529,1
1764424195265,931,534,1
1764424195265,928,537,1
1764424195281,925,541,1
1764424195281,923,543,1
1764424195297,919,547,1
1764424195297,915,549,1
1764424195313,913,552,1
1764424195313,911,554,1
1764424195329,909,555,1
1764424195329,908,557,1
1764424195344,906,558,1
1764424195344,903,560,1
1764424195360,902,561,1
1764424195360,901,563,1
1764424195376,899,563,1
1764424195376,897,565,1
1764424195392,896,566,1
1764424195392,893,568,1
1764424195408,891,569,1
1764424195408,889,571,1
1764424195424,887,571,1
1764424195424,886,573,1
1764424195440,885,574,1
1764424195440,883,574,1
1764424195456,881,575,1
1764424195456,879,576,1
1764424195473,876,577,1
1764424195473,873,579,1
1764424195487,868,580,1
1764424195487,862,582,1
1764424195503,858,583,1
1764424195503,855,584,1
1764424195519,850,586,1
1764424195519,846,587,1
1764424195535,843,588,1
1764424195535,840,588,1
1764424195551,837,589,1
1764424195551,834,590,1
1764424195567,831,591,1
1764424195567,827,592,1
1764424195583,824,592,1
1764424195583,822,593,1
1764424195598,819,594,1
1764424195598,816,595,1
1764424195614,813,595,1
1764424195614,810,596,1
1764424195630,808,597,1
1764424195630,805,598,1
1764424195646,801,598,1
1764424195646,798,598,1
1764424195662,794,599,1
1764424195662,791,600,1
1764424195681,787,600,1
1764424195687,783,601,1
1764424195693,779,601,1
1764424195693,774,602,1
1764424195709,770,603,1
1764424195709,764,604,1
1764424195725,759,604,1
1764424195725,755,604,1
1764424195741,750,605,1
1764424195741,746,605,1
1764424195757,743,605,1
1764424195757,740,606,1
1764424195773,738,606,1
1764424195773,736,606,1
1764424195789,733,607,1
1764424195789,730,607,1
1764424195805,727,607,1
1764424195805,723,608,1
1764424195820,719,608,1
1764424195820,713,608,1
1764424195836,708,608,1
1764424195836,704,608,1
1764424195852,699,608,1
1764424195852,695,608,1
1764424195868,692,608,1
1764424195868,690,608,1
1764424195884,688,608,1
1764424195884,685,608,1
1764424195900,682,608,1
1764424195900,679,608,1
1764424195915,676,608,1
1764424195915,673,608,1
1764424195931,670,608,1
1764424195931,668,608,1
1764424195947,666,608,1
1764424195947,664,607,1
1764424195963,661,606,1
1764424195963,659,605,1
1764424195979,655,604,1
1764424195994,650,602,1
1764424195994,646,600,1
1764424195994,641,598,1
1764424196010,637,597,1
1764424196010,634,596,1
1764424196026,631,594,1
1764424196026,626,592,1
1764424196042,623,592,1
1764424196058,617,590,1
1764424196058,611,588,1
1764424196074,607,586,1
1764424196074,602,584,1
1764424196090,598,582,1
1764424196090,595,581,1
1764424196090,590,578,1
1764424196106,587,576,1
1764424196106,582,573,1
1764424196122,577,572,1
1764424196137,574,570,1
1764424196137,571,568,1
1764424196153,569,568,1
1764424196153,566,566,1
1764424196153,563,564,1
1764424196173,561,562,1
1764424196185,559,561,1
1764424196185,557,558,1
1764424196185,556,557,1
1764424196201,554,555,1
1764424196217,554,554,1
1764424196217,552,552,1
1764424196233,551,550,1
1764424196233,549,546,1
1764424196249,546,543,1
1764424196249,544,539,1
1764424196265,542,536,1
1764424196265,539,533,1
1764424196281,538,530,1
1764424196281,536,527,1
1764424196297,533,524,1
1764424196297,531,520,1
1764424196312,530,517,1
1764424196312,528,514,1
1764424196328,526,511,1
1764424196328,525,507,1
1764424196344,523,505,1
1764424196344,522,502,1
1764424196360,520,498,1
1764424196360,518,495,1
1764424196376,517,492,1
1764424196376,515,489,1
1764424196392,513,485,1
1764424196392,512,482,1
1764424196408,511,479,1
1764424196408,509,474,1
1764424196424,508,471,1
1764424196424,508,468,1
1764424196439,507,466,1
1764424196439,506,463,1
1764424196455,505,460,1
1764424196455,505,457,1
1764424196471,504,454,1
1764424196471,503,451,1
1764424196487,502,447,1
1764424196487,500,443,1
1764424196503,500,439,1
1764424196503,499,434,1
1764424196519,498,430,1
1764424196519,496,424,1
1764424196535,495,419,1
1764424196535,493,413,1
1764424196550,492,407,1
1764424196550,491,402,1
1764424196566,490,396,1
1764424196566,490,389,1
1764424196582,489,384,1
1764424196582,489,378,1
1764424196598,488,371,1
1764424196598,488,366,1
1764424196614,488,361,1
1764424196614,488,355,1
1764424196630,488,350,1
1764424196630,488,344,1
1764424196646,488,339,1
1764424196646,488,333,1
1764424196662,488,328,1
1764424196662,489,324,1
1764424196677,490,318,1
1764424196677,492,312,1
1764424196694,494,307,1
1764424196694,496,301,1
1764424196710,498,295,1
1764424196710,500,289,1
1764424196726,503,283,1
1764424196726,506,276,1
1764424196742,509,270,1
1764424196742,512,263,1
1764424196758,515,257,1
1764424196758,518,250,1
1764424196774,521,244,1
1764424196774,524,238,1
1764424196789,528,232,1
1764424196789,532,226,1
1764424196805,535,220,1
1764424196805,539,214,1
1764424196821,543,208,1
1764424196821,547,202,1
1764424196838,550,197,1
1764424196838,554,193,1
1764424196853,558,188,1
1764424196853,562,183,1
1764424196869,566,178,1
1764424196869,569,175,1
1764424196885,573,171,1
1764424196885,576,168,1
1764424196901,579,166,1
1764424196901,581,163,1
1764424196917,584,160,1
1764424196917,586,159,1
1764424196933,589,156,1
1764424196933,593,154,1
1764424196948,595,151,1
1764424196948,598,150,1
1764424196964,601,147,1
1764424196964,603,146,1
1764424196980,604,145,1
1764424196995,607,143,1
1764424196995,610,141,1
1764424197011,612,141,1
1764424197011,615,139,1
1764424197011,618,138,1
1764424197027,623,137,1
1764424197027,627,136,1
1764424197047,631,135,1
1764424197047,636,134,1
1764424197058,640,133,1
1764424197058,644,133,1
1764424197074,647,132,1
1764424197074,650,132,1
1764424197090,655,132,1
1764424197090,660,132,1
1764424197106,666,131,1
1764424197106,671,131,1
1764424197122,677,130,1
1764424197138,683,130,1
1764424197138,690,130,1
1764424197154,697,130,1
1764424197154,702,130,1
1764424197154,708,130,1
1764424197170,712,130,1
1764424197170,716,130,1
1764424197185,720,130,1
1764424197185,724,130,1
1764424197201,727,130,1
1764424197217,731,130,1
1764424197217,735,130,1
1764424197217,739,130,1
1764424197233,745,131,1
1764424197249,751,132,1
1764424197249,757,133,1
1764424197264,766,134,1
1764424197264,773,135,1
1764424197280,778,135,1
1764424197280,784,136,1
1764424197296,788,137,1
1764424197296,793,139,1
1764424197312,796,140,1
1764424197312,800,141,1
1764424197328,803,141,1
1764424197328,808,143,1
1764424197344,812,145,1
1764424197344,818,147,1
1764424197360,824,149,1
1764424197360,829,151,1
1764424197376,835,153,1
1764424197376,842,155,1
1764424197392,848,157,1
1764424197392,853,159,1
1764424197408,857,160,1
1764424197410,862,162,1
1764424197424,866,164,1
1764424197424,871,166,1
1764424197440,875,168,1
1764424197440,880,170,1
1764424197456,883,172,1
1764424197456,887,175,1
1764424197471,891,177,1
1764424197471,896,180,1
1764424197488,901,183,1
1764424197488,905,186,1
1764424197504,909,188,1
1764424197504,912,191,1
1764424197520,914,193,1
1764424197520,917,194,1
1764424197536,919,196,1
1764424197536,920,199,1
1764424197552,923,201,1
1764424197552,925,204,1
1764424197567,928,208,1
1764424197567,930,210,1
1764424197583,933,214,1
1764424197583,936,217,1
1764424197599,938,221,1
1764424197599,941,224,1
1764424197615,942,227,1
1764424197615,944,232,1
1764424197631,946,236,1
1764424197631,948,241,1
1764424197646,950,245,1
1764424197646,951,251,1
1764424197662,952,258,1
1764424197662,952,264,1
1764424197678,953,270,1
1764424197678,954,277,1
1764424197693,955,283,1
1764424197693,956,290,1
1764424197709,957,297,1
1764424197709,958,305,1
1764424197725,959,313,1
1764424197725,959,320,1
1764424197743,959,328,1
1764424197743,960,336,1
1764424197757,960,343,1
1764424197757,961,350,1
1764424197773,962,355,1
1764424197773,963,362,1
1764424197789,964,368,1
1764424197789,964,373,1
1764424197805,965,379,1
1764424197805,965,383,1
1764424197820,965,387,1
1764424197820,965,391,1
1764424197836,966,397,1
1764424197836,966,401,1
1764424197852,966,405,1
1764424197852,967,409,1
1764424197868,967,413,1
1764424197868,967,417,1
1764424197884,967,420,1
1764424197884,967,423,1
1764424197900,967,426,1
1764424197900,967,429,1
1764424197915,967,432,1
1764424197915,967,436,1
1764424197931,967,439,1
1764424197931,966,444,1
1764424197947,965,447,1
1764424197947,964,450,1
1764424197963,963,454,1
1764424197979,961,458,1
1764424197979,958,462,1
1764424197995,957,467,1
1764424197995,954,471,1
1764424197995,951,476,1
1764424198011,948,481,1
1764424198011,945,485,1
1764424198026,943,490,1
1764424198026,940,494,1
1764424198042,937,498,1
1764424198058,935,502,1
1764424198058,932,506,1
1764424198074,929,510,1
1764424198074,927,513,1
1764424198074,924,517,1
1764424198090,922,519,1
1764424198090,919,521,1
1764424198106,917,525,1
1764424198106,914,527,1
1764424198122,913,529,1
1764424198138,911,532,1
1764424198138,909,533,1
1764424198154,908,535,1
1764424198154,906,538,1
1764424198154,905,539,1
1764424198170,903,541,1
1764424198170,900,543,1
1764424198186,898,545,1
1764424198186,896,548,1
1764424198203,892,550,1
1764424198217,889,553,1
1764424198217,885,555,1
1764424198233,882,559,1
1764424198233,877,563,1
1764424198249,873,565,1
1764424198249,869,568,1
1764424198265,865,572,1
1764424198265,861,574,1
1764424198281,859,577,1
1764424198281,856,579,1
1764424198297,851,582,1
1764424198297,848,585,1
1764424198313,844,587,1
1764424198313,841,590,1
1764424198329,836,593,1
1764424198329,831,596,1
1764424198345,827,597,1
1764424198345,822,600,1
1764424198361,819,602,1
1764424198361,815,603,1
1764424198377,812,605,1
1764424198377,809,607,1
1764424198393,806,608,1
1764424198393,803,608,1
1764424198409,799,610,1
1764424198416,796,611,1
1764424198424,793,612,1
1764424198424,789,612,1
1764424198440,785,613,1
1764424198440,780,614,1
1764424198456,776,615,1
1764424198456,772,616,1
1764424198472,766,617,1
1764424198472,762,618,1
1764424198487,757,618,1
1764424198487,753,618,1
1764424198503,749,618,1
1764424198503,745,618,1
1764424198519,740,618,1
1764424198519,734,618,1
1764424198536,729,618,1
1764424198536,723,618,1
1764424198551,719,618,1
1764424198551,715,618,1
1764424198567,711,618,1
1764424198567,706,618,1
1764424198583,701,618,1
1764424198583,696,618,1
1764424198599,692,617,1
1764424198599,686,616,1
1764424198614,682,616,1
1764424198614,678,615,1
1764424198630,675,614,1
1764424198630,672,614,1
1764424198646,669,613,1
1764424198646,666,613,1
1764424198662,663,613,1
1764424198662,660,612,1
1764424198678,656,611,1
1764424198678,651,609,1
1764424198694,648,609,1
1764424198694,644,608,1
1764424198710,641,606,1
1764424198710,638,606,1
1764424198726,635,604,1
1764424198726,632,604,1
1764424198742,629,603,1
1764424198742,627,601,1
1764424198757,625,601,1
1764424198757,622,600,1
1764424198773,619,598,1
1764424198773,615,596,1
1764424198789,612,593,1
1764424198789,607,590,1
1764424198805,602,587,1
1764424198805,598,585,1
1764424198821,592,582,1
1764424198821,587,579,1
1764424198837,584,576,1
1764424198837,580,574,1
1764424198853,578,572,1
1764424198853,576,571,1
1764424198869,575,569,1
1764424198869,574,568,1
1764424198885,572,566,1
1764424198885,570,563,1
1764424198901,567,561,1
1764424198901,565,559,1
1764424198917,563,555,1
1764424198917,560,553,1
1764424198932,558,551,1
1764424198932,556,548,1
1764424198948,553,546,1
1764424198948,552,544,1
1764424198964,549,541,1
1764424198964,548,539,1
1764424198980,546,537,1
1764424198980,543,535,1
1764424198996,542,532,1
1764424198996,540,530,1
1764424199011,537,528,1
1764424199011,536,525,1
1764424199027,533,523,1
1764424199027,532,520,1
1764424199043,530,517,1
1764424199058,529,514,1
1764424199058,526,511,1
1764424199074,523,506,1
1764424199074,521,503,1
1764424199074,518,498,1
1764424199090,515,494,1
1764424199090,512,489,1
1764424199106,509,484,1
1764424199106,504,478,1
1764424199121,501,473,1
1764424199137,497,467,1
1764424199137,493,461,1
1764424199137,489,456,1
1764424199153,486,452,1
1764424199153,483,448,1
1764424199169,481,444,1
1764424199169,479,440,1
1764424199185,477,437,1
1764424199185,476,434,1
1764424199201,474,429,1
1764424199217,472,425,1
1764424199217,470,420,1
1764424199233,468,416,1
1764424199233,467,411,1
1764424199249,465,407,1
1764424199249,464,402,1
1764424199265,464,399,1
1764424199265,464,396,1
1764424199280,464,393,1
1764424199280,464,390,1
1764424199296,464,386,1
1764424199296,464,383,1
1764424199312,464,379,1
1764424199312,465,375,1
1764424199328,465,371,1
1764424199328,466,366,1
1764424199344,468,361,1
1764424199344,469,355,1
1764424199360,471,349,1
1764424199360,473,343,1
1764424199376,476,337,1
1764424199376,479,332,1
1764424199392,482,326,1
1764424199392,485,320,1
1764424199408,488,314,1
1764424199408,491,308,1
1764424199423,495,302,1
1764424199423,498,296,1
1764424199439,501,291,1
1764424199439,505,285,1
1764424199455,508,281,1
1764424199455,511,276,1
1764424199471,515,270,1
1764424199471,519,265,1
1764424199487,522,260,1
1764424199487,526,256,1
1764424199503,529,251,1
1764424199503,532,246,1
1764424199519,534,242,1
1764424199519,537,238,1
1764424199534,540,235,1
1764424199534,542,231,1
1764424199550,545,228,1
1764424199550,547,224,1
1764424199568,549,221,1
1764424199568,552,217,1
1764424199582,554,214,1
1764424199582,557,209,1
1764424199598,561,205,1
1764424199598,565,200,1
1764424199613,568,196,1
1764424199613,572,191,1
1764424199629,576,188,1
1764424199629,579,184,1
1764424199645,583,179,1
1764424199645,587,176,1
1764424199661,591,171,1
1764424199661,594,167,1
1764424199677,598,164,1
1764424199677,603,160,1
1764424199693,607,157,1
1764424199693,611,154,1
1764424199709,615,151,1
1764424199709,618,148,1
1764424199725,621,146,1
1764424199725,625,144,1
1764424199741,629,142,1
1764424199741,633,140,1
1764424199757,637,139,1
1764424199757,642,137,1
1764424199776,646,136,1
1764424199776,649,134,1
1764424199788,654,133,1
1764424199788,658,133,1
1764424199804,662,131,1
1764424199804,667,130,1
1764424199820,671,129,1
1764424199820,675,128,1
1764424199836,680,128,1
1764424199836,684,128,1
1764424199852,688,127,1
1764424199852,692,127,1
1764424199868,696,127,1
1764424199868,700,127,1
1764424199884,705,126,1
1764424199884,709,126,1
1764424199900,714,126,1
1764424199900,718,126,1
1764424199916,723,126,1
1764424199916,728,126,1
1764424199931,733,126,1
1764424199931,739,126,1
1764424199947,744,126,1
1764424199947,750,126,1
1764424199963,755,126,1
1764424199963,761,126,1
1764424199978,766,126,1
1764424199978,771,126,1
1764424199996,776,126,1
1764424200010,780,127,1
1764424200010,784,128,1
1764424200010,789,129,1
1764424200026,794,130,1
1764424200026,800,131,1
1764424200042,805,132,1
1764424200042,810,133,1
1764424200058,814,134,1
1764424200058,820,134,1
1764424200073,825,136,1
1764424200089,830,138,1
1764424200089,834,140,1
1764424200105,839,142,1
1764424200105,844,144,1
1764424200121,848,145,1
1764424200121,853,148,1
1764424200137,857,151,1
1764424200137,862,154,1
1764424200152,867,158,1
1764424200152,872,162,1
1764424200168,878,166,1
1764424200168,883,169,1
1764424200184,887,173,1
1764424200184,892,177,1
1764424200200,897,181,1
1764424200203,902,186,1
1764424200215,907,191,1
1764424200215,912,196,1
1764424200232,916,200,1
1764424200232,919,204,1
1764424200247,922,208,1
1764424200247,923,210,1
1764424200266,925,213,1
1764424200266,926,216,1
1764424200279,929,220,1
1764424200279,931,223,1
1764424200295,933,228,1
1764424200295,934,232,1
1764424200311,936,237,1
1764424200311,938,240,1
1764424200326,940,244,1
1764424200326,941,248,1
1764424200342,942,252,1
1764424200342,943,255,1
1764424200358,945,258,1
1764424200358,945,262,1
1764424200374,946,266,1
1764424200374,947,270,1
1764424200390,947,274,1
1764424200390,947,278,1
1764424200405,947,284,1
1764424200405,947,289,1
1764424200421,947,293,1
1764424200421,947,299,1
1764424200437,947,304,1
1764424200437,947,310,1
1764424200453,948,317,1
1764424200453,948,322,1
1764424200469,948,327,1
1764424200469,948,333,1
1764424200485,948,338,1
1764424200485,948,344,1
1764424200501,948,349,1
1764424200501,948,353,1
1764424200517,948,359,1
1764424200517,948,363,1
1764424200532,948,367,1
1764424200532,948,371,1
1764424200548,948,374,1
1764424200548,948,377,1
1764424200564,948,380,1
1764424200564,949,382,1
1764424200580,949,384,1
1764424200580,950,387,1
1764424200596,950,390,1
1764424200596,950,392,1
1764424200612,950,394,1
1764424200612,950,397,1
1764424200628,950,399,1
1764424200628,951,402,1
1764424200643,951,405,1
1764424200643,951,408,1
1764424200659,952,411,1
1764424200659,952,413,1
1764424200675,952,416,1
1764424200675,952,418,1
1764424200691,952,421,1
1764424200706,952,423,1
1764424200706,952,426,1
1764424200706,952,428,1
1764424200722,952,431,1
1764424200722,952,434,1
1764424200738,952,437,1
1764424200738,951,440,1
1764424200754,950,444,1
1764424200769,949,449,1
1764424200769,947,453,1
1764424200769,946,458,1
1764424200785,945,462,1
1764424200785,944,466,1
1764424200801,942,471,1
1764424200801,941,475,1
1764424200817,939,480,1
1764424200833,938,484,1
1764424200833,936,489,1
1764424200833,934,493,1
1764424200849,932,497,1
1764424200865,931,501,1
1764424200865,930,504,1
1764424200881,928,507,1
1764424200881,926,511,1
1764424200897,925,514,1
1764424200897,923,517,1
1764424200913,922,521,1
1764424200913,920,524,1
1764424200929,917,527,1
1764424200931,916,530,1
1764424200945,913,532,1
1764424200945,911,535,1
1764424200961,909,538,1
1764424200963,908,540,1
1764424200977,905,543,1
1764424200977,903,546,1
1764424200993,900,549,1
1764424200993,897,552,1
1764424201008,893,555,1
1764424201008,889,558,1
1764424201024,884,562,1
1764424201024,879,565,1
1764424201040,875,567,1
1764424201040,869,571,1
1764424201056,864,574,1
1764424201056,859,577,1
1764424201072,855,580,1
1764424201072,850,583,1
1764424201088,845,584,1
1764424201088,840,586,1
1764424201104,833,588,1
1764424201104,827,590,1
1764424201120,820,592,1
1764424201120,813,594,1
1764424201137,807,596,1
1764424201144,801,598,1
1764424201152,794,600,1
1764424201152,787,602,1
1764424201168,780,603,1
1764424201168,773,605,1
1764424201183,766,607,1
1764424201183,759,608,1
1764424201199,752,610,1
1764424201199,744,611,1
1764424201215,737,613,1
1764424201215,730,614,1
1764424201231,725,615,1
1764424201231,719,616,1
1764424201247,715,617,1
1764424201247,709,618,1
1764424201263,704,619,1
1764424201263,698,620,1
1764424201279,692,621,1
1764424201279,687,621,1
1764424201295,681,621,1
1764424201295,676,621,1
1764424201310,672,621,1
1764424201310,668,621,1
1764424201326,665,621,1
1764424201326,662,621,1
1764424201342,659,621,1
1764424201342,655,620,1
1764424201358,652,619,1
1764424201358,648,617,1
1764424201374,645,616,1
1764424201374,642,615,1
1764424201390,639,613,1
1764424201390,634,612,1
1764424201405,631,609,1
1764424201405,627,606,1
1764424201421,624,604,1
1764424201421,620,601,1
1764424201437,617,599,1
1764424201437,612,595,1
1764424201453,608,591,1
1764424201453,603,587,1
1764424201469,599,583,1
1764424201469,594,580,1
1764424201485,589,576,1
1764424201485,584,572,1
1764424201501,581,568,1
1764424201501,576,563,1
1764424201517,571,559,1
1764424201517,566,555,1
1764424201533,561,550,1
1764424201533,556,545,1
1764424201549,553,541,1
1764424201549,549,536,1
1764424201565,546,533,1
1764424201565,544,529,1
1764424201580,541,525,1
1764424201580,538,520,1
1764424201596,535,515,1
1764424201596,532,509,1
1764424201612,529,505,1
1764424201612,526,500,1
1764424201628,523,494,1
1764424201628,520,489,1
1764424201643,517,483,1
1764424201643,515,479,1
1764424201659,512,474,1
1764424201659,510,470,1
1764424201675,508,464,1
1764424201675,507,459,1
1764424201690,505,454,1
1764424201690,503,449,1
1764424201706,501,443,1
1764424201722,499,438,1
1764424201722,498,433,1
1764424201722,497,429,1
1764424201738,496,425,1
1764424201738,496,419,1
1764424201754,496,415,1
1764424201754,496,409,1
1764424201770,495,404,1
1764424201770,495,400,1
1764424201786,495,394,1
1764424201786,494,389,1
1764424201801,494,383,1
1764424201801,493,378,1
1764424201817,493,374,1
1764424201833,493,368,1
1764424201833,493,363,1
1764424201849,494,358,1
1764424201849,495,353,1
1764424201865,496,347,1
1764424201865,496,342,1
1764424201881,497,335,1
1764424201881,498,328,1
1764424201897,499,320,1
1764424201897,500,311,1
1764424201912,502,302,1
1764424201912,503,293,1
1764424201928,504,283,1
1764424201928,504,275,1
1764424201944,505,268,1
1764424201944,506,261,1
1764424201960,507,256,1
1764424201960,507,250,1
1764424201978,508,244,1
1764424201978,509,240,1
1764424201992,511,234,1
1764424201992,512,230,1
1764424202008,514,224,1
1764424202008,516,220,1
1764424202024,518,215,1
1764424202024,520,211,1
1764424202040,522,206,1
1764424202040,524,203,1
1764424202055,526,199,1
1764424202055,527,196,1
1764424202071,529,194,1
1764424202071,530,191,1
1764424202087,532,188,1
1764424202087,534,186,1
1764424202103,536,184,1
1764424202103,539,182,1
1764424202119,541,179,1
1764424202119,544,177,1
1764424202135,548,174,1
1764424202135,551,171,1
1764424202150,556,168,1
1764424202150,561,165,1
1764424202166,566,162,1
1764424202166,570,159,1
1764424202182,575,157,1
1764424202182,579,155,1
1764424202198,584,153,1
1764424202198,590,151,1
1764424202214,594,149,1
1764424202214,599,147,1
1764424202229,605,145,1
1764424202229,609,143,1
1764424202245,614,142,1
1764424202245,619,140,1
1764424202261,624,138,1
1764424202261,630,136,1
1764424202277,635,135,1
1764424202277,640,133,1
1764424202294,644,132,1
1764424202294,648,132,1
1764424202308,653,132,1
1764424202308,657,131,1
1764424202324,661,130,1
1764424202324,665,130,1
1764424202340,671,130,1
1764424202340,675,130,1
1764424202355,680,130,1
1764424202355,687,130,1
1764424202371,692,130,1
1764424202371,699,130,1
1764424202387,707,130,1
1764424202387,714,130,1
1764424202402,722,130,1
1764424202402,729,130,1
1764424202418,735,130,1
1764424202418,742,130,1
1764424202434,749,130,1
1764424202434,756,130,1
1764424202450,761,131,1
1764424202450,767,132,1
1764424202466,772,132,1
1764424202482,778,133,1
1764424202482,783,134,1
1764424202482,790,134,1
1764424202504,796,135,1
1764424202505,802,136,1
1764424202514,807,137,1
1764424202514,812,138,1
1764424202530,816,140,1
1764424202530,820,141,1
1764424202546,825,143,1
1764424202546,831,145,1
1764424202562,835,146,1
1764424202562,840,148,1
1764424202577,844,150,1
1764424202577,849,152,1
1764424202593,853,154,1
1764424202593,857,156,1
1764424202609,860,159,1
1764424202609,864,161,1
1764424202625,868,164,1
1764424202641,872,167,1
1764424202641,877,171,1
1764424202657,880,174,1
1764424202657,885,178,1
1764424202657,889,182,1
1764424202673,894,187,1
1764424202688,897,190,1
1764424202688,902,195,1
1764424202704,906,201,1
1764424202704,910,206,1
1764424202720,914,211,1
1764424202720,918,217,1
1764424202736,922,222,1
1764424202736,924,226,1
1764424202752,927,231,1
1764424202752,930,236,1
1764424202767,932,240,1
1764424202767,935,245,1
1764424202784,937,251,1
1764424202784,939,256,1
1764424202800,940,262,1
1764424202800,942,267,1
1764424202815,944,272,1
1764424202815,945,277,1
1764424202831,946,281,1
1764424202831,947,285,1
1764424202847,948,290,1
1764424202847,949,294,1
1764424202863,949,298,1
1764424202863,950,303,1
1764424202879,951,306,1
1764424202879,952,310,1
1764424202895,953,313,1
1764424202895,953,316,1
1764424202911,953,319,1
1764424202911,953,322,1
1764424202927,953,326,1
1764424202927,954,331,1
1764424202942,954,335,1
1764424202942,955,338,1
1764424202958,955,342,1
1764424202958,955,346,1
1764424202974,955,350,1
1764424202974,955,354,1
1764424202990,955,359,1
1764424202990,955,363,1
1764424203006,955,367,1
1764424203006,955,371,1
1764424203022,955,375,1
1764424203022,955,379,1
1764424203037,955,385,1
1764424203037,955,390,1
1764424203053,955,395,1
1764424203053,955,401,1
1764424203069,955,406,1
1764424203069,955,410,1
1764424203085,955,415,1
1764424203085,954,419,1
1764424203101,953,422,1
1764424203101,953,425,1
1764424203117,952,428,1
1764424203117,951,433,1
1764424203133,951,436,1
1764424203133,949,439,1
1764424203148,949,443,1
1764424203148,948,447,1
1764424203164,947,450,1
1764424203164,945,454,1
1764424203180,945,457,1
1764424203180,944,460,1
1764424203196,942,463,1
1764424203196,941,465,1
1764424203211,940,469,1
1764424203211,939,471,1
1764424203227,937,474,1
1764424203227,936,476,1
1764424203243,935,478,1
1764424203243,934,482,1
1764424203259,933,484,1
1764424203259,931,486,1
1764424203274,929,489,1
1764424203274,927,492,1
1764424203290,925,495,1
1764424203290,923,497,1
1764424203306,920,501,1
1764424203306,917,504,1
1764424203322,915,508,1
1764424203322,911,511,1
1764424203338,909,515,1
1764424203338,906,517,1
1764424203354,904,519,1
1764424203354,902,522,1
1764424203370,899,524,1
1764424203370,898,526,1
1764424203386,896,528,1
1764424203386,896,529,1
1764424203402,894,530,1
1764424203417,894,531,1
1764424203417,893,532,1
1764424203417,893,533,1
1764424203433,892,533,1
1764424203433,891,535,1
1764424203465,890,537,1
1764424203465,888,537,1
1764424203481,887,539,1
1764424203481,885,540,1
1764424203497,884,541,1
1764424203497,883,542,1
1764424203513,881,544,1
1764424203513,880,545,1
1764424203529,877,547,1
1764424203529,875,548,1
1764424203544,873,549,1
1764424203544,871,550,1
1764424203560,869,552,1
1764424203560,865,553,1
1764424203576,862,555,1
1764424203576,859,556,1
1764424203592,856,557,1
1764424203592,852,559,1
1764424203608,849,561,1
1764424203608,847,561,1
1764424203624,844,563,1
1764424203624,839,564,1
1764424203640,836,565,1
1764424203640,832,566,1
1764424203657,827,568,1
1764424203657,824,569,1
1764424203672,820,570,1
1764424203672,815,572,0
1764424203687,811,574,1
1764424203687,806,574,0
1764424203703,802,576,0
1764424203703,798,577,0
1764424203719,792,578,0
1764424203719,788,579,0
1764424203735,783,580,0
1764424203735,778,581,0
1764424203750,773,582,0
1764424203750,769,582,0
1764424203766,763,583,0
1764424203766,759,584,0
1764424203782,754,584,0
1764424203782,748,585,0
1764424203798,743,585,0
1764424203798,738,585,0
1764424203814,734,585,0
1764424203814,730,585,0
1764424203830,726,585,0
1764424203830,723,585,0
1764424203846,720,585,0
1764424203846,716,585,0
1764424203864,711,585,0
1764424203865,707,585,0
1764424203878,702,584,0
1764424203878,698,584,0
1764424203894,694,583,0
1764424203894,690,583,0
1764424203910,685,583,0
1764424203910,682,582,0
1764424203926,679,581,0
1764424203926,676,579,0
1764424203942,673,579,0
1764424203942,670,578,0
1764424203958,667,577,0
1764424203958,664,576,0
1764424203974,662,575,0
1764424203974,660,575,0
1764424203989,657,573,0
1764424203989,655,572,0
1764424204005,651,571,0
1764424204005,649,569,0
1764424204021,647,568,0
1764424204021,644,566,0
1764424204037,640,564,0
1764424204037,637,561,0
1764424204053,633,558,0
1764424204053,630,556,0
1764424204070,626,553,0
1764424204070,623,550,0
1764424204086,620,547,0
1764424204086,617,545,0
1764424204101,615,542,0
1764424204101,612,540,0
1764424204117,609,538,0
1764424204117,607,536,0
1764424204133,604,535,0
1764424204133,602,533,0
1764424204149,600,531,0
1764424204149,598,529,0
1764424204165,596,528,0
1764424204165,595,526,0
1764424204180,593,525,0
1764424204180,591,523,0
1764424204196,589,520,0
1764424204196,586,518,0
1764424204212,585,517,0
1764424204212,583,514,0
1764424204228,582,513,0
1764424204228,581,512,0
1764424204244,579,510,0
1764424204244,577,508,0
1764424204260,575,506,0
1764424204260,573,504,0
1764424204276,571,502,0
1764424204276,568,499,0
1764424204292,566,497,0
1764424204292,565,495,0
1764424204308,563,493,0
1764424204308,561,489,0
1764424204324,558,486,0
1764424204324,554,482,0
1764424204340,552,479,0
1764424204340,548,474,0
1764424204356,544,469,0
1764424204356,542,466,0
1764424204372,539,462,0
1764424204372,536,459,0
1764424204390,534,455,0
1764424204390,531,451,0
1764424204404,528,447,0
1764424204404,526,442,0
1764424204419,523,438,0
1764424204419,520,433,0
1764424204435,517,427,0
1764424204435,514,421,0
1764424204451,511,417,0
1764424204466,509,412,0
1764424204466,507,407,0
1764424204466,505,403,0
1764424204482,504,399,0
1764424204498,503,394,0
1764424204498,502,390,0
1764424204498,501,384,0
1764424204514,500,379,0
1764424204514,500,373,0
1764424204529,499,366,1
1764424204545,498,361,1
1764424204545,498,355,1
1764424204561,498,350,1
1764424204561,498,344,1
1764424204577,498,339,1
1764424204577,497,332,1
1764424204593,497,325,1
1764424204593,497,320,1
1764424204609,497,314,1
1764424204609,497,309,1
1764424204625,497,304,1
1764424204625,497,299,1
1764424204641,498,295,1
1764424204641,499,291,1
1764424204656,501,285,1
1764424204656,503,279,1
1764424204672,505,273,1
1764424204672,508,267,1
1764424204688,511,261,1
1764424204688,514,256,1
1764424204704,516,250,1
1764424204704,518,245,1
1764424204720,522,240,1
1764424204720,525,236,1
1764424204736,529,231,1
1764424204736,533,227,1
1764424204752,536,222,1
1764424204752,540,219,1
1764424204769,544,214,1
1764424204769,547,209,1
1764424204784,550,206,1
1764424204784,555,201,1
1764424204800,559,197,1
1764424204800,564,193,1
1764424204815,567,190,1
1764424204815,572,187,1
1764424204831,577,184,1
1764424204831,580,182,1
1764424204847,585,179,1
1764424204847,589,176,1
1764424204863,594,173,1
1764424204863,599,170,1
1764424204879,602,169,1
1764424204879,607,166,1
1764424204895,610,163,1
1764424204895,615,160,1
1764424204910,620,158,1
1764424204910,624,155,1
1764424204928,629,152,1
1764424204928,634,149,1
1764424204942,639,146,1
1764424204942,647,143,1
1764424204958,652,141,1
1764424204958,657,139,1
1764424204974,663,137,1
1764424204974,669,135,1
1764424204990,674,133,1
1764424204990,679,131,1
1764424205007,683,129,1
1764424205007,689,128,1
1764424205021,695,126,1
1764424205021,700,125,1
1764424205038,707,124,1
1764424205038,714,124,1
1764424205053,720,123,1
1764424205053,726,122,1
1764424205069,733,122,1
1764424205069,741,122,1
1764424205085,747,122,1
1764424205085,753,122,1
1764424205101,759,122,1
1764424205101,763,122,1
1764424205117,767,122,1
1764424205117,771,122,1
1764424205132,775,122,1
1764424205132,779,122,1
1764424205148,784,123,1
1764424205148,788,123,1
1764424205164,792,125,1
1764424205164,798,127,1
1764424205180,804,129,1
1764424205180,810,131,1
1764424205196,816,134,1
1764424205196,821,136,1
1764424205216,827,138,1
1764424205216,830,139,1
1764424205228,833,141,1
1764424205228,835,142,1
1764424205243,837,144,1
1764424205243,840,146,1
1764424205259,844,149,1
1764424205259,847,151,1
1764424205275,851,154,1
1764424205275,854,157,1
1764424205291,858,160,1
1764424205291,862,164,1
1764424205307,865,169,1
1764424205307,870,174,1
1764424205323,875,180,1
1764424205323,881,186,1
1764424205338,886,192,1
1764424205354,889,197,1
1764424205354,895,203,1
1764424205354,900,210,1
1764424205370,905,216,1
1764424205386,910,222,1
1764424205386,915,230,1
1764424205386,920,236,1
1764424205402,924,242,1
1764424205417,929,249,1
1764424205417,933,256,1
1764424205417,936,262,1
1764424205433,939,270,1
1764424205433,942,275,1
1764424205449,945,281,1
1764424205465,948,287,1
1764424205465,949,293,1
1764424205481,951,298,1
1764424205481,953,302,1
1764424205497,955,307,1
1764424205501,956,311,1
1764424205501,957,314,1
1764424205513,957,317,1
1764424205513,958,320,1
1764424205529,959,323,1
1764424205545,960,326,1
1764424205545,960,329,1
1764424205561,961,332,1
1764424205561,961,334,1
1764424205577,962,337,1
1764424205577,963,340,1
1764424205592,963,343,1
1764424205592,963,345,1
1764424205608,963,348,1
1764424205608,963,350,1
1764424205624,964,353,1
1764424205624,964,356,1
1764424205640,964,359,1
1764424205640,965,363,1
1764424205656,965,366,1
1764424205656,965,369,1
1764424205672,965,372,1
1764424205672,965,375,1
1764424205687,965,379,1
1764424205687,965,383,1
1764424205703,965,388,1
1764424205703,965,392,1
1764424205719,965,395,1
1764424205719,965,398,1
1764424205735,965,401,1
1764424205735,965,404,1
1764424205751,964,407,1
1764424205751,963,410,1
1764424205767,963,413,1
1764424205767,963,416,1
1764424205783,962,419,1
1764424205783,962,422,1
1764424205799,961,424,1
1764424205799,960,426,1
1764424205815,960,429,1
1764424205815,958,432,1
1764424205831,957,435,1
1764424205831,957,437,1
1764424205846,955,440,1
1764424205846,954,443,1
1764424205862,953,447,1
1764424205862,951,450,1
1764424205878,949,453,1
1764424205878,948,457,1
1764424205894,946,460,1
1764424205894,944,463,1
1764424205910,943,468,1
1764424205910,941,471,1
1764424205926,938,476,1
1764424205926,935,480,1
1764424205942,932,485,1
1764424205942,929,490,1
1764424205958,924,495,1
1764424205958,920,499,1
1764424205974,915,504,1
1764424205974,911,509,1
1764424205989,907,514,1
1764424205989,902,519,1
1764424206006,899,523,1
1764424206006,895,526,1
1764424206022,893,528,1
1764424206022,891,531,1
1764424206038,888,533,1
1764424206038,885,536,1
1764424206053,882,537,1
1764424206053,880,538,1
1764424206069,878,539,1
1764424206069,876,541,1
1764424206085,874,542,1
1764424206085,871,544,1
1764424206101,868,545,1
1764424206101,865,546,1
1764424206116,863,547,1
1764424206116,860,548,1
1764424206132,856,549,1
1764424206132,853,550,0
1764424206148,849,552,0
1764424206148,843,554,0
1764424206163,836,555,0
1764424206163,829,557,0
1764424206179,821,558,0
1764424206179,814,559,0
1764424206195,807,561,0
1764424206195,800,563,0
1764424206210,793,564,0
1764424206210,786,566,0
1764424206226,779,567,0
1764424206226,772,568,0
1764424206242,767,569,0
1764424206258,760,570,0
1764424206258,754,571,0
1764424206258,747,572,0
1764424206274,742,573,0
1764424206274,736,573,0
1764424206290,731,573,0
1764424206290,725,574,0
1764424206306,720,575,0
1764424206322,714,576,0
1764424206322,708,576,0
1764424206338,702,577,0
1764424206338,695,578,0
1764424206354,689,579,0
1764424206354,682,579,0
1764424206354,677,580,0
1764424206371,671,580,0
1764424206371,666,580,0
1764424206385,660,581,0
1764424206401,655,581,0
1764424206401,649,581,1
1764424206417,644,581,1
1764424206417,639,581,1
1764424206417,634,581,1
1764424206433,630,580,1
1764424206449,625,579,1
1764424206449,619,578,1
1764424206465,612,576,1
1764424206465,605,573,1
1764424206480,598,571,1
1764424206480,592,570,1
1764424206496,586,567,1
1764424206496,580,565,1
1764424206512,576,562,1
1764424206512,572,559,1
1764424206528,569,557,1
1764424206528,564,553,1
1764424206543,559,548,1
1764424206543,553,543,1
1764424206559,548,538,1
1764424206559,543,533,1
1764424206577,538,528,1
1764424206584,534,523,1
1764424206591,529,518,1
1764424206591,524,512,1
1764424206607,519,505,1
1764424206607,514,496,1
1764424206623,507,488,1
1764424206623,502,479,1
1764424206638,497,471,1
1764424206638,494,463,1
1764424206654,492,458,1
1764424206654,492,452,1
1764424206670,491,445,1
1764424206670,491,440,1
1764424206686,490,433,1
1764424206686,490,426,1
1764424206701,490,419,1
1764424206701,490,413,1
1764424206717,490,407,1
1764424206717,490,402,1
1764424206733,490,396,1
1764424206733,491,391,1
1764424206749,491,384,1
1764424206749,493,378,1
1764424206765,495,371,1
1764424206765,496,363,1
1764424206781,499,355,1
1764424206781,501,346,0
1764424206797,503,338,0
1764424206797,505,330,0
1764424206813,507,321,0
1764424206813,509,313,0
1764424206828,511,305,0
1764424206828,514,298,0
1764424206844,516,289,0
1764424206844,518,282,0
1764424206860,520,277,0
1764424206860,523,270,0
1764424206876,526,260,1
1764424206876,528,253,1
1764424206891,530,245,1
1764424206891,533,237,1
1764424206907,536,230,1
1764424206907,540,223,1
1764424206923,542,216,1
1764424206923,545,210,1
1764424206939,547,204,1
1764424206939,550,198,1
1764424206955,554,192,1
1764424206955,558,188,1
1764424206971,562,182,1
1764424206971,566,176,1
1764424206986,571,169,1
1764424207002,576,165,1
1764424207002,580,160,1
1764424207018,584,155,1
1764424207018,591,152,1
1764424207018,595,147,1
1764424207033,598,144,1
1764424207033,600,140,1
1764424207049,603,138,1
1764424207049,605,135,1
1764424207065,608,134,1
1764424207081,613,132,1
1764424207081,617,130,1
1764424207097,620,129,1
1764424207097,624,127,1
1764424207113,627,125,1
1764424207113,630,124,1
1764424207113,634,124,1
1764424207129,639,124,1
1764424207145,643,124,1
1764424207145,647,123,1
1764424207160,651,123,1
1764424207160,657,123,1
1764424207176,662,123,1
1764424207176,667,123,1
1764424207192,673,123,1
1764424207192,680,123,1
1764424207208,686,123,1
1764424207208,693,123,1
1764424207224,700,124,1
1764424207224,707,124,1
1764424207239,714,125,1
1764424207239,720,125,1
1764424207255,728,126,1
1764424207255,735,127,1
1764424207271,742,127,1
1764424207271,750,128,1
1764424207287,758,128,1
1764424207287,766,129,1
1764424207302,775,130,1
1764424207302,784,131,1
1764424207318,793,132,1
1764424207318,802,133,1
1764424207334,809,134,1
1764424207334,814,135,1
1764424207350,821,136,1
1764424207350,827,137,1
1764424207366,831,138,1
1764424207366,835,138,1
1764424207382,838,139,1
1764424207382,843,141,1
1764424207398,847,143,1
1764424207398,852,145,1
1764424207414,856,146,1
1764424207414,860,148,1
1764424207430,863,150,1
1764424207430,866,151,1
1764424207446,871,152,1
1764424207446,874,155,1
1764424207461,879,158,1
1764424207461,884,161,1
1764424207477,888,163,1
1764424207477,893,166,1
1764424207493,896,170,1
1764424207493,900,172,1
1764424207509,902,175,1
1764424207509,905,178,1
1764424207527,908,182,1
1764424207527,912,187,1
1764424207541,915,191,1
1764424207541,919,196,1
1764424207557,923,201,1
1764424207557,927,206,1
1764424207573,929,210,1
1764424207573,932,215,1
1764424207588,935,221,1
1764424207588,938,227,1
1764424207604,940,233,1
1764424207604,942,238,1
1764424207620,944,244,1
1764424207620,946,251,1
1764424207636,948,258,1
1764424207636,951,265,1
1764424207651,953,272,1
1764424207651,955,278,1
1764424207667,957,284,1
1764424207667,959,290,1
1764424207683,960,295,1
1764424207683,961,302,1
1764424207699,962,308,1
1764424207699,963,313,1
1764424207715,964,319,1
1764424207715,964,326,1
1764424207730,965,331,1
1764424207730,966,336,1
1764424207748,967,341,1
1764424207762,967,347,1
1764424207762,968,352,1
1764424207778,969,358,1
1764424207778,970,362,1
1764424207778,971,368,1
1764424207794,971,372,1
1764424207794,971,376,1
1764424207810,971,380,1
1764424207810,971,384,1
1764424207826,971,390,1
1764424207826,971,394,1
1764424207841,971,398,1
1764424207841,971,402,1
1764424207857,971,406,1
1764424207857,971,411,1
1764424207873,971,414,1
1764424207873,971,417,1
1764424207889,971,419,1
1764424207889,970,423,1
1764424207905,969,426,1
1764424207920,968,430,1
1764424207920,968,434,1
1764424207936,966,439,1
1764424207936,964,443,1
1764424207955,963,448,1
1764424207956,961,453,1
1764424207968,959,459,1
1764424207968,957,464,1
1764424207984,955,470,1
1764424207984,952,476,1
1764424208000,947,483,1
1764424208000,944,490,1
1764424208016,940,497,1
1764424208016,936,504,1
1764424208032,932,510,1
1764424208032,928,517,1
1764424208047,923,521,1
1764424208047,919,527,1
1764424208063,915,532,1
1764424208063,912,536,1
1764424208079,908,539,1
1764424208079,905,543,1
1764424208095,904,545,1
1764424208095,902,547,1
1764424208111,900,550,1
1764424208111,898,552,1
1764424208127,896,554,1
1764424208127,892,557,1
1764424208143,889,560,1
1764424208143,885,562,1
1764424208160,882,565,1
1764424208161,878,567,1
1764424208175,876,569,1
1764424208175,873,571,1
1764424208191,869,573,1
1764424208191,866,575,1
1764424208207,862,576,1
1764424208207,857,578,1
1764424208223,853,579,1
1764424208223,847,580,1
1764424208238,841,581,1
1764424208238,835,582,1
1764424208254,828,583,1
1764424208254,821,583,1
1764424208270,814,584,1
1764424208270,807,584,1
1764424208286,799,585,1
1764424208286,791,586,1
1764424208302,782,587,1
1764424208302,772,588,1
1764424208318,763,589,1
1764424208318,755,590,1
1764424208334,746,591,1
1764424208334,739,592,1
1764424208350,733,593,1
1764424208350,727,593,1
1764424208368,722,594,1
1764424208371,719,594,1
1764424208382,715,594,1
1764424208382,710,594,1
1764424208397,706,594,1
1764424208397,702,594,1
1764424208414,698,594,1
1764424208414,694,594,1
1764424208430,689,594,1
1764424208430,683,594,1
1764424208445,678,594,1
1764424208445,672,594,1
1764424208461,667,594,1
1764424208461,661,593,1
1764424208477,655,591,1
1764424208477,650,589,1
1764424208493,644,587,1
1764424208493,638,585,1
1764424208508,632,584,1
1764424208508,627,582,1
1764424208524,622,580,1
1764424208524,616,578,1
1764424208540,610,575,1
1764424208540,605,572,1
1764424208556,599,569,1
1764424208556,591,565,1
1764424208572,583,561,1
1764424208572,574,556,1
1764424208588,565,551,1
1764424208588,553,544,1
1764424208603,541,537,1
1764424208603,528,530,1
1764424208619,515,523,1
1764424208619,504,518,1
1764424208635,494,512,1
1764424208635,485,508,0
1764424208651,478,503,0
1764424208651,472,499,0
1764424208666,467,495,0
1764424208666,464,491,0
1764424208682,460,488,0
1764424208682,457,484,0
1764424208698,454,479,0
1764424208698,453,476,0
1764424208714,451,473,0
1764424208714,450,469,0
1764424208730,450,465,0
1764424208746,450,460,0
1764424208746,450,455,0
1764424208762,450,449,0
1764424208762,450,445,0
1764424208777,450,441,0
1764424208777,450,435,0
1764424208777,450,430,0
1764424208793,450,424,0
1764424208793,451,417,0
1764424208809,452,411,0
1764424208809,454,404,0
1764424208825,457,395,1
1764424208825,459,387,1
1764424208841,462,379,1
1764424208856,465,370,1
1764424208856,468,362,1
1764424208872,471,355,1
1764424208872,475,346,1
1764424208890,479,340,1
1764424208890,484,333,1
1764424208904,488,327,1
1764424208904,492,320,1
1764424208920,496,312,1
1764424208920,500,305,1
1764424208936,503,298,1
1764424208936,507,291,1
1764424208952,510,282,1
1764424208952,513,275,1
1764424208968,517,269,1
1764424208968,520,263,1
1764424208984,524,258,1
1764424208984,528,254,1
1764424208999,531,249,1
1764424208999,533,246,1
1764424209015,536,241,1
1764424209015,540,236,1
1764424209031,545,231,1
1764424209031,550,226,0
1764424209047,554,221,0
1764424209047,558,217,0
1764424209064,563,212,0
1764424209064,566,208,1
1764424209080,571,203,1
1764424209080,575,200,0
1764424209096,579,195,1
1764424209097,583,191,1
1764424209112,588,187,1
1764424209112,592,182,1
1764424209128,597,178,1
1764424209128,602,175,1
1764424209143,606,171,1
1764424209143,611,168,1
1764424209159,617,165,1
1764424209159,622,162,1
1764424209175,627,160,1
1764424209175,634,158,1
1764424209191,641,156,1
1764424209191,648,154,1
1764424209207,657,152,1
1764424209207,665,150,1
1764424209223,673,149,1
1764424209223,681,148,0
1764424209238,690,147,0
1764424209238,698,147,0
1764424209254,706,147,0
1764424209254,712,147,0
1764424209270,720,147,0
1764424209270,728,147,0
1764424209286,736,147,0
1764424209286,744,147,0
1764424209304,754,147,0
1764424209305,763,148,0
1764424209318,773,149,1
1764424209318,782,150,1
1764424209333,792,151,1
1764424209333,801,152,1
1764424209349,810,153,1
1764424209349,820,154,1
1764424209365,827,156,1
1764424209365,834,157,1
1764424209381,840,159,1
1764424209381,844,161,1
1764424209397,849,163,1
1764424209397,853,165,1
1764424209413,859,167,1
1764424209413,865,169,1
1764424209429,870,170,1
1764424209429,876,173,1
1764424209445,882,176,1
1764424209445,887,179,1
1764424209460,890,183,1
1764424209460,895,186,1
1764424209476,899,188,1
1764424209476,902,191,1
1764424209492,906,194,1
1764424209492,911,198,1
1764424209508,915,202,1
1764424209508,920,206,1
1764424209524,924,209,1
1764424209524,927,212,1
1764424209540,930,216,1
1764424209540,932,219,1
1764424209555,935,223,1
1764424209555,938,226,1
1764424209571,940,230,1
1764424209571,943,233,1
1764424209587,945,236,1
1764424209587,947,239,1
1764424209603,949,242,1
1764424209603,950,246,1
1764424209619,952,250,1
1764424209619,954,254,1
1764424209635,956,259,1
1764424209635,957,262,1
1764424209650,959,265,1
1764424209650,960,268,1
1764424209666,960,272,1
1764424209666,961,276,1
1764424209682,962,280,1
1764424209698,963,285,1
1764424209698,964,289,1
1764424209698,965,295,1
1764424209714,965,300,1
1764424209730,965,305,1
1764424209730,966,311,1
1764424209730,967,317,1
1764424209746,967,322,1
1764424209746,968,328,1
1764424209761,968,333,1
1764424209761,968,338,1
1764424209777,968,343,1
1764424209793,968,348,1
1764424209793,968,353,1
1764424209793,968,358,1
1764424209809,968,363,1
1764424209809,968,367,1
1764424209825,968,373,1
1764424209825,968,377,1
1764424209841,968,381,1
1764424209857,968,385,1
1764424209857,968,389,1
1764424209872,968,393,1
1764424209872,967,397,1
1764424209889,967,402,1
1764424209889,966,405,1
1764424209904,965,408,1
1764424209904,964,412,1
1764424209920,964,416,1
1764424209920,962,420,1
1764424209936,961,424,1
1764424209936,959,429,1
1764424209952,957,433,1
1764424209952,957,438,1
1764424209968,956,441,1
1764424209968,954,445,1
1764424209983,952,450,1
1764424209983,950,454,1
1764424209999,949,457,1
1764424209999,947,462,1
1764424210015,944,467,1
1764424210015,942,470,1
1764424210031,940,475,1
1764424210031,937,479,1
1764424210047,935,483,1
1764424210047,932,487,1
1764424210063,928,492,1
1764424210063,926,496,1
1764424210079,923,500,1
1764424210079,919,505,1
1764424210095,917,508,1
1764424210095,913,512,1
1764424210111,910,516,1
1764424210111,908,519,1
1764424210127,904,523,1
1764424210127,902,526,1
1764424210142,899,530,1
1764424210142,896,532,1
1764424210158,892,535,1
1764424210158,890,537,1
1764424210174,888,539,1
1764424210174,886,541,1
1764424210190,883,543,1
1764424210190,880,546,1
1764424210205,877,548,1
1764424210205,873,551,1
1764424210221,870,554,1
1764424210221,866,556,1
1764424210237,863,559,1
1764424210237,858,562,1
1764424210253,853,565,1
1764424210253,849,569,1
1764424210273,844,573,1
1764424210273,838,577,1
1764424210285,832,581,1
1764424210285,827,585,1
1764424210301,822,589,1
1764424210301,817,593,1
1764424210317,814,596,1
1764424210317,810,600,1
1764424210332,805,604,1
1764424210332,800,608,1
1764424210348,796,611,1
1764424210348,792,614,1
1764424210364,789,617,1
1764424210364,785,619,1
1764424210384,782,621,1
1764424210384,780,623,1
1764424210395,776,626,1
1764424210395,774,627,1
1764424210411,771,630,1
1764424210411,767,631,1
1764424210427,763,633,1
1764424210427,757,635,1
1764424210442,751,637,1
1764424210458,746,639,0
1764424210460,740,640,0
1764424210474,733,641,0
1764424210474,726,641,0
1764424210490,721,641,0
1764424210490,715,641,0
1764424210505,711,641,0
1764424210505,707,641,0
1764424210505,700,641,0
1764424210521,695,641,0
1764424210537,689,639,0
1764424210537,684,637,0
1764424210553,678,635,1
1764424210553,672,633,1
1764424210569,666,630,1
1764424210569,659,627,1
1764424210585,652,623,1
1764424210590,644,619,1
1764424210590,636,615,1
1764424210601,626,610,1
1764424210617,615,606,1
1764424210617,605,602,1
1764424210632,597,597,1
1764424210632,590,594,1
1764424210632,583,591,1
1764424210648,577,587,1
1764424210664,571,583,1
1764424210664,565,579,1
1764424210680,559,575,1
1764424210680,552,570,1
1764424210696,548,566,1
1764424210696,544,563,1
1764424210712,540,559,1
1764424210712,539,557,1
1764424210728,536,553,1
1764424210728,535,550,1
1764424210743,532,547,1
1764424210743,528,542,1
1764424210759,524,537,1
1764424210759,521,532,1
1764424210775,517,528,1
1764424210775,513,521,1
1764424210791,510,517,1
1764424210791,507,512,1
1764424210808,505,508,1
1764424210816,502,502,1
1764424210822,501,497,1
1764424210822,499,491,1
1764424210838,497,486,1
1764424210838,494,480,1
1764424210854,492,474,1
1764424210854,490,468,1
1764424210870,488,462,1
1764424210870,486,455,1
1764424210886,484,448,1
1764424210886,482,441,1
1764424210901,481,436,1
1764424210901,480,429,1
1764424210917,479,422,1
1764424210917,479,417,1
1764424210933,478,410,1
1764424210933,477,403,1
1764424210949,476,396,1
1764424210949,475,389,1
1764424210965,474,383,1
1764424210965,474,378,1
1764424210981,473,371,1
1764424210981,473,364,1
1764424210997,473,358,1
1764424210997,473,351,1
1764424211013,473,344,1
1764424211013,473,338,1
1764424211029,473,331,1
1764424211029,473,323,1
1764424211045,473,315,1
1764424211045,473,307,1
1764424211061,474,300,1
1764424211061,476,293,1
1764424211076,477,286,1
1764424211076,479,279,1
1764424211093,481,273,1
1764424211093,484,267,1
1764424211108,486,262,1
1764424211108,488,257,1
1764424211124,491,251,1
1764424211124,494,245,1
1764424211140,497,241,1
1764424211140,499,236,1
1764424211156,504,229,1
1764424211156,507,224,1
1764424211171,511,219,1
1764424211171,516,213,1
1764424211187,521,208,1
1764424211187,526,203,1
1764424211203,531,199,1
1764424211203,537,194,1
1764424211219,543,189,1
1764424211219,548,185,1
1764424211235,554,180,1
1764424211235,559,176,1
1764424211251,564,172,1
1764424211251,570,167,1
1764424211266,576,163,1
1764424211266,582,158,1
1764424211282,588,153,1
1764424211298,594,149,1
1764424211298,600,146,1
1764424211314,605,143,1
1764424211314,609,140,1
1764424211314,614,138,1
1764424211330,618,135,1
1764424211330,621,133,1
1764424211346,624,131,1
1764424211346,627,129,1
1764424211362,629,128,1
1764424211362,632,126,1
1764424211378,635,125,1
1764424211378,639,123,1
1764424211398,642,122,1
1764424211398,645,120,1
1764424211410,649,120,1
1764424211410,652,119,1
1764424211426,657,117,1
1764424211426,661,115,1
1764424211441,667,115,1
1764424211457,674,114,1
1764424211457,681,113,1
1764424211457,688,112,1
1764424211473,694,111,1
1764424211489,702,111,1
1764424211489,711,110,1
1764424211505,719,110,1
1764424211505,727,110,1
1764424211520,735,110,1
1764424211520,744,110,1
1764424211536,752,110,1
1764424211536,760,111,1
1764424211552,768,112,1
1764424211552,776,113,1
1764424211568,785,114,1
1764424211568,793,115,1
1764424211568,801,116,1
1764424211586,811,119,1
1764424211600,819,122,1
1764424211600,827,125,1
1764424211616,837,129,1
1764424211616,846,133,1
1764424211632,855,138,1
1764424211632,866,142,1
1764424211649,876,148,1
1764424211649,886,153,1
1764424211664,895,158,0
1764424211664,902,164,0
1764424211680,908,169,0
1764424211680,914,174,0
1764424211696,920,180,0
1764424211696,927,186,0
1764424211712,932,192,0
1764424211712,937,199,0
1764424211728,942,205,0
1764424211728,945,209,0
1764424211744,948,215,0
1764424211744,951,221,0
1764424211760,954,227,1
1764424211760,957,234,1
1764424211776,960,241,1
1764424211776,963,247,1
1764424211792,965,253,1
1764424211792,967,259,1
1764424211807,968,265,1
1764424211807,969,269,1
1764424211824,970,275,1
1764424211825,971,279,1
1764424211839,972,283,1
1764424211839,973,289,1
1764424211855,973,294,1
1764424211855,973,300,1
1764424211871,973,305,1
1764424211871,973,311,1
1764424211887,973,316,1
1764424211887,973,321,1
1764424211902,973,327,1
1764424211902,973,331,1
1764424211918,973,336,1
1764424211918,973,343,1
1764424211934,972,349,1
1764424211934,970,356,1
1764424211950,968,363,1
1764424211950,966,370,1
1764424211966,964,377,1
1764424211966,962,384,1
1764424211982,960,391,1
1764424211982,958,398,1
1764424211998,956,404,1
1764424211998,953,411,1
1764424212014,951,416,1
1764424212014,949,424,1
1764424212032,947,429,1
1764424212033,945,435,1
1764424212046,943,441,1
1764424212046,940,447,1
1764424212061,937,454,1
1764424212061,935,460,1
1764424212077,933,465,1
1764424212077,932,471,1
1764424212093,929,477,1
1764424212093,926,483,1
1764424212109,923,488,1
1764424212109,920,492,1
1764424212125,917,498,1
1764424212125,914,504,1
1764424212140,910,509,1
1764424212140,906,515,1
1764424212156,901,521,1
1764424212156,896,527,1
1764424212172,892,533,1
1764424212172,887,538,1
1764424212188,883,543,1
1764424212188,880,547,1
1764424212204,876,550,1
1764424212204,873,554,1
1764424212220,870,557,1
1764424212220,866,560,1
1764424212236,863,562,1
1764424212236,860,564,1
1764424212251,856,566,1
1764424212251,852,568,1
1764424212267,847,569,1
1764424212267,843,570,1
1764424212283,839,571,1
1764424212283,834,571,1
1764424212299,830,571,1
1764424212299,826,571,1
1764424212314,821,571,1
1764424212314,815,571,0
1764424212330,810,571,0
1764424212330,804,571,0
1764424212346,799,572,0
1764424212346,792,572,0
1764424212362,785,572,0
1764424212362,779,572,0
1764424212378,771,572,0
1764424212378,763,572,0
1764424212393,755,572,0
1764424212393,748,572,0
1764424212413,742,572,0
1764424212425,737,572,0
1764424212425,732,572,0
1764424212425,726,572,0
1764424212441,722,572,0
1764424212456,716,571,0
1764424212456,711,570,0
1764424212472,704,569,0
1764424212472,698,568,0
1764424212488,693,567,0
1764424212488,687,566,0
1764424212504,680,565,0
1764424212504,675,564,0
1764424212520,669,563,0
1764424212520,663,561,0
1764424212536,659,559,0
1764424212536,654,557,0
1764424212552,651,555,0
1764424212552,646,554,0
1764424212568,643,552,0
1764424212568,640,550,0
1764424212584,635,547,0
1764424212584,632,546,0
1764424212600,627,543,0
1764424212602,622,540,0
1764424212616,618,537,0
1764424212616,614,534,0
1764424212632,609,530,0
1764424212632,604,526,0
1764424212648,600,523,0
1764424212648,594,519,0
1764424212664,589,516,0
1764424212664,584,513,0
1764424212679,581,510,0
1764424212679,577,506,0
1764424212695,572,503,0
1764424212695,569,500,0
1764424212711,565,496,0
1764424212711,562,493,0
1764424212727,557,488,0
1764424212727,553,484,0
1764424212742,549,479,0
1764424212742,544,474,0
1764424212758,541,470,0
1764424212758,535,464,0
1764424212774,532,459,0
1764424212774,528,453,0
1764424212790,523,447,0
1764424212790,518,441,0
1764424212806,513,433,0
1764424212806,508,427,0
1764424212822,503,421,1
1764424212822,499,415,1
1764424212838,495,409,1
1764424212838,492,402,1
1764424212853,489,396,1
1764424212853,487,390,1
1764424212869,484,383,1
1764424212869,482,376,1
1764424212885,480,369,1
1764424212885,477,361,1
1764424212901,475,352,1
1764424212901,473,344,1
1764424212917,471,337,1
1764424212917,471,330,1
1764424212933,471,323,1
1764424212933,471,317,1
1764424212949,471,311,1
1764424212949,471,306,1
1764424212965,471,300,1
1764424212965,471,295,1
1764424212980,471,290,1
1764424212980,471,285,1
1764424212996,472,280,1
1764424212996,474,273,1
1764424213012,476,267,1
1764424213012,477,261,1
1764424213028,479,257,1
1764424213028,482,251,1
1764424213044,484,246,1
1764424213044,486,242,1
1764424213060,488,237,1
1764424213076,489,233,1
1764424213076,491,228,1
1764424213076,494,224,1
1764424213092,497,219,1
1764424213092,500,213,0
1764424213107,504,207,0
1764424213107,508,202,0
1764424213123,512,196,0
1764424213123,516,191,0
1764424213139,518,187,0
1764424213139,522,182,0
1764424213155,526,176,0
1764424213155,529,172,0
1764424213170,532,169,0
1764424213170,537,165,0
1764424213187,542,161,0
1764424213187,546,158,0
1764424213202,550,154,0
1764424213218,556,150,0
1764424213218,561,146,0
1764424213234,566,142,0
1764424213234,571,139,0
1764424213250,575,136,0
1764424213250,579,134,0
1764424213250,582,132,0
1764424213265,586,130,0
1764424213265,589,128,0
1764424213281,592,126,0
1764424213297,596,125,0
1764424213297,600,123,0
1764424213313,605,121,0
1764424213313,609,120,0
1764424213313,612,119,0
1764424213329,616,118,0
1764424213329,621,117,1
1764424213345,625,117,1
1764424213345,629,116,1
1764424213361,634,115,1
1764424213376,639,114,1
1764424213376,645,114,1
1764424213392,649,113,1
1764424213393,655,113,1
1764424213408,659,112,1
1764424213408,663,111,1
1764424213424,667,111,1
1764424213424,670,111,1
1764424213440,673,111,1
1764424213440,676,110,1
1764424213458,681,110,1
1764424213458,685,110,1
1764424213472,689,110,1
1764424213472,693,110,1
1764424213488,697,110,1
1764424213488,701,110,1
1764424213504,705,110,1
1764424213504,709,110,1
1764424213520,714,110,1
1764424213520,718,110,1
1764424213535,721,110,1
1764424213535,724,111,1
0,0,0,0
1764424213551,728,111,1
1764424213551,731,112,1
1764424213567,733,113,1
1764424213567,736,114,1
1764424213583,738,114,1
1764424213583,740,115,1
1764424213599,742,116,1
1764424213599,744,117,1
1764424213615,747,117,1
1764424213615,749,118,1
1764424213631,751,119,1
1764424213631,752,120,1
1764424213647,754,120,1
1764424213647,754,121,1
1764424213663,755,121,1
1764424214565,754,121,1
1764424214630,753,121,1
1764424214661,752,121,1
1764424215225,751,121,1
1764424215499,753,122,1
1764424215515,756,123,1
1764424215515,759,124,1
1764424215531,764,126,1
1764424215531,768,129,1
1764424215546,773,131,1
1764424215546,776,132,1
1764424215562,779,134,1
1764424215562,783,136,1
1764424215578,786,137,1
1764424215578,789,140,1
1764424215593,793,142,1
1764424215593,796,143,1
1764424215611,799,145,1
1764424215625,802,146,1
1764424215625,804,149,1
1764424215641,806,150,1
1764424215641,809,152,1
1764424215641,812,153,1
1764424215657,814,155,1
1764424215657,815,156,1
1764424215673,817,157,1
1764424215689,818,158,1
1764424215689,819,158,1
1764424215705,819,159,1
1764424215705,820,159,1
1764424215720,821,160,1
1764424215720,822,161,1
1764424215736,824,162,1
1764424215736,825,163,1
1764424215736,827,164,1
1764424215752,830,166,1
1764424215768,832,168,1
1764424215768,834,170,1
1764424215784,838,174,1
1764424215784,840,176,1
1764424215800,844,179,1
1764424215800,845,181,0
1764424215816,847,183,0
1764424215816,849,186,0
1764424215816,850,188,0
1764424215840,853,190,0
1764424215840,855,194,0
1764424215848,857,196,0
1764424215864,859,199,0
1764424215864,861,201,0
1764424215880,862,205,0
1764424215880,863,207,0
1764424215895,865,209,0
1764424215895,866,212,0
1764424215911,868,216,0
1764424215912,869,219,0
1764424215927,871,222,0
1764424215927,873,225,0
1764424215942,874,229,0
1764424215942,876,232,0
1764424215958,877,234,0
1764424215958,878,236,0
1764424215974,878,239,0
1764424215974,880,241,0
1764424215990,880,243,0
1764424215990,882,245,0
1764424216006,883,248,0
1764424216006,884,250,0
1764424216022,886,252,0
1764424216022,886,254,0
1764424216038,888,256,0
1764424216038,889,259,0
1764424216054,890,260,0
1764424216054,891,262,0
1764424216070,892,265,0
1764424216070,893,267,0
1764424216086,895,269,0
1764424216086,896,271,0
1764424216102,898,273,0
1764424216102,899,276,0
1764424216120,900,277,0
1764424216123,901,278,0
1764424216133,902,280,0
1764424216133,903,282,0
1764424216149,905,284,0
1764424216149,906,287,0
1764424216167,908,289,0
1764424216167,910,291,0
1764424216181,912,293,0
1764424216181,914,296,0
1764424216197,915,298,0
1764424216197,917,300,0
1764424216212,918,302,0
1764424216212,920,305,0
1764424216228,921,307,0
1764424216228,923,309,0
1764424216244,924,312,0
1764424216244,926,316,0
1764424216260,928,318,0
1764424216260,928,321,0
1764424216276,930,324,0
1764424216276,931,329,0
1764424216292,933,332,0
1764424216292,933,336,0
1764424216308,934,342,0
1764424216308,935,347,0
1764424216324,935,353,0
1764424216324,935,358,0
1764424216340,935,364,0
1764424216340,935,370,0
1764424216356,935,377,0
1764424216356,934,384,0
1764424216372,932,392,0
1764424216372,931,399,0
1764424216388,930,406,0
1764424216388,928,413,0
1764424216403,926,419,0
1764424216403,924,425,0
1764424216419,922,432,0
1764424216419,920,439,0
1764424216435,917,446,0
1764424216435,915,453,0
1764424216450,913,460,0
1764424216450,911,467,0
1764424216466,908,474,0
1764424216466,906,480,0
1764424216482,904,486,0
1764424216482,903,491,0
1764424216498,901,496,0
1764424216498,899,500,0
1764424216514,897,505,0
1764424216514,895,509,0
1764424216530,894,513,1
1764424216530,891,516,0
1764424216545,889,521,1
1764424216545,888,524,1
1764424216561,885,529,1
1764424216561,881,533,1
1764424216577,877,538,1
1764424216577,872,544,1
1764424216593,867,551,1
1764424216593,862,555,1
1764424216609,857,562,1
1764424216625,852,568,1
1764424216625,847,574,1
1764424216641,840,580,1
1764424216641,836,585,1
1764424216657,831,590,1
1764424216657,826,594,1
1764424216657,821,598,1
1764424216673,818,600,1
1764424216689,814,603,1
1764424216689,811,604,1
1764424216705,807,606,1
1764424216705,803,608,1
1764424216705,800,610,1
1764424216721,795,610,1
1764424216721,790,611,1
1764424216737,783,612,1
1764424216753,776,613,1
1764424216753,769,613,1
1764424216768,762,614,1
1764424216768,753,614,1
1764424216785,745,614,1
1764424216785,736,614,1
1764424216785,725,614,1
1764424216801,714,614,1
1764424216801,702,613,1
1764424216817,690,612,1
1764424216817,678,610,1
1764424216833,667,608,1
1764424216849,658,607,1
1764424216849,648,605,1
1764424216849,639,602,1
1764424216865,629,600,1
1764424216865,621,597,1
1764424216880,612,594,1
1764424216880,603,590,1
1764424216896,593,585,1
1764424216896,583,581,1
1764424216912,575,577,1
1764424216928,566,572,1
1764424216928,559,568,1
1764424216944,552,563,1
1764424216944,544,558,1
1764424216960,537,551,1
1764424216960,531,546,1
1764424216976,525,541,1
1764424216976,520,536,1
1764424216991,516,532,1
1764424216991,512,527,1
1764424217008,508,522,1
1764424217008,504,516,1
1764424217024,501,511,1
1764424217024,498,505,1
1764424217040,495,499,1
1764424217040,492,492,1
1764424217055,489,485,1
1764424217055,486,478,1
1764424217071,484,471,1
1764424217071,482,464,1
1764424217087,480,457,1
1764424217087,479,450,1
1764424217103,478,443,1
1764424217103,478,435,1
1764424217119,477,426,1
1764424217119,475,417,1
1764424217135,475,408,1
1764424217135,474,399,1
1764424217150,474,389,1
1764424217150,473,380,1
1764424217166,473,369,1
1764424217166,473,359,1
1764424217182,473,349,1
1764424217182,473,340,1
1764424217198,473,332,1
1764424217198,473,325,1
1764424217214,474,318,1
1764424217214,475,311,1
1764424217230,476,303,1
1764424217230,476,297,1
1764424217246,477,288,1
1764424217246,477,280,1
1764424217262,478,273,1
1764424217262,479,267,1
1764424217279,480,260,1
1764424217279,482,253,1
1764424217293,483,247,1
1764424217293,485,241,1
1764424217309,487,234,0
1764424217309,489,227,0
1764424217325,491,222,0
1764424217325,493,217,0
1764424217341,494,212,0
1764424217341,497,207,0
1764424217357,499,202,0
1764424217357,501,198,0
1764424217373,504,193,0
1764424217373,507,188,0
1764424217389,509,184,0
1764424217389,512,179,0
1764424217404,516,174,0
1764424217404,520,170,0
1764424217421,523,167,0
1764424217421,528,163,0
1764424217437,533,158,0
1764424217437,539,153,0
1764424217453,545,148,0
1764424217453,550,144,0
1764424217469,556,140,0
1764424217469,561,136,0
1764424217488,567,132,0
1764424217493,573,128,0
1764424217501,579,125,0
1764424217501,585,122,0
1764424217517,592,119,0
1764424217517,599,116,0
1764424217532,606,113,0
1764424217532,612,111,0
1764424217548,618,109,0
1764424217548,622,107,0
1764424217564,626,107,0
1764424217564,630,105,0
1764424217580,633,105,0
1764424217580,635,104,0
1764424217595,638,103,0
1764424217595,641,103,0
1764424217611,644,102,0
1764424217611,647,102,0
1764424217627,650,101,0
1764424217627,653,101,0
1764424217643,656,101,0
1764424217643,659,101,0
1764424217659,661,101,0
1764424217659,664,101,0
1764424217674,668,101,0
1764424217674,672,101,0
1764424217690,677,100,0
1764424217690,681,100,0
1764424217706,685,100,1
1764424217721,688,100,1
1764424217721,692,100,1
1764424217721,695,100,1
1764424217737,699,100,1
1764424217737,703,100,1
1764424217753,707,100,1
1764424217769,711,100,1
1764424217769,717,100,1
1764424217769,722,101,1
1764424217785,728,102,1
1764424217785,732,102,1
1764424217801,736,103,1
1764424217801,741,104,1
1764424217817,745,105,1
1764424217817,749,106,1
1764424217833,753,106,1
1764424217849,755,107,1
1764424217849,756,108,1
1764424217849,758,108,1
1764424217864,761,109,1
1764424217880,764,111,1
1764424217880,768,112,1
1764424217896,773,113,1
1764424217896,777,115,1
1764424217911,782,117,1
1764424217911,786,119,1
1764424217927,791,121,1
1764424217927,795,123,1
1764424217943,800,126,1
1764424217943,805,129,1
1764424217959,809,133,1
1764424217959,816,137,1
1764424217975,821,140,1
1764424217975,827,144,1
1764424217991,833,148,1
1764424217991,839,152,1
1764424218006,844,155,1
1764424218006,849,159,1
1764424218022,854,162,1
1764424218022,859,167,1
1764424218038,865,172,1
1764424218038,869,177,1
1764424218056,875,183,1
1764424218060,879,188,1
1764424218070,883,193,1
1764424218070,886,198,1
1764424218085,890,203,1
1764424218085,894,207,1
1764424218102,898,211,1
1764424218102,902,216,1
1764424218117,905,221,1
1764424218117,908,224,1
1764424218133,911,229,1
1764424218133,913,232,1
1764424218149,917,236,1
1764424218149,920,239,1
1764424218165,922,243,1
1764424218165,925,246,1
1764424218181,927,250,1
1764424218181,929,252,1
1764424218197,930,254,1
1764424218197,932,257,1
1764424218213,933,259,1
1764424218213,934,261,1
1764424218229,936,264,1
1764424218229,936,267,1
1764424218245,938,271,1
1764424218245,940,275,1
1764424218260,942,280,1
1764424218260,944,284,1
1764424218276,945,289,1
1764424218276,946,292,1
1764424218292,948,296,1
1764424218292,950,301,1
1764424218308,951,305,1
1764424218308,952,311,1
1764424218324,952,315,1
1764424218324,953,319,1
1764424218340,954,325,1
1764424218340,955,331,1
1764424218356,956,336,1
1764424218356,957,342,1
1764424218372,958,347,1
1764424218372,958,353,1
1764424218387,958,358,1
1764424218387,958,364,1
1764424218403,958,369,1
1764424218403,958,375,1
1764424218419,958,380,1
1764424218419,958,384,1
1764424218435,958,388,1
1764424218435,958,394,1
1764424218451,958,398,1
1764424218451,958,402,1
1764424218467,958,406,1
1764424218467,958,409,1
1764424218482,957,412,1
1764424218482,957,415,1
1764424218498,956,418,1
1764424218498,956,421,1
1764424218514,956,424,1
1764424218514,955,427,1
1764424218536,953,431,1
1764424218546,952,434,1
1764424218546,952,437,1
1764424218561,950,440,1
1764424218561,949,442,1
1764424218561,949,445,1
1764424218577,947,449,1
1764424218577,946,451,1
1764424218593,945,454,1
1764424218593,945,456,1
1764424218609,943,459,1
1764424218625,942,462,1
1764424218625,940,465,1
1764424218642,938,468,1
1764424218643,937,470,1
1764424218643,934,474,1
1764424218657,932,477,1
1764424218657,929,479,1
1764424218673,928,482,1
1764424218688,925,485,1
1764424218688,923,488,1
1764424218704,919,492,1
1764424218704,916,497,1
1764424218720,913,501,1
1764424218720,909,505,1
1764424218720,905,510,1
1764424218736,903,513,1
1764424218752,899,517,1
1764424218752,896,520,1
1764424218752,894,523,1
1764424218769,892,526,1
1764424218784,890,528,1
1764424218784,887,532,1
1764424218784,885,535,1
1764424218801,882,539,1
1764424218801,879,542,1
1764424218816,876,546,1
1764424218832,872,550,1
1764424218832,870,553,1
1764424218848,866,558,1
1764424218853,861,563,1
1764424218864,856,567,1
1764424218864,853,570,1
1764424218879,849,574,1
1764424218879,844,579,1
1764424218895,840,582,1
1764424218895,837,586,1
1764424218911,833,589,1
1764424218911,831,591,1
1764424218927,829,593,1
1764424218927,827,595,1
1764424218943,824,596,1
1764424218943,822,597,1
1764424218959,821,598,1
1764424218959,819,598,1
1764424218975,818,600,1
1764424218975,816,600,1
1764424218991,814,601,1
1764424218991,811,602,1
1764424219006,809,603,1
1764424219006,806,603,1
1764424219023,803,603,1
1764424219023,800,603,1
1764424219038,796,603,1
1764424219038,792,603,1
1764424219054,788,603,1
1764424219054,782,603,1
1764424219071,776,603,1
1764424219071,770,603,1
1764424219088,764,603,1
1764424219088,758,603,1
1764424219103,751,602,1
1764424219103,744,601,1
1764424219119,736,600,1
1764424219119,727,597,1
1764424219135,716,596,1
1764424219135,705,594,1
1764424219151,694,591,1
1764424219151,683,589,1
1764424219167,674,587,1
1764424219167,665,585,1
1764424219182,658,583,1
1764424219182,653,581,1
1764424219198,648,579,0
1764424219198,644,577,0
1764424219214,639,575,0
1764424219214,634,572,0
1764424219230,630,571,0
1764424219230,625,568,0
1764424219245,621,566,0
1764424219245,617,564,0
1764424219261,613,563,0
1764424219261,610,561,0
1764424219277,606,559,0
1764424219277,603,558,1
1764424219293,599,556,1
1764424219293,594,553,1
1764424219309,588,550,1
1764424219309,584,547,1
1764424219325,580,544,1
1764424219325,576,541,1
1764424219341,573,538,1
1764424219341,569,536,1
1764424219357,564,532,1
1764424219357,561,529,1
1764424219373,556,527,1
1764424219373,551,523,1
1764424219389,548,520,1
1764424219389,545,517,1
1764424219404,541,515,1
1764424219404,538,511,1
1764424219420,535,508,1
1764424219420,533,505,1
1764424219437,529,502,1
1764424219437,526,497,1
1764424219452,523,494,1
1764424219452,519,490,1
1764424219468,516,486,1
1764424219468,514,483,1
1764424219484,510,479,1
1764424219484,507,475,1
1764424219500,505,471,1
1764424219500,502,467,1
1764424219516,499,463,1
1764424219516,496,458,1
1764424219532,495,454,1
1764424219532,493,451,1
1764424219548,492,448,1
1764424219548,491,444,1
1764424219564,491,441,1
1764424219564,491,437,1
1764424219580,490,433,1
1764424219580,489,427,1
1764424219596,489,422,1
1764424219596,489,416,1
1764424219612,489,411,1
1764424219612,489,404,1
1764424219628,489,399,1
1764424219628,489,392,1
1764424219644,489,385,1
1764424219644,490,379,1
1764424219660,491,372,1
1764424219660,492,365,1
1764424219676,493,359,1
1764424219676,494,352,1
1764424219692,496,346,1
1764424219692,497,341,1
1764424219708,497,337,1
1764424219708,498,332,1
1764424219724,499,328,1
1764424219724,500,322,1
1764424219740,502,316,1
1764424219740,504,311,1
1764424219755,506,306,1
1764424219755,508,300,1
1764424219771,510,295,1
1764424219771,512,289,1
1764424219787,513,284,1
1764424219787,515,280,1
1764424219803,517,275,1
1764424219803,518,271,1
1764424219819,519,267,1
1764424219819,520,263,1
1764424219835,521,260,1
1764424219835,522,257,1
1764424219850,524,254,1
1764424219850,524,251,1
1764424219866,525,248,1
1764424219866,526,246,1
1764424219882,527,242,1
1764424219882,528,239,1
1764424219897,529,237,1
1764424219897,531,234,1
1764424219913,532,230,1
1764424219929,533,228,1
1764424219929,534,226,1
1764424219945,536,224,1
1764424219945,538,221,1
1764424219961,539,217,1
1764424219961,541,214,1
1764424219976,542,211,1
1764424219976,544,207,1
1764424219976,546,205,1
1764424219992,548,202,1
1764424220009,551,198,1
1764424220010,552,196,1
1764424220010,555,193,1
1764424220024,557,191,1
1764424220040,561,187,1
1764424220040,564,183,1
1764424220040,568,180,1
1764424220056,571,176,1
1764424220072,575,172,1
1764424220072,580,169,1
1764424220089,585,166,1
1764424220089,589,163,1
1764424220089,594,160,1
1764424220104,599,157,1
1764424220120,603,155,1
1764424220120,607,153,1
1764424220120,610,151,1
1764424220136,613,149,1
1764424220136,617,147,1
1764424220152,621,144,1
1764424220152,626,142,1
1764424220168,630,141,1
1764424220184,635,139,1
1764424220184,639,138,1
1764424220200,642,136,1
1764424220200,646,136,1
1764424220216,650,134,1
1764424220223,654,133,1
1764424220231,660,132,1
1764424220231,666,131,1
1764424220247,671,131,1
1764424220247,676,131,1
1764424220263,682,130,1
1764424220263,686,130,1
1764424220279,690,130,1
1764424220279,694,130,1
1764424220295,697,130,1
1764424220295,700,130,1
1764424220311,702,130,1
1764424220311,704,130,1
1764424220327,706,130,1
1764424220327,708,130,1
1764424220343,710,130,1
1764424220348,712,130,1
1764424220359,715,130,1
1764424220359,718,130,1
1764424220375,721,130,1
1764424220375,724,130,1
1764424220391,727,130,1
1764424220391,729,130,1
1764424220407,731,131,1
1764424220407,733,131,1
1764424220423,735,132,1
1764424220423,737,132,1
1764424220439,740,132,1
1764424220439,743,133,1
1764424220455,747,135,1
1764424220455,750,135,1
1764424220471,753,136,1
1764424220471,756,138,1
1764424220486,761,140,1
1764424220486,765,142,1
1764424220502,770,143,1
1764424220502,774,145,1
1764424220519,779,147,1
1764424220519,785,150,1
1764424220534,791,152,1
1764424220534,796,155,1
1764424220551,804,158,1
1764424220551,811,161,1
1764424220567,817,164,1
1764424220568,823,168,0
1764424220582,830,171,1
1764424220582,837,175,1
1764424220598,842,177,1
1764424220598,847,180,1
1764424220616,852,183,1
1764424220616,858,186,1
1764424220630,864,189,1
1764424220630,870,191,1
1764424220646,874,194,1
1764424220646,879,197,1
1764424220662,884,199,1
1764424220662,887,201,1
1764424220678,890,203,1
1764424220678,894,205,1
1764424220694,896,206,1
1764424220694,897,208,1
1764424220710,900,209,1
1764424220710,901,211,1
1764424220726,903,213,1
1764424220726,905,214,1
1764424220741,907,216,1
1764424220741,909,218,1
1764424220758,911,220,1
1764424220758,912,222,1
1764424220774,914,224,1
1764424220774,915,226,1
1764424220789,917,229,1
1764424220789,918,231,1
1764424220805,921,233,1
1764424220805,922,235,1
1764424220822,923,237,1
1764424220822,924,239,1
1764424220837,926,241,1
1764424220837,926,243,1
1764424220853,927,246,1
1764424220853,928,248,1
1764424220869,929,250,1
1764424220869,930,252,1
1764424220884,931,254,1
1764424220884,932,257,1
1764424220900,933,260,1
1764424220900,934,262,1
1764424220916,935,264,1
1764424220916,935,267,1
1764424220932,936,270,1
1764424220932,937,272,1
1764424220948,938,276,1
1764424220948,938,278,1
1764424220964,939,280,1
1764424220964,940,282,1
1764424220980,941,285,1
1764424220980,941,288,1
1764424220996,942,291,1
1764424220996,943,294,1
1764424221012,944,298,1
1764424221012,944,301,1
1764424221028,945,304,1
1764424221028,946,307,1
1764424221044,947,309,1
1764424221044,948,312,1
1764424221060,948,315,1
1764424221068,949,318,1
1764424221076,950,321,1
1764424221076,951,324,1
1764424221091,951,327,1
1764424221091,951,330,1
1764424221107,952,334,1
1764424221107,952,337,1
1764424221123,953,340,1
1764424221123,953,344,1
1764424221138,954,348,1
1764424221138,955,354,1
1764424221154,956,359,1
1764424221154,956,365,1
1764424221170,957,370,1
1764424221170,957,376,1
1764424221186,957,380,1
1764424221201,957,384,1
1764424221203,957,388,1
1764424221203,957,392,1
1764424221217,957,396,1
1764424221217,957,401,1
1764424221233,957,406,1
1764424221233,956,412,1
1764424221249,956,417,1
1764424221249,955,421,1
1764424221265,955,427,1
1764424221265,954,432,1
1764424221287,953,438,1
1764424221288,952,442,1
1764424221296,950,448,1
1764424221312,948,454,1
1764424221312,946,460,1
1764424221312,944,464,1
1764424221328,943,470,1
1764424221344,941,474,1
1764424221344,938,479,1
1764424221359,936,484,1
1764424221359,934,488,1
1764424221376,933,493,1
1764424221377,931,497,1
1764424221391,929,502,1
1764424221391,927,505,1
1764424221407,926,508,1
1764424221407,924,512,1
1764424221423,921,515,1
1764424221423,919,520,1
1764424221439,916,523,1
1764424221439,913,527,1
1764424221454,910,530,1
1764424221454,906,534,1
1764424221470,902,538,1
1764424221470,899,541,1
1764424221486,895,545,1
1764424221486,892,548,1
1764424221502,887,551,1
1764424221502,883,554,1
1764424221518,880,556,1
1764424221518,875,559,1
1764424221534,871,562,1
1764424221534,866,565,1
1764424221549,861,568,1
1764424221549,857,570,1
1764424221565,853,572,1
1764424221565,849,574,1
1764424221582,844,576,1
1764424221582,840,577,1
1764424221597,835,579,1
1764424221597,831,581,1
1764424221613,826,582,1
1764424221613,821,584,1
1764424221629,815,585,1
1764424221629,808,587,1
1764424221644,800,588,1
1764424221644,792,589,1
1764424221660,784,590,1
1764424221660,774,591,1
1764424221676,765,591,1
1764424221676,754,591,1
1764424221692,745,591,1
1764424221692,735,591,0
1764424221708,727,591,0
1764424221708,719,591,0
1764424221724,711,591,0
1764424221724,705,591,0
1764424221740,698,591,1
1764424221740,693,591,1
1764424221755,686,591,1
1764424221755,680,591,1
1764424221771,675,591,1
1764424221771,670,591,1
1764424221787,664,591,1
1764424221787,660,591,1
1764424221803,656,591,1
1764424221803,650,590,1
1764424221818,645,589,1
1764424221818,639,588,1
1764424221834,633,587,1
1764424221834,626,585,1
1764424221850,621,585,1
1764424221850,616,583,1
1764424221865,611,581,1
1764424221881,606,581,1
1764424221886,603,579,1
1764424221886,599,577,1
1764424221897,595,575,1
1764424221897,591,574,1
1764424221913,586,571,1
1764424221913,581,568,1
1764424221929,577,565,1
1764424221945,573,562,1
1764424221945,569,558,1
1764424221960,566,554,1
1764424221960,561,551,1
1764424221976,557,546,1
1764424221976,552,541,1
1764424221992,547,536,1
1764424221992,543,530,1
1764424222008,539,525,1
1764424222008,534,519,1
1764424222024,529,513,1
1764424222026,525,507,1
1764424222040,521,501,1
1764424222040,517,495,1
1764424222055,512,487,1
1764424222055,508,481,1
1764424222071,504,474,1
1764424222071,500,467,1
1764424222087,496,460,1
1764424222090,491,452,1
1764424222103,488,445,1
1764424222105,485,437,1
1764424222119,481,428,1
1764424222119,477,420,1
1764424222135,474,411,1
1764424222135,470,403,1
1764424222151,468,397,1
1764424222151,467,392,1
1764424222166,467,387,1
1764424222166,466,383,1
1764424222182,466,378,1
1764424222182,466,372,1
1764424222199,466,367,1
1764424222199,466,361,1
1764424222215,466,356,1
1764424222215,466,351,1
1764424222230,466,344,1
1764424222230,467,336,1
1764424222246,468,327,1
1764424222246,469,319,1
1764424222262,470,311,1
1764424222262,471,303,1
1764424222278,473,296,1
1764424222278,475,289,1
1764424222294,477,283,1
1764424222294,479,277,1
1764424222310,482,272,1
1764424222310,485,266,1
1764424222326,487,260,1
1764424222326,492,254,1
1764424222341,496,248,1
1764424222341,498,242,1
1764424222357,501,236,1
1764424222357,504,230,1
1764424222373,507,223,1
1764424222373,510,217,1
1764424222389,513,211,1
1764424222389,516,205,1
1764424222405,518,199,1
1764424222405,520,195,1
1764424222421,523,191,1
1764424222421,525,188,1
1764424222436,527,185,1
1764424222436,529,181,1
1764424222452,532,178,1
1764424222452,535,174,1
1764424222468,537,172,1
1764424222468,540,168,0
1764424222484,543,165,0
1764424222484,546,161,0
1764424222500,549,158,0
1764424222500,553,155,0
1764424222515,556,152,0
1764424222515,560,150,0
1764424222531,563,147,0
1764424222531,567,146,0
1764424222547,571,143,0
1764424222547,576,141,1
1764424222563,579,139,1
1764424222563,584,138,1
1764424222578,588,136,1
1764424222578,593,134,1
1764424222594,596,132,1
1764424222604,600,131,1
1764424222610,606,130,1
1764424222610,610,129,1
1764424222626,615,127,1
1764424222626,619,127,1
1764424222642,625,125,1
1764424222642,630,125,1
1764424222658,635,124,1
1764424222658,639,123,1
1764424222674,643,123,1
1764424222674,647,123,1
1764424222690,651,123,1
1764424222690,655,123,1
1764424222705,660,122,1
1764424222721,664,122,1
1764424222721,668,122,1
1764424222721,673,122,1
1764424222737,679,122,1
1764424222737,684,122,1
1764424222753,690,121,1
1764424222753,697,121,1
1764424222769,702,120,1
1764424222785,708,120,1
1764424222785,714,120,1
1764424222801,720,120,1
1764424222801,727,120,1
1764424222801,732,120,1
1764424222817,739,120,1
1764424222817,745,120,1
1764424222833,751,120,1
1764424222849,758,119,1
1764424222849,764,119,1
1764424222849,771,119,1
1764424222865,777,119,1
1764424222865,782,119,1
1764424222881,789,119,1
1764424222897,795,119,1
1764424222897,801,119,1
1764424222912,806,119,1
1764424222912,812,119,1
1764424222928,817,119,1
1764424222928,823,119,1
1764424222928,828,120,1
1764424222951,834,121,1
1764424222953,839,122,0
1764424222960,844,124,0
1764424222976,848,125,0
1764424222976,854,127,0
1764424222992,859,129,0
1764424222992,864,132,0
1764424223008,869,134,0
1764424223008,874,137,0
1764424223008,879,141,0
1764424223024,885,146,0
1764424223024,890,150,0
1764424223040,896,155,0
1764424223056,902,160,0
1764424223056,908,165,0
1764424223072,914,170,0
1764424223072,919,175,0
1764424223088,923,180,0
1764424223088,926,184,0
1764424223103,930,189,0
1764424223103,934,192,0
1764424223119,938,197,0
1764424223119,941,202,0
1764424223135,943,206,0
1764424223135,946,212,0
1764424223151,949,218,0
1764424223156,952,224,1
1764424223167,955,231,1
1764424223167,958,237,1
1764424223182,960,244,1
1764424223182,962,251,1
1764424223199,965,257,1
1764424223199,967,262,1
1764424223214,969,267,1
1764424223214,970,274,1
1764424223230,971,280,1
1764424223230,972,287,1
1764424223246,973,292,1
1764424223246,974,299,1
1764424223262,975,306,1
1764424223262,975,313,1
1764424223278,976,321,1
1764424223278,977,328,1
1764424223294,977,336,1
1764424223294,978,343,1
1764424223310,979,348,1
1764424223310,979,355,1
1764424223326,979,359,1
1764424223326,979,365,1
1764424223341,979,370,1
1764424223341,979,374,1
1764424223358,979,380,1
1764424223358,979,384,1
1764424223373,979,388,1
1764424223373,979,392,1
1764424223389,979,396,1
1764424223389,978,400,1
1764424223405,978,405,1
1764424223405,977,409,1
1764424223422,977,413,1
1764424223422,976,416,1
1764424223436,976,419,1
1764424223436,975,423,1
1764424223452,974,427,1
1764424223452,973,431,1
1764424223468,972,435,1
1764424223468,970,440,1
1764424223484,969,443,1
1764424223484,968,447,1
1764424223500,966,451,1
1764424223500,964,455,1
1764424223515,962,460,1
1764424223515,960,464,1
1764424223531,958,469,1
1764424223531,955,474,1
1764424223547,952,477,1
1764424223547,949,482,1
1764424223562,947,486,1
1764424223562,944,490,1
1764424223578,941,493,1
1764424223578,939,497,1
1764424223594,936,500,1
1764424223594,932,505,1
1764424223610,929,509,1
1764424223610,925,513,1
1764424223631,921,517,1
1764424223632,918,521,1
1764424223642,913,526,1
1764424223642,908,531,1
1764424223657,904,534,1
1764424223657,900,537,1
1764424223673,895,541,1
1764424223673,890,544,1
1764424223689,885,546,1
1764424223689,882,549,1
1764424223705,879,551,1
1764424223705,875,553,1
1764424223723,873,555,1
1764424223737,871,556,1
1764424223737,869,558,1
1764424223737,868,558,1
1764424223752,866,559,1
1764424223752,865,560,1
1764424223768,864,561,1
1764424223784,861,563,1
1764424223784,859,564,1
1764424223799,857,566,1
1764424223799,855,567,1
1764424223815,852,568,1
1764424223815,848,570,1
1764424223831,844,571,1
1764424223831,839,573,1
1764424223847,835,574,1
1764424223847,831,575,1
1764424223863,825,577,1
1764424223863,821,578,1
1764424223879,816,579,1
1764424223879,811,579,1
1764424223895,805,580,1
1764424223895,799,581,1
1764424223911,794,581,1
1764424223911,788,582,0
1764424223927,783,583,0
1764424223927,777,583,0
1764424223943,770,584,0
1764424223943,764,584,0
1764424223959,758,584,0
1764424223959,752,584,0
1764424223975,745,584,0
1764424223975,738,584,0
1764424223990,731,584,0
1764424223990,725,584,0
1764424224006,719,584,0
1764424224006,714,584,0
1764424224022,708,584,0
1764424224022,703,584,0
1764424224038,698,584,0
1764424224038,692,584,0
1764424224054,687,584,0
1764424224054,681,584,0
1764424224070,676,584,0
1764424224070,671,583,0
1764424224086,666,581,0
1764424224086,661,581,0
1764424224103,657,579,0
1764424224103,652,577,0
1764424224118,649,575,0
1764424224118,645,573,0
1764424224134,640,571,0
1764424224134,635,568,0
1764424224150,629,566,0
1764424224150,624,563,0
1764424224166,618,560,0
1764424224166,612,557,0
1764424224182,606,554,0
1764424224182,600,551,0
1764424224198,595,548,0
1764424224198,589,545,0
1764424224214,585,543,0
1764424224214,580,539,0
1764424224230,575,536,0
1764424224230,570,532,1
1764424224248,565,527,1
1764424224248,561,522,0
1764424224262,554,517,1
1764424224262,548,512,1
1764424224277,542,507,1
1764424224277,536,502,1
1764424224293,530,497,1
1764424224293,525,492,1
1764424224309,520,487,1
1764424224309,516,481,1
1764424224325,511,476,1
1764424224325,506,470,1
1764424224343,501,463,1
1764424224343,496,455,1
1764424224357,488,448,1
1764424224357,482,440,1
1764424224373,476,433,1
1764424224373,471,426,1
1764424224389,467,418,1
1764424224389,464,411,1
1764424224404,461,404,1
1764424224404,458,396,1
1764424224420,455,388,1
1764424224420,453,380,1
1764424224436,452,371,0
1764424224436,451,363,0
1764424224452,451,355,0
1764424224452,451,348,0
1764424224468,451,341,0
1764424224468,451,334,0
1764424224484,451,328,0
1764424224484,451,321,0
1764424224499,451,313,0
1764424224499,451,306,0
1764424224516,452,299,0
1764424224516,452,294,0
1764424224532,454,288,0
1764424224532,456,282,0
1764424224548,458,278,0
1764424224548,460,273,0
1764424224564,463,267,0
1764424224564,465,263,0
1764424224580,467,258,0
1764424224580,468,254,0
1764424224596,470,248,0
1764424224596,473,242,0
1764424224612,475,237,0
1764424224612,478,233,0
1764424224627,481,228,0
1764424224627,483,225,0
1764424224643,486,220,0
1764424224643,489,217,0
1764424224659,491,212,0
1764424224659,494,207,0
1764424224675,497,202,0
1764424224675,500,199,0
1764424224691,502,196,0
1764424224691,506,191,0
1764424224707,510,186,0
1764424224707,514,182,0
1764424224723,517,179,0
1764424224723,521,175,0
1764424224739,524,171,0
1764424224739,527,167,0
1764424224754,531,163,0
1764424224754,534,161,0
1764424224770,538,158,0
1764424224770,542,155,0
1764424224786,546,153,0
1764424224786,549,150,0
1764424224802,554,147,0
1764424224802,559,144,0
1764424224818,563,142,0
1764424224834,568,139,0
1764424224834,571,137,0
1764424224834,575,135,0
1764424224849,579,134,0
1764424224849,584,132,0
1764424224865,587,130,0
1764424224865,592,128,0
1764424224881,597,126,0
1764424224881,602,125,0
1764424224897,608,123,1
1764424224913,613,122,1
1764424224913,619,121,1
1764424224928,624,120,1
1764424224928,630,119,1
1764424224928,636,118,1
1764424224944,641,118,1
1764424224944,647,117,1
1764424224960,652,117,1
1764424224976,657,117,1
1764424224976,663,117,1
1764424224976,667,117,1
1764424224992,672,117,1
1764424225008,678,117,1
1764424225008,682,117,1
1764424225024,686,117,1
1764424225024,690,117,1
1764424225039,693,117,1
1764424225039,695,117,1
1764424225055,698,117,1
1764424225055,700,117,1
1764424225071,703,117,1
1764424225071,707,117,1
1764424225087,711,117,1
1764424225087,715,117,1
1764424225102,721,118,1
1764424225102,726,119,1
1764424225118,730,120,1
1764424225118,735,121,1
1764424225134,739,122,1
1764424225134,743,122,1
1764424225150,749,123,1
1764424225150,755,124,1
1764424225166,760,126,1
1764424225166,766,127,1
1764424225182,771,129,1
1764424225182,775,130,1
1764424225197,781,132,1
1764424225197,786,134,1
1764424225214,792,136,1
1764424225214,798,139,1
1764424225229,804,140,1
1764424225229,810,142,1
1764424225245,814,144,1
1764424225245,819,147,1
1764424225261,825,150,1
1764424225261,829,152,1
1764424225277,834,155,1
1764424225277,838,156,1
1764424225293,842,158,1
1764424225293,845,160,1
1764424225309,849,162,1
1764424225309,852,165,1
1764424225325,855,168,1
1764424225325,859,170,1
1764424225341,864,173,1
1764424225341,867,176,1
1764424225357,871,178,1
1764424225357,875,182,1
1764424225372,879,185,1
1764424225372,882,188,1
1764424225388,886,192,1
1764424225388,890,195,1
1764424225404,892,198,1
1764424225404,896,203,1
1764424225420,898,206,1
1764424225420,902,210,1
1764424225436,906,216,1
1764424225436,910,220,1
1764424225453,913,225,1
1764424225453,916,230,1
1764424225467,919,235,1
1764424225467,922,239,1
1764424225484,925,243,1
1764424225484,926,246,1
1764424225500,928,249,1
1764424225500,930,253,1
1764424225515,930,255,1
1764424225515,932,258,1
1764424225531,933,261,1
1764424225531,934,264,1
1764424225548,935,269,1
1764424225548,937,273,1
1764424225563,939,278,1
1764424225563,940,282,1
1764424225579,942,287,1
1764424225579,944,292,1
1764424225595,944,297,1
1764424225595,945,302,1
1764424225611,946,308,1
1764424225611,947,314,1
1764424225627,948,319,1
1764424225627,949,325,1
1764424225643,950,330,1
1764424225643,950,336,1
1764424225659,951,341,1
1764424225659,951,348,1
1764424225674,952,354,1
1764424225674,952,361,1
1764424225690,953,366,1
1764424225690,954,372,1
1764424225706,954,377,1
1764424225706,954,383,1
1764424225721,954,388,1
1764424225737,954,392,1
1764424225737,954,396,1
1764424225737,954,400,1
1764424225753,954,404,1
1764424225769,954,407,1
1764424225769,954,410,1
1764424225769,954,414,1
1764424225784,954,417,1
1764424225800,954,421,1
1764424225800,954,424,1
1764424225816,954,427,1
1764424225816,954,430,1
1764424225834,954,433,1
1764424225834,954,436,1
1764424225848,954,439,1
1764424225848,953,441,1
1764424225863,953,443,1
1764424225863,951,446,1
1764424225879,950,449,1
1764424225879,949,452,1
1764424225895,947,456,1
1764424225895,946,459,1
1764424225911,943,463,1
1764424225911,940,467,1
1764424225927,938,472,1
1764424225927,934,477,1
1764424225943,930,481,1
1764424225943,926,486,1
1764424225959,922,492,1
1764424225959,917,498,1
1764424225975,912,503,1
1764424225975,907,509,1
1764424225991,902,514,1
1764424225991,897,520,1
1764424226007,892,525,1
1764424226007,886,532,1
1764424226023,882,536,1
1764424226023,877,541,1
1764424226039,873,546,1
1764424226039,869,551,1
1764424226054,865,556,1
1764424226054,863,560,1
1764424226070,859,566,1
1764424226070,855,571,1
1764424226086,852,575,1
1764424226086,848,580,1
1764424226102,845,583,1
1764424226102,841,588,1
1764424226118,837,592,1
1764424226118,834,595,1
1764424226133,831,599,1
1764424226133,827,602,1
1764424226149,825,605,1
1764424226149,823,607,1
1764424226165,819,610,1
1764424226165,817,611,1
1764424226181,814,613,1
1764424226181,812,615,1
1764424226197,809,616,1
1764424226197,807,617,1
1764424226213,805,618,1
1764424226213,804,619,1
1764424226229,801,619,1
1764424226229,800,619,1
1764424226245,798,620,1
1764424226245,796,620,1
1764424226261,793,620,1
1764424226261,790,620,1
1764424226277,786,620,1
1764424226277,780,620,1
1764424226292,774,620,1
1764424226292,765,619,1
1764424226308,759,618,1
1764424226308,750,617,1
1764424226324,743,616,1
1764424226324,737,615,1
1764424226339,731,613,1
1764424226339,725,612,1
1764424226355,720,611,1
1764424226355,714,610,1
1764424226371,707,608,1
1764424226371,700,606,1
1764424226387,692,604,1
1764424226387,685,602,1
1764424226403,678,601,1
1764424226403,671,599,1
1764424226419,665,598,1
1764424226419,661,598,1
1764424226435,658,598,1
1764424226435,655,597,1
1764424226451,650,596,1
1764424226451,646,595,1
1764424226466,642,593,1
1764424226466,636,592,1
1764424226482,630,590,1
1764424226482,625,589,1
1764424226498,619,588,1
1764424226498,615,587,1
1764424226514,610,585,1
1764424226514,606,584,1
1764424226530,601,583,1
1764424226530,597,581,1
1764424226546,592,580,1
1764424226546,589,579,1
1764424226562,585,577,1
1764424226562,581,575,1
1764424226578,578,574,1
1764424226578,575,572,1
1764424226593,573,570,1
1764424226593,570,569,1
1764424226609,567,567,1
1764424226609,565,564,1
1764424226625,561,562,1
1764424226625,558,559,1
1764424226641,554,556,1
1764424226657,551,554,1
1764424226657,548,551,1
1764424226657,546,549,1
1764424226673,543,546,1
1764424226688,540,542,1
1764424226688,537,539,1
1764424226688,534,534,1
1764424226704,530,529,1
1764424226720,526,523,1
1764424226720,522,518,1
1764424226735,519,512,1
1764424226735,516,506,1
1764424226751,513,500,1
1764424226751,510,495,1
1764424226767,507,489,1
1764424226767,505,483,1
1764424226783,503,477,1
1764424226783,500,471,1
1764424226799,498,464,1
1764424226799,496,458,1
1764424226815,494,453,1
1764424226816,493,447,1
1764424226831,492,443,1
1764424226831,491,438,1
1764424226847,490,433,1
1764424226847,489,427,1
1764424226863,488,420,1
1764424226863,488,413,1
1764424226879,487,407,1
1764424226879,487,401,1
1764424226895,487,396,1
1764424226895,487,392,1
1764424226911,487,386,1
1764424226911,487,382,1
1764424226927,487,377,1
1764424226927,487,371,1
1764424226943,487,366,1
1764424226943,487,360,1
1764424226959,487,354,1
1764424226959,487,347,1
1764424226974,488,340,1
1764424226974,489,333,1
1764424226990,489,328,1
1764424226990,490,321,1
1764424227006,491,314,1
1764424227006,493,307,1
1764424227023,494,300,1
1764424227031,495,293,1
1764424227038,497,287,1
1764424227038,499,280,1
1764424227054,501,275,1
1764424227054,503,269,1
1764424227070,505,262,1
1764424227070,507,256,1
1764424227085,509,249,1
1764424227085,511,243,1
1764424227101,514,237,1
1764424227101,516,230,1
1764424227117,520,223,1
1764424227117,522,217,1
1764424227133,526,210,1
1764424227133,527,204,1
1764424227149,530,198,1
1764424227149,532,194,1
1764424227165,534,191,1
1764424227165,535,187,1
1764424227181,537,185,1
1764424227181,538,183,1
1764424227197,540,180,1
1764424227197,541,178,1
1764424227213,544,176,1
1764424227213,546,172,1
1764424227229,549,170,1
1764424227229,552,168,1
1764424227244,554,166,1
1764424227244,557,165,1
1764424227260,560,162,1
1764424227260,562,161,1
1764424227277,565,159,1
1764424227277,569,157,1
1764424227293,572,156,1
1764424227293,576,155,1
1764424227309,581,153,1
1764424227309,585,151,1
1764424227325,590,150,1
1764424227325,594,149,1
1764424227341,599,148,1
1764424227341,603,146,1
1764424227357,609,146,1
1764424227357,613,144,1
1764424227373,617,143,1
1764424227373,622,142,1
1764424227388,626,141,1
1764424227388,630,141,1
1764424227404,635,140,1
1764424227404,639,139,1
1764424227420,643,139,1
1764424227420,649,138,1
1764424227436,653,138,1
1764424227436,657,137,1
1764424227452,661,137,1
1764424227452,667,136,1
1764424227468,671,135,1
1764424227468,677,135,1
1764424227484,681,135,1
1764424227484,685,134,1
1764424227499,691,133,1
1764424227499,695,133,1
1764424227515,699,133,1
1764424227515,705,132,1
1764424227531,710,132,1
1764424227531,716,132,1
1764424227547,722,132,1
1764424227547,729,132,1
1764424227562,736,132,1
1764424227562,743,132,1
1764424227578,751,132,1
1764424227578,757,132,1
1764424227594,764,132,1
1764424227594,771,132,1
1764424227609,778,132,1
1764424227609,784,132,1
1764424227625,791,133,1
1764424227625,799,134,1
1764424227641,806,135,1
1764424227641,812,136,1
1764424227657,818,137,1
1764424227657,825,139,1
1764424227673,832,141,1
1764424227689,837,143,1
1764424227689,843,145,1
1764424227689,850,147,1
1764424227704,856,149,1
1764424227720,863,152,1
1764424227720,869,155,1
1764424227736,875,158,1
1764424227736,881,161,1
1764424227752,887,165,1
1764424227752,891,168,1
1764424227768,897,172,1
1764424227768,903,176,1
1764424227784,910,181,1
1764424227784,914,185,1
1764424227799,919,189,1
1764424227799,924,193,1
1764424227816,929,197,1
1764424227816,933,202,1
1764424227831,938,207,1
1764424227831,942,213,1
1764424227847,947,218,1
1764424227847,951,224,1
1764424227863,954,229,1
1764424227863,957,234,1
1764424227879,959,238,1
1764424227879,962,243,1
1764424227895,964,247,1
1764424227895,966,252,1
1764424227911,967,258,1
1764424227911,969,263,1
1764424227927,971,269,1
1764424227927,972,273,1
1764424227943,973,278,1
1764424227943,974,283,1
1764424227959,974,289,1
1764424227959,974,296,1
1764424227975,974,302,1
1764424227975,974,309,1
1764424227991,974,316,1
1764424227991,974,324,1
1764424228007,974,330,1
1764424228007,974,338,1
1764424228023,974,347,1
1764424228023,974,355,1
1764424228039,974,361,1
1764424228039,974,369,1
1764424228055,974,376,1
1764424228055,973,383,1
1764424228070,973,390,1
1764424228070,972,397,1
1764424228086,972,403,1
1764424228086,971,409,1
1764424228102,971,416,1
1764424228102,970,421,1
1764424228118,970,428,1
1764424228118,970,433,1
1764424228133,970,440,1
1764424228133,970,445,1
1764424228149,969,451,1
1764424228149,969,457,1
1764424228165,968,462,1
1764424228165,967,468,1
1764424228183,966,473,1
1764424228183,964,479,1
1764424228197,963,485,1
1764424228197,962,490,1
1764424228213,960,496,1
1764424228213,958,503,0
1764424228228,956,509,0
1764424228228,953,515,0
1764424228244,950,521,0
1764424228244,947,525,0
1764424228260,944,530,0
1764424228260,940,536,0
1764424228276,936,542,0
1764424228276,932,547,0
1764424228292,927,553,0
1764424228292,922,558,0
1764424228310,917,563,0
1764424228310,913,568,0
1764424228324,908,573,0
1764424228324,903,578,0
1764424228340,897,583,0
1764424228340,892,587,0
1764424228356,886,591,0
1764424228356,881,595,0
1764424228372,876,597,0
1764424228372,872,600,0
1764424228391,867,603,0
1764424228392,864,605,0
1764424228403,860,606,0
1764424228403,857,608,0
1764424228419,853,610,0
1764424228419,849,611,0
1764424228435,845,613,0
1764424228435,840,615,0
1764424228451,834,617,0
1764424228451,830,618,0
1764424228466,824,620,0
1764424228466,819,621,1
1764424228482,814,621,1
1764424228482,809,621,1
1764424228498,804,621,1
1764424228498,798,622,1
1764424228514,792,622,1
1764424228514,787,622,1
1764424228530,780,622,1
1764424228546,774,622,1
1764424228546,767,622,1
1764424228546,761,622,1
1764424228561,755,622,1
1764424228561,748,622,1
1764424228582,741,622,1
1764424228582,735,622,1
1764424228593,730,622,1
1764424228593,726,622,1
1764424228609,722,622,1
1764424228609,718,622,1
1764424228624,714,622,1
1764424228624,709,621,1
1764424228640,705,620,1
1764424228640,699,618,1
1764424228656,692,616,1
1764424228656,685,613,1
1764424228672,678,610,1
1764424228672,671,608,1
1764424228688,665,606,1
1764424228688,659,604,1
1764424228704,654,602,1
1764424228720,649,600,1
1764424228720,643,598,1
1764424228736,638,596,1
1764424228736,633,595,1
1764424228752,629,593,1
1764424228752,624,590,1
1764424228767,619,588,1
1764424228767,616,586,1
1764424228783,613,585,1
1764424228783,609,583,1
1764424228799,607,582,1
1764424228799,604,581,1
1764424228815,600,579,1
1764424228815,596,576,1
1764424228830,591,574,1
1764424228830,587,571,1
1764424228846,583,569,1
1764424228846,580,567,1
1764424228862,577,566,1
1764424228862,574,564,1
1764424228878,570,563,1
1764424228878,567,561,1
1764424228894,562,559,1
1764424228894,558,556,1
1764424228910,554,555,1
1764424228910,551,552,1
1764424228926,548,550,1
1764424228926,545,548,1
1764424228942,543,546,1
1764424228942,541,543,1
1764424228958,537,541,1
1764424228958,535,537,1
1764424228973,531,534,1
1764424228973,527,530,1
1764424228989,524,526,1
1764424228989,521,523,1
1764424229005,518,519,1
1764424229005,515,516,1
1764424229021,511,512,1
1764424229021,509,509,1
1764424229037,506,505,1
1764424229037,504,502,1
1764424229052,502,500,1
1764424229052,501,497,1
1764424229068,499,494,1
1764424229068,497,492,1
1764424229084,495,489,1
1764424229084,493,486,1
1764424229100,493,483,1
1764424229100,491,480,1
1764424229116,490,477,1
1764424229116,489,474,1
1764424229132,487,469,1
1764424229132,486,465,1
1764424229148,485,460,1
1764424229148,484,456,1
1764424229164,483,452,1
1764424229164,483,448,1
1764424229180,483,444,1
1764424229180,483,438,1
1764424229196,483,433,1
1764424229196,483,427,1
1764424229212,483,422,1
1764424229212,483,418,1
1764424229227,484,413,1
1764424229227,485,409,1
1764424229243,486,405,1
1764424229243,487,399,1
1764424229259,488,395,1
1764424229259,489,392,1
1764424229275,489,387,1
1764424229275,490,383,1
1764424229291,491,380,1
1764424229291,493,375,1
1764424229307,494,371,1
1764424229307,496,367,1
1764424229323,497,362,1
1764424229323,499,356,1
1764424229339,500,352,0
1764424229355,502,347,0
1764424229355,504,343,0
1764424229355,505,339,0
1764424229371,506,335,0
1764424229371,507,332,0
1764424229386,508,329,0
1764424229386,509,326,0
1764424229402,509,323,0
1764424229402,509,320,0
1764424229418,510,317,0
1764424229418,511,312,0
1764424229434,511,309,0
1764424229434,512,305,0
1764424229449,513,301,0
1764424229449,514,295,0
1764424229465,514,291,0
1764424229465,515,287,0
1764424229481,515,283,1
1764424229481,516,278,1
1764424229497,516,274,1
1764424229497,516,270,1
1764424229513,517,266,1
1764424229529,518,261,1
1764424229529,519,257,1
1764424229529,520,253,1
1764424229546,520,250,1
1764424229546,522,246,1
1764424229561,523,243,1
1764424229577,525,240,1
1764424229581,526,237,1
1764424229581,528,233,1
1764424229593,529,230,1
1764424229608,531,227,1
1764424229608,533,222,1
1764424229608,536,217,1
1764424229624,538,214,1
1764424229624,541,211,1
1764424229640,543,208,1
1764424229656,546,206,1
1764424229656,548,204,1
1764424229656,549,202,1
1764424229672,552,200,1
1764424229688,554,198,1
1764424229688,556,196,1
1764424229688,558,195,1
1764424229704,561,192,1
1764424229704,563,190,1
1764424229720,565,188,1
1764424229736,569,186,1
1764424229736,572,183,1
1764424229754,576,181,1
1764424229758,579,179,1
1764424229762,582,177,1
1764424229768,585,176,1
1764424229783,589,174,1
1764424229783,592,173,1
1764424229799,597,171,1
1764424229799,602,169,1
1764424229815,606,167,1
1764424229815,610,165,1
1764424229831,616,163,1
1764424229831,620,162,1
1764424229847,626,159,1
1764424229847,632,156,1
1764424229862,638,154,1
1764424229862,644,152,1
1764424229878,650,150,1
1764424229878,657,148,1
1764424229894,664,146,1
1764424229894,671,144,1
1764424229910,676,142,1
1764424229910,682,140,1
1764424229926,688,139,1
1764424229926,693,138,1
1764424229942,699,137,1
1764424229942,706,136,1
1764424229958,711,135,1
1764424229958,717,134,1
1764424229974,723,133,1
1764424229974,728,133,1
1764424229989,734,132,1
1764424229989,738,132,1
1764424230006,743,132,1
1764424230006,748,131,1
1764424230021,752,131,1
1764424230021,756,131,1
1764424230037,760,131,1
1764424230037,764,131,1
1764424230054,770,131,1
1764424230054,775,131,1
1764424230070,781,131,1
1764424230070,786,131,1
1764424230086,791,131,1
1764424230086,795,131,1
1764424230101,800,132,1
1764424230101,804,132,1
1764424230117,808,132,1
1764424230117,813,133,1
1764424230133,816,134,1
1764424230133,819,135,1
1764424230149,822,137,1
1764424230149,825,138,1
1764424230165,829,140,1
1764424230165,832,141,1
1764424230181,835,143,1
1764424230181,839,145,1
1764424230197,842,146,1
1764424230197,845,148,1
1764424230213,848,150,1
1764424230213,851,153,1
1764424230229,853,155,1
1764424230229,857,159,1
1764424230245,862,163,1
1764424230245,865,166,1
1764424230260,869,171,1
1764424230260,873,175,1
1764424230276,877,180,1
1764424230276,882,185,1
1764424230292,885,188,1
1764424230292,889,192,1
1764424230308,891,195,1
1764424230308,894,200,1
1764424230324,898,204,1
1764424230324,900,207,1
1764424230339,903,212,1
1764424230339,906,218,1
1764424230355,909,223,1
1764424230355,912,229,1
1764424230371,915,235,1
1764424230371,918,241,1
1764424230387,921,247,1
1764424230387,924,253,1
1764424230403,927,258,1
1764424230403,929,262,1
1764424230419,930,267,1
1764424230419,932,271,1
1764424230434,933,274,1
1764424230434,934,279,1
1764424230450,935,282,1
1764424230450,935,285,1
1764424230466,935,288,1
1764424230466,935,290,1
1764424230482,935,293,1
1764424230482,935,296,0
1764424230497,935,299,0
1764424230497,935,302,0
1764424230513,935,304,0
1764424230513,935,306,0
1764424230529,935,309,0
1764424230529,935,311,0
1764424230545,935,314,0
1764424230545,935,316,0
1764424230561,935,319,0
1764424230577,935,322,0
1764424230579,935,325,0
1764424230592,935,329,0
1764424230592,935,333,0
1764424230592,935,338,0
1764424230608,935,341,0
1764424230608,935,345,0
1764424230624,936,349,0
1764424230639,936,353,0
1764424230639,936,358,0
1764424230655,936,363,0
1764424230655,936,367,0
1764424230671,936,371,0
1764424230671,936,375,0
1764424230687,937,379,0
1764424230687,937,383,0
1764424230703,937,388,0
1764424230703,938,391,0
1764424230718,938,394,0
1764424230718,938,397,0
1764424230734,939,400,0
1764424230734,939,402,0
1764424230750,939,404,0
1764424230750,939,407,0
1764424230766,939,410,0
1764424230766,939,413,0
1764424230782,939,417,0
1764424230782,939,421,0
1764424230798,939,427,0
1764424230798,940,432,1
1764424230815,940,436,1
1764424230815,940,440,1
1764424230830,940,445,1
1764424230830,940,449,1
1764424230848,940,453,1
1764424230848,940,458,1
1764424230862,940,464,1
1764424230862,940,468,1
1764424230878,940,473,1
1764424230878,939,479,1
1764424230894,938,483,1
1764424230894,936,488,1
1764424230912,934,494,1
1764424230912,932,498,1
1764424230926,930,503,1
1764424230926,927,507,1
1764424230941,925,512,1
1764424230941,921,517,1
1764424230957,917,522,1
1764424230957,913,526,1
1764424230973,908,531,1
1764424230973,903,535,1
1764424230989,899,539,1
1764424230989,894,543,1
1764424231004,889,547,1
1764424231004,884,551,1
1764424231020,879,553,1
1764424231020,875,556,1
1764424231036,870,560,1
1764424231036,865,563,1
1764424231052,861,566,1
1764424231052,856,568,1
1764424231068,851,570,1
1764424231068,847,572,1
1764424231084,842,574,1
1764424231084,838,575,1
1764424231100,832,577,1
1764424231100,827,579,1
1764424231119,821,580,1
1764424231121,815,580,1
1764424231132,810,581,1
1764424231132,804,581,1
1764424231148,796,582,1
1764424231148,789,583,1
1764424231164,782,584,0
1764424231164,776,584,0
1764424231179,769,584,0
1764424231179,762,584,0
1764424231195,755,584,0
1764424231195,749,584,0
1764424231211,743,584,0
1764424231211,739,584,0
1764424231227,735,584,0
1764424231227,731,584,0
1764424231243,726,583,0
1764424231243,722,581,0
1764424231259,717,579,0
1764424231259,711,576,0
1764424231274,706,574,0
1764424231274,700,572,0
1764424231290,693,569,0
1764424231290,686,567,0
1764424231306,677,565,0
1764424231306,668,562,0
1764424231321,659,559,0
1764424231337,649,556,0
1764424231339,638,554,0
1764424231353,627,552,0
1764424231353,616,550,0
1764424231368,605,548,0
1764424231368,596,547,0
1764424231368,588,546,0
1764424231384,578,545,1
1764424231384,570,544,1
1764424231400,562,542,1
1764424231416,553,540,1
1764424231416,545,537,1
1764424231416,538,535,1
1764424231432,531,533,1
1764424231448,525,532,1
1764424231455,520,530,1
1764424231464,514,528,1
1764424231464,508,526,1
1764424231480,502,523,1
1764424231480,495,520,0
1764424231495,488,517,0
1764424231495,482,514,0
1764424231511,477,511,0
1764424231511,474,509,0
1764424231527,470,507,0
1764424231527,468,505,0
1764424231527,467,504,0
1764424231543,465,502,0
1764424231559,464,500,0
1764424231559,462,498,0
1764424231575,461,495,0
1764424231575,460,492,0
1764424231591,459,488,0
1764424231591,459,485,0
1764424231606,458,481,0
1764424231606,458,477,0
1764424231623,458,473,0
1764424231623,457,468,0
1764424231638,457,462,0
1764424231638,457,456,0
1764424231654,458,449,0
1764424231654,459,443,0
1764424231670,461,434,1
1764424231670,463,426,1
1764424231686,464,419,1
1764424231686,466,411,1
1764424231702,469,402,1
1764424231702,471,394,1
1764424231718,473,385,1
1764424231718,477,375,1
1764424231734,480,368,1
1764424231734,483,361,1
1764424231750,487,352,1
1764424231750,491,344,1
1764424231765,495,336,1
1764424231765,499,329,1
1764424231781,504,321,0
1764424231781,508,313,0
1764424231797,511,306,0
1764424231797,515,299,0
1764424231813,518,292,0
1764424231813,522,285,0
1764424231830,525,277,0
1764424231830,528,270,0
1764424231845,532,263,0
1764424231845,537,256,0
1764424231861,541,249,0
1764424231861,545,241,0
1764424231877,548,234,0
1764424231877,551,228,0
1764424231893,554,224,0
1764424231893,557,219,0
1764424231909,559,214,1
1764424231909,562,211,1
1764424231925,565,207,1
1764424231925,567,204,1
1764424231941,570,199,1
1764424231941,574,194,1
1764424231957,578,189,1
1764424231957,581,185,1
1764424231972,585,180,1
1764424231972,589,175,1
1764424231988,593,171,1
1764424231988,596,168,1
1764424232004,600,164,1
1764424232004,604,161,1
1764424232020,607,157,1
1764424232020,611,154,1
1764424232036,613,152,1
1764424232036,615,150,1
1764424232052,619,147,1
1764424232052,622,145,1
1764424232067,626,142,1
1764424232067,629,139,1
1764424232083,633,138,1
1764424232083,636,136,1
1764424232099,639,134,1
1764424232099,642,133,1
1764424232115,646,131,1
1764424232115,649,129,1
1764424232131,652,129,1
1764424232131,655,128,1
1764424232147,658,127,1
1764424232147,661,126,1
1764424232163,666,125,1
1764424232163,670,125,1
1764424232179,673,125,1
1764424232179,677,125,1
1764424232195,681,125,1
1764424232195,685,125,1
1764424232211,689,125,1
1764424232211,693,125,1
1764424232227,698,125,1
1764424232227,703,125,1
1764424232243,708,125,1
1764424232243,714,125,1
1764424232259,718,125,1
1764424232259,722,125,1
1764424232276,726,125,1
1764424232276,730,125,1
1764424232291,735,126,1
1764424232291,740,126,1
1764424232306,745,128,1
1764424232306,749,130,1
1764424232322,754,132,1
1764424232322,758,134,1
1764424232338,763,135,1
1764424232338,767,136,1
1764424232356,770,137,1
1764424232356,775,139,1
1764424232370,778,140,1
1764424232370,781,141,1
1764424232385,786,143,1
1764424232385,790,145,1
1764424232401,795,147,1
1764424232401,799,149,1
1764424232417,804,150,1
1764424232433,807,152,1
1764424232433,812,155,1
1764424232433,817,158,1
1764424232449,821,160,1
1764424232464,826,163,1
1764424232464,831,167,1
1764424232464,835,170,1
1764424232481,839,173,1
1764424232481,842,175,1
1764424232496,846,178,1
1764424232496,849,180,1
1764424232511,852,183,1
1764424232527,854,185,1
1764424232527,857,188,1
1764424232543,860,190,1
1764424232543,862,192,1
1764424232559,864,195,0
1764424232559,866,197,0
1764424232574,867,198,0
1764424232574,869,200,0
1764424232590,869,201,0
1764424232590,870,202,0
1764424232606,871,204,0
1764424232606,872,206,0
1764424232622,873,208,0
1764424232622,874,211,0
1764424232638,876,214,0
1764424232638,877,216,0
1764424232654,878,218,0
1764424232654,879,220,0
1764424232670,880,223,0
1764424232670,881,227,0
1764424232686,883,229,0
1764424232686,884,232,0
1764424232702,885,235,0
1764424232702,887,237,0
1764424232718,887,240,0
1764424232718,888,244,0
1764424232733,890,247,0
1764424232733,891,249,0
1764424232749,891,251,0
1764424232749,892,253,0
1764424232765,893,256,0
1764424232765,894,258,0
1764424232781,894,260,0
1764424232781,895,262,0
1764424232797,896,264,0
1764424232797,897,268,0
1764424232813,898,270,0
1764424232813,899,272,0
1764424232829,900,274,0
1764424232829,900,276,0
1764424232845,901,279,0
1764424232845,902,282,0
1764424232861,903,284,0
1764424232861,903,286,0
1764424232877,905,288,0
1764424232877,905,290,0
1764424232893,906,293,0
1764424232893,907,295,0
1764424232909,908,298,0
1764424232909,908,300,0
1764424232925,909,303,0
1764424232925,910,305,0
1764424232941,911,308,0
1764424232941,911,311,0
1764424232956,911,314,0
1764424232956,911,317,0
1764424232972,911,321,0
1764424232972,911,325,0
1764424232988,911,329,0
1764424232988,911,333,0
1764424233004,911,338,0
1764424233004,911,344,0
1764424233020,911,349,0
1764424233020,911,355,0
1764424233036,911,360,0
1764424233036,909,366,0
1764424233052,907,372,0
1764424233052,905,379,0
1764424233067,903,385,0
1764424233067,900,391,0
1764424233083,897,396,0
1764424233083,894,405,0
1764424233099,891,412,0
1764424233099,886,419,0
1764424233115,882,426,0
1764424233115,878,434,0
1764424233131,874,441,0
1764424233131,869,448,0
1764424233146,864,456,0
1764424233146,858,463,0
1764424233162,852,470,0
1764424233162,846,478,0
1764424233178,839,484,0
1764424233178,834,489,0
1764424233193,829,494,0
1764424233193,823,498,0
1764424233209,819,502,0
1764424233209,813,506,0
1764424233225,807,509,0
1764424233225,801,513,0
1764424233241,795,516,0
1764424233241,789,519,0
1764424233257,782,522,0
1764424233257,775,525,0
1764424233273,768,528,0
1764424233289,760,531,0
1764424233289,753,534,0
1764424233289,746,537,0
1764424233305,738,539,0
1764424233305,731,542,0
1764424233321,722,544,0
1764424233321,714,546,0
1764424233336,707,548,0
1764424233336,700,550,0
1764424233352,693,552,0
1764424233352,686,553,0
1764424233368,679,554,0
1764424233384,672,555,0
1764424233384,665,556,0
1764424233400,659,556,0
1764424233400,652,556,0
1764424233400,647,556,0
1764424233416,641,557,0
1764424233416,634,557,0
1764424233432,629,557,0
1764424233432,623,557,0
1764424233448,618,557,0
1764424233463,613,557,0
1764424233463,608,557,0
1764424233479,603,555,0
1764424233479,596,554,1
1764424233479,591,553,1
1764424233495,587,551,1
1764424233511,581,549,1
1764424233511,576,547,1
1764424233527,572,544,1
1764424233527,567,542,1
1764424233527,564,540,1
1764424233543,560,536,1
1764424233559,555,532,1
1764424233559,550,527,1
1764424233575,547,523,1
1764424233575,543,518,1
1764424233591,539,513,1
1764424233591,535,508,1
1764424233607,531,503,1
1764424233607,527,499,1
1764424233623,524,494,1
1764424233623,521,489,1
1764424233641,519,485,1
1764424233641,517,480,1
1764424233655,516,476,1
1764424233655,516,472,1
1764424233671,515,467,1
1764424233671,515,462,1
1764424233687,515,456,1
1764424233687,515,451,0
1764424233702,515,444,0
1764424233702,515,438,0
1764424233718,515,431,0
1764424233718,515,423,0
1764424233734,515,416,0
1764424233734,515,409,0
1764424233750,515,403,0
1764424233750,515,396,0
1764424233765,515,389,0
1764424233765,515,382,0
1764424233781,515,377,0
1764424233781,515,372,0
1764424233797,516,366,0
1764424233797,516,361,0
1764424233813,516,355,0
1764424233813,516,350,0
1764424233829,516,343,0
1764424233829,517,337,0
1764424233848,518,332,0
1764424233851,519,325,0
1764424233861,520,318,0
1764424233861,521,311,0
1764424233876,523,304,0
1764424233876,524,297,0
1764424233892,526,290,0
1764424233892,528,283,0
1764424233908,531,276,0
1764424233908,533,269,0
1764424233924,535,262,0
1764424233924,537,254,0
1764424233940,540,247,0
1764424233940,544,238,0
1764424233956,547,230,0
1764424233956,550,221,1
1764424233971,553,213,1
1764424233971,557,206,1
1764424233987,560,199,1
1764424233987,563,193,1
1764424234003,565,187,1
1764424234003,568,181,1
1764424234019,570,176,1
1764424234019,573,172,1
1764424234035,575,168,1
1764424234035,578,165,1
1764424234051,580,163,1
1764424234051,583,159,1
1764424234068,584,157,1
1764424234068,587,153,1
1764424234083,588,151,1
1764424234083,591,148,1
1764424234099,592,146,1
1764424234099,594,144,1
1764424234115,596,142,1
1764424234115,598,141,1
1764424234131,600,139,1
1764424234131,602,138,1
1764424234147,603,136,1
1764424234147,605,135,1
1764424234163,607,134,1
1764424234163,609,132,1
1764424234179,610,132,1
1764424234179,612,131,1
1764424234195,614,130,1
1764424234195,617,130,1
1764424234211,619,129,1
1764424234211,621,128,1
1764424234227,625,127,1
1764424234227,627,127,1
1764424234243,630,127,1
1764424234243,633,126,1
1764424234258,636,126,1
1764424234258,640,125,1
1764424234274,644,125,1
1764424234274,648,124,1
1764424234290,652,124,1
1764424234290,657,124,1
1764424234306,660,124,1
1764424234306,664,124,1
1764424234322,668,123,1
1764424234322,672,123,1
1764424234337,676,123,1
1764424234337,682,123,1
1764424234353,687,123,1
1764424234369,692,123,1
1764424234369,699,123,1
1764424234369,705,123,1
1764424234385,710,123,1
1764424234401,714,123,1
1764424234401,718,123,1
1764424234401,723,122,1
1764424234417,726,122,1
1764424234417,729,122,1
1764424234433,732,122,1
1764424234448,735,122,1
1764424234448,738,122,1
1764424234464,742,122,1
1764424234464,746,122,1
1764424234464,750,122,1
1764424234480,754,122,1
1764424234480,758,123,1
1764424234496,763,124,1
1764424234496,767,125,1
1764424234512,771,126,1
1764424234512,776,127,1
1764424234528,780,129,1
1764424234544,784,129,1
1764424234544,788,131,1
1764424234544,792,133,1
1764424234560,797,135,1
1764424234575,803,137,1
1764424234575,808,140,1
1764424234591,814,143,1
1764424234591,820,147,1
1764424234607,826,151,1
1764424234607,832,155,1
1764424234623,838,159,1
1764424234623,844,162,1
1764424234639,850,166,1
1764424234639,855,169,1
1764424234655,859,172,1
1764424234655,862,175,1
1764424234671,867,178,1
1764424234671,870,181,1
1764424234687,874,185,1
1764424234687,877,188,1
1764424234703,880,192,1
1764424234703,884,197,1
1764424234718,888,201,1
1764424234718,892,207,1
1764424234734,895,212,1
1764424234734,898,217,1
1764424234750,899,220,1
1764424234750,901,225,1
1764424234766,903,228,1
1764424234766,904,232,1
1764424234782,905,237,1
1764424234782,906,241,0
1764424234798,908,246,0
1764424234798,909,250,0
1764424234814,911,254,0
1764424234814,913,259,0
1764424234830,913,262,0
1764424234830,914,265,0
1764424234845,916,268,0
1764424234845,916,272,0
1764424234861,917,274,0
1764424234861,918,276,0
1764424234877,919,279,0
1764424234877,919,281,0
1764424234893,920,283,0
1764424234893,921,286,0
1764424234909,922,290,0
1764424234909,922,293,0
1764424234924,923,296,0
1764424234924,924,299,0
1764424234940,925,301,0
1764424234940,925,303,0
1764424234956,926,305,0
1764424234956,927,308,0
1764424234972,928,310,0
1764424234972,928,312,0
1764424234988,928,314,0
1764424234988,929,316,0
1764424235005,929,318,0
1764424235005,929,321,0
1764424235019,929,323,0
1764424235019,930,325,0
1764424235035,930,327,0
1764424235035,930,329,0
1764424235051,930,331,0
1764424235051,930,333,0
1764424235067,931,336,0
1764424235067,931,338,0
1764424235083,931,340,0
1764424235083,931,342,0
1764424235099,931,344,0
1764424235099,931,347,0
1764424235115,932,350,0
1764424235115,932,353,0
1764424235130,932,355,0
1764424235130,932,358,0
1764424235146,932,361,0
1764424235146,932,364,0
1764424235164,932,367,0
1764424235164,932,370,0
1764424235178,932,373,0
1764424235178,932,378,0
1764424235194,932,382,0
1764424235194,932,386,0
1764424235211,932,390,0
1764424235211,932,394,0
0,0,0,0
1764424235226,932,398,0
1764424235226,930,403,0
1764424235242,930,407,0
1764424235242,929,410,0
1764424235257,928,415,0
1764424235257,926,418,0
1764424235273,924,421,0
1764424235273,923,426,0
1764424235289,921,430,0
1764424235289,919,433,0
1764424235305,917,437,0
1764424235321,914,442,0
1764424235321,911,446,0
1764424235321,908,451,0
1764424235337,904,456,0
1764424235353,902,460,0
1764424235353,898,465,0
1764424235369,894,470,0
1764424235369,891,474,0
1764424235385,887,478,0
1764424235385,885,482,0
1764424235401,882,485,0
1764424235401,879,489,0
1764424235417,875,493,0
1764424235417,872,495,0
1764424235417,868,499,0
1764424235433,863,502,0
1764424235433,858,505,0
1764424235449,854,509,0
1764424235449,849,513,0
1764424235464,844,516,0
1764424235481,839,520,0
1764424235496,828,526,0
1764424235496,820,530,0
1764424235512,813,533,0
1764424235512,806,536,0
1764424235512,798,539,0
1764424235528,789,543,0
1764424235544,781,546,0
1764424235544,772,550,0
1764424235544,764,553,0
1764424235559,755,556,0
1764424235575,747,559,0
1764424235575,740,562,0
1764424235591,732,564,0
1764424235591,723,566,0
1764424235607,715,568,0
1764424235607,707,569,0
1764424235623,699,570,0
1764424235623,691,571,0
1764424235638,683,571,0
1764424235638,673,571,0
1764424235656,667,571,0
1764424235656,658,571,0
1764424235670,650,570,0
1764424235670,642,568,0
1764424235686,635,566,0
1764424235686,628,564,0
1764424235702,621,561,0
1764424235702,615,558,0
1764424235718,609,555,0
1764424235718,602,552,0
1764424235734,596,549,0
1764424235734,589,545,0
1764424235750,583,542,0
1764424235750,577,538,1
1764424235766,572,535,1
1764424235766,567,533,1
1764424235782,564,530,1
1764424235782,561,527,1
1764424235798,557,525,1
1764424235798,555,523,1
1764424235814,553,521,1
1764424235814,550,519,1
1764424235829,548,516,1
1764424235829,546,513,1
1764424235845,545,507,1
1764424235845,545,502,0
1764424235863,545,497,0
1764424235870,545,490,0
1764424235877,546,484,0
1764424235877,548,478,0
1764424235893,552,472,0
1764424235893,557,468,0
1764424235908,563,461,0
1764424235908,569,454,0
1764424235927,575,447,0
1764424235927,579,438,0
1764424235941,583,430,0
1764424235941,587,420,0
1764424235957,589,409,0
1764424235957,590,397,0
1764424235973,591,384,0
1764424235973,591,370,0
1764424235989,592,362,0
1764424236166,592,360,0
1764424236182,589,369,0
1764424236182,579,395,0
1764424236198,561,449,0
1764424236198,546,519,1
1764424236214,550,603,0
1764424236214,584,690,0
1764424236777,1015,741,0
1764424236777,1032,712,0
1764424236792,1039,692,0
1764424236809,1041,683,0
1764424236809,1041,675,0
1764424236809,1040,668,0
1764424236825,1040,662,0
1764424236825,1040,658,0
1764424236841,1039,654,0
1764424236856,1039,651,0
1764424236856,1040,648,0
1764424236872,1041,645,0
1764424236872,1042,640,0
1764424236888,1043,636,0
1764424236888,1045,630,0
1764424236888,1047,623,0
1764424236904,1049,615,0
1764424236904,1053,602,0
1764424236920,1056,587,0
1764424236936,1061,563,0
1764424236938,1066,535,0
1764424236952,1067,504,0
1764424236952,1067,469,0
1764424236968,1064,432,0
1764424236968,1057,395,0
1764424236968,1048,358,0
1764424236983,1033,319,0
1764424236999,1017,283,0
1764424236999,996,245,0
1764424237015,976,208,0
1764424237015,953,168,0
1764424237031,928,128,0
1764424237031,902,92,0
1764424237047,878,59,0
1764424237047,858,34,0
1764424237063,843,15,0
1764424237063,833,3,0
1764424237177,813,0,0
1764424237191,803,9,0
1764424237191,796,14,0
1764424237529,793,17,0
1764424237529,790,17,0
1764424237544,788,17,0
1764424237544,789,17,0
1764424237544,790,17,0
1764424237561,791,16,0
1764424237689,791,17,0
1764424237705,790,19,0
1764424237707,788,21,0
1764424237721,787,24,0
1764424237723,785,28,0
1764424237737,782,32,0
1764424237737,779,38,0
1764424237737,775,45,0
1764424237753,771,53,0
1764424237753,767,60,0
1764424237769,763,67,0
1764424237769,756,76,0
1764424237785,750,86,0
1764424237801,741,96,0
1764424237801,732,106,1
1764424237801,724,116,1
1764424237816,718,123,1
1764424237816,714,129,1
1764424237832,711,133,1
1764424237832,710,135,1
1764424237978,709,136,1
1764424237994,709,135,1
1764424238026,709,134,1
1764424238655,708,134,1
1764424238670,707,134,1
1764424238687,706,134,1
1764424238703,705,134,1
1764424238703,704,134,1
1764424238720,703,134,1
1764424238720,701,134,1
1764424238750,700,134,1
1764424239331,700,133,1
1764424239331,701,133,1
1764424239346,701,132,1
1764424239362,702,132,1
1764424239362,703,131,1
1764424239378,704,130,1
1764424239378,705,130,1
1764424239394,706,129,1
1764424239394,708,128,1
1764424239410,709,128,1
1764424239425,710,128,1
1764424239425,711,128,1
1764424239441,712,128,1
1764424239441,713,127,1
1764424239457,714,127,1
1764424239457,716,127,1
1764424239473,717,127,1
1764424239473,719,127,1
1764424239489,721,127,1
1764424239489,724,127,1
1764424239505,726,127,1
1764424239505,728,127,1
1764424239520,731,127,1
1764424239520,733,127,1
1764424239537,735,127,1
1764424239537,737,127,1
1764424239552,739,128,1
1764424239552,742,129,1
1764424239568,745,130,1
1764424239568,750,130,1
1764424239584,754,132,1
1764424239584,760,134,1
1764424239600,766,136,1
1764424239600,770,138,1
1764424239616,775,141,1
1764424239616,779,142,1
1764424239632,784,144,1
1764424239632,788,146,1
1764424239648,792,148,1
1764424239648,795,149,1
1764424239664,800,151,1
1764424239664,803,153,1
1764424239679,807,155,1
1764424239695,812,156,1
1764424239695,815,158,1
1764424239695,820,160,1
1764424239711,823,162,1
1764424239727,828,163,1
1764424239727,832,165,1
1764424239743,837,167,1
1764424239743,841,169,1
1764424239758,846,172,1
1764424239758,850,173,1
1764424239774,855,175,1
1764424239774,858,177,1
1764424239790,861,179,1
1764424239790,866,181,1
1764424239807,871,184,1
1764424239807,875,187,1
1764424239823,879,190,1
1764424239823,882,192,1
1764424239838,886,195,1
1764424239838,889,197,1
1764424239854,893,199,1
1764424239854,895,201,1
1764424239870,897,203,1
1764424239870,901,205,1
1764424239886,904,208,1
1764424239886,908,211,1
1764424239901,910,213,1
1764424239901,913,215,1
1764424239917,916,217,1
1764424239917,918,219,1
1764424239933,920,223,1
1764424239933,923,226,1
1764424239949,926,231,1
1764424239949,930,234,1
1764424239965,934,240,1
1764424239965,937,245,1
1764424239981,941,251,1
1764424239981,945,257,1
1764424239997,950,265,1
1764424239997,954,272,1
1764424240013,957,278,1
1764424240013,960,285,1
1764424240028,962,292,1
1764424240028,964,300,1
1764424240044,967,307,1
1764424240044,970,316,1
1764424240061,973,324,1
1764424240061,976,334,1
1764424240077,980,342,1
1764424240077,983,351,1
1764424240092,985,358,1
1764424240092,987,365,1
1764424240111,988,373,1
1764424240112,989,380,1
1764424240124,989,386,1
1764424240124,990,396,1
1764424240140,990,404,1
1764424240140,990,412,1
1764424240156,990,420,0
1764424240156,990,427,0
1764424240172,990,433,0
1764424240172,990,440,0
1764424240188,990,446,0
1764424240188,990,451,0
1764424240203,988,457,0
1764424240203,986,462,0
1764424240219,985,467,0
1764424240219,983,471,0
1764424240236,981,476,0
1764424240236,980,480,0
1764424240252,978,485,0
1764424240252,976,491,0
1764424240268,974,495,0
1764424240268,972,501,0
1764424240283,970,505,0
1764424240283,968,510,0
1764424240299,965,515,0
1764424240299,962,519,0
1764424240315,959,523,0
1764424240315,957,526,0
1764424240331,954,529,0
1764424240331,952,531,0
1764424240347,950,533,0
1764424240347,947,535,0
1764424240363,944,537,0
1764424240363,941,540,0
1764424240379,937,544,0
1764424240379,934,546,0
1764424240394,929,550,0
1764424240394,924,554,0
1764424240410,918,559,0
1764424240410,912,564,0
1764424240426,906,568,0
1764424240426,900,573,1
1764424240442,892,578,1
1764424240442,886,582,1
1764424240460,879,587,1
1764424240460,872,591,1
1764424240474,866,595,1
1764424240474,859,598,1
1764424240489,853,601,1
1764424240489,847,604,1
1764424240505,841,606,1
1764424240505,835,608,1
1764424240521,828,611,1
1764424240521,821,613,1
1764424240537,813,615,1
1764424240537,804,618,1
1764424240552,796,620,1
1764424240552,787,621,1
1764424240568,777,623,1
1764424240568,768,625,1
1764424240584,758,626,1
1764424240600,750,627,1
1764424240600,741,628,1
1764424240600,731,628,1
1764424240616,722,628,1
1764424240616,714,628,1
1764424240632,705,628,1
1764424240632,696,628,1
1764424240648,688,628,1
1764424240665,680,628,1
1764424240671,672,628,1
1764424240671,664,628,1
1764424240679,658,628,1
1764424240695,651,627,1
1764424240695,644,626,1
1764424240711,638,625,1
1764424240711,634,625,0
1764424240727,630,624,0
1764424240727,627,624,0
1764424240743,624,623,0
1764424240743,620,621,0
1764424240759,619,621,0
1764424240759,617,620,0
1764424240775,615,620,0
1764424240775,614,619,0
1764424240791,613,618,0
1764424240791,611,616,0
1764424240807,609,614,0
1764424240807,605,610,1
1764424240822,601,606,1
1764424240822,597,601,1
1764424240838,591,594,1
1764424240838,585,588,1
1764424240854,580,581,1
1764424240854,575,575,1
1764424240870,570,569,1
1764424240870,566,561,1
1764424240887,562,555,1
1764424240893,559,549,1
1764424240902,556,544,1
1764424240902,552,538,1
1764424240917,549,532,1
1764424240917,546,527,1
1764424240933,543,522,1
1764424240933,541,518,1
1764424240949,539,513,1
1764424240949,536,508,1
1764424240965,534,504,1
1764424240965,531,499,1
1764424240981,528,495,1
1764424240981,527,490,1
1764424240997,525,486,1
1764424240997,522,481,1
1764424241013,519,476,1
1764424241013,517,472,1
1764424241029,515,466,1
1764424241029,512,460,1
1764424241044,511,454,1
1764424241044,509,449,1
1764424241060,507,443,1
1764424241060,505,437,1
1764424241076,503,431,1
1764424241076,501,425,1
1764424241092,499,420,1
1764424241092,498,414,1
1764424241108,496,408,1
1764424241108,495,403,1
1764424241124,494,397,1
1764424241124,493,391,1
1764424241140,493,386,1
1764424241140,493,381,1
1764424241156,493,375,1
1764424241156,493,370,1
1764424241171,493,363,1
1764424241171,493,356,1
1764424241187,493,350,1
1764424241187,493,343,1
1764424241203,493,335,1
1764424241203,494,328,1
1764424241219,495,321,1
1764424241219,496,313,1
1764424241235,497,306,1
1764424241235,499,300,1
1764424241251,501,295,1
1764424241251,503,289,1
1764424241267,505,284,1
1764424241267,508,280,1
1764424241283,509,275,1
1764424241283,512,269,1
1764424241298,515,264,1
1764424241298,518,259,1
1764424241314,521,254,1
1764424241314,525,249,1
1764424241330,528,244,1
1764424241330,531,240,1
1764424241346,535,234,1
1764424241346,539,229,1
1764424241364,542,224,1
1764424241364,546,219,1
1764424241377,550,215,1
1764424241377,553,211,1
1764424241393,557,206,1
1764424241393,561,202,1
1764424241409,566,198,1
1764424241409,569,194,1
1764424241425,573,190,1
1764424241425,577,187,1
1764424241440,580,183,1
1764424241456,585,178,1
1764424241456,589,175,1
1764424241456,594,171,1
1764424241472,598,168,1
1764424241472,602,165,1
1764424241488,607,161,1
1764424241488,610,159,1
1764424241504,615,156,1
1764424241504,619,154,1
1764424241520,624,151,1
1764424241520,628,150,1
1764424241536,633,147,1
1764424241536,638,145,1
1764424241552,642,143,1
1764424241552,647,140,1
1764424241568,651,139,1
1764424241584,656,137,1
1764424241584,660,135,1
1764424241584,666,133,1
1764424241600,669,131,1
1764424241600,674,131,1
1764424241616,678,130,1
1764424241631,682,129,1
1764424241631,687,129,1
1764424241631,691,128,1
1764424241648,695,128,1
1764424241663,698,128,1
1764424241663,702,128,1
1764424241679,706,128,1
1764424241679,709,128,1
1764424241695,712,128,1
1764424241695,716,128,1
1764424241695,720,128,1
1764424241711,724,128,1
1764424241727,728,128,1
1764424241727,734,129,1
1764424241743,739,131,1
1764424241743,744,133,1
1764424241758,750,135,1
1764424241758,756,136,1
1764424241774,762,138,1
1764424241774,769,141,1
1764424241790,776,144,1
1764424241790,782,146,1
1764424241806,787,148,1
1764424241806,793,151,1
1764424241822,798,154,1
1764424241823,804,157,1
1764424241838,810,160,1
1764424241838,816,163,1
1764424241854,822,166,1
1764424241854,829,169,1
1764424241869,836,172,1
1764424241869,843,175,1
1764424241885,849,178,1
1764424241885,855,181,1
1764424241901,859,183,1
1764424241901,863,184,1
1764424241917,866,187,1
1764424241917,870,190,1
1764424241933,873,192,1
1764424241933,877,195,1
1764424241949,880,197,1
1764424241949,883,199,1
1764424241964,888,202,1
1764424241964,892,206,1
1764424241980,896,208,1
1764424241980,900,212,1
1764424241996,903,215,1
1764424241996,906,217,1
1764424242012,908,218,1
1764424242012,910,221,1
1764424242030,913,223,1
1764424242030,915,226,1
1764424242043,918,230,1
1764424242043,922,235,1
1764424242059,926,240,1
1764424242059,929,243,1
1764424242075,933,248,1
1764424242075,936,253,1
1764424242091,939,257,1
1764424242091,941,262,1
1764424242107,944,268,1
1764424242107,946,275,1
1764424242123,949,281,1
1764424242123,951,288,1
1764424242138,953,295,1
1764424242138,955,303,1
1764424242154,959,312,1
1764424242154,961,319,1
1764424242170,964,326,1
1764424242170,967,334,1
1764424242186,970,341,1
1764424242186,972,350,1
1764424242201,974,358,1
1764424242201,976,365,1
1764424242217,979,372,1
1764424242217,981,379,1
1764424242233,983,386,1
1764424242233,986,393,1
1764424242249,988,399,1
1764424242249,989,403,1
1764424242265,990,408,1
1764424242265,991,412,0
1764424242280,991,416,0
1764424242280,992,422,0
1764424242296,992,427,0
1764424242312,993,432,0
1764424242312,993,436,0
1764424242312,993,440,0
1764424242328,993,443,0
1764424242344,993,446,0
1764424242344,993,449,0
1764424242360,993,452,0
1764424242360,993,456,0
1764424242376,993,459,0
1764424242378,992,463,0
1764424242378,990,468,0
1764424242392,989,471,0
1764424242392,987,475,0
1764424242408,985,480,0
1764424242408,984,484,0
1764424242424,982,489,0
1764424242440,979,492,0
1764424242440,978,496,0
1764424242456,975,499,0
1764424242456,972,502,0
1764424242471,970,506,0
1764424242471,967,509,0
1764424242471,964,513,0
1764424242487,962,515,0
1764424242487,960,519,0
1764424242503,957,521,0
1764424242503,955,523,0
1764424242519,951,526,0
1764424242535,949,528,0
1764424242535,947,530,0
1764424242551,944,532,0
1764424242551,940,535,0
1764424242567,937,537,0
1764424242567,933,540,0
1764424242582,931,542,0
1764424242582,928,543,1
1764424242598,923,546,1
1764424242598,920,548,1
1764424242614,915,549,1
1764424242614,911,552,1
1764424242630,906,554,1
1764424242630,901,557,1
1764424242646,897,559,1
1764424242646,892,560,1
1764424242662,888,562,1
1764424242662,882,565,1
1764424242678,876,567,1
1764424242678,870,569,1
1764424242694,866,571,1
1764424242694,860,573,1
1764424242710,856,575,1
1764424242710,850,576,1
1764424242726,846,577,1
1764424242726,841,579,1
1764424242742,835,580,1
1764424242742,830,582,1
1764424242758,824,584,1
1764424242758,818,585,1
1764424242773,813,586,1
1764424242773,806,588,1
1764424242789,799,589,1
1764424242789,792,590,1
1764424242806,785,591,1
1764424242806,778,592,1
1764424242821,771,593,1
1764424242821,766,594,1
1764424242837,760,595,1
1764424242837,756,595,1
1764424242853,751,596,1
1764424242853,746,597,1
1764424242869,741,598,1
1764424242869,737,599,1
1764424242885,733,599,1
1764424242885,727,599,1
1764424242901,722,599,1
1764424242901,717,599,1
1764424242916,712,599,1
1764424242916,707,599,1
1764424242932,703,599,1
1764424242932,698,599,1
1764424242948,693,599,1
1764424242948,689,599,1
1764424242964,684,599,1
1764424242964,678,598,1
1764424242980,673,597,1
1764424242980,666,595,1
1764424242996,660,593,1
1764424242996,654,591,1
1764424243012,648,589,1
1764424243012,642,586,1
1764424243028,635,583,1
1764424243028,628,579,1
1764424243044,621,576,1
1764424243044,614,572,1
1764424243060,606,568,1
1764424243060,599,565,1
1764424243076,592,562,1
1764424243076,585,558,1
1764424243092,579,555,1
1764424243092,572,550,1
1764424243108,566,545,1
1764424243108,561,542,1
1764424243123,556,538,1
1764424243123,551,534,1
1764424243139,546,530,1
1764424243139,542,526,1
1764424243155,538,523,1
1764424243155,534,520,1
1764424243173,531,515,1
1764424243173,528,512,1
1764424243187,524,508,1
1764424243187,522,505,1
1764424243203,519,501,1
1764424243203,516,496,1
1764424243219,514,492,1
1764424243219,512,486,1
1764424243235,510,480,1
1764424243235,507,473,1
1764424243250,504,466,1
1764424243250,500,458,1
1764424243266,497,449,1
1764424243266,495,441,1
1764424243282,493,433,1
1764424243282,492,424,1
1764424243298,491,416,1
1764424243314,491,408,1
1764424243314,491,400,1
1764424243314,491,392,1
1764424243330,491,385,1
1764424243330,491,377,1
1764424243346,491,371,1
1764424243346,491,364,1
1764424243361,491,357,1
1764424243361,491,351,1
1764424243379,491,345,1
1764424243379,491,340,1
1764424243393,491,334,1
1764424243393,491,329,1
1764424243409,491,323,1
1764424243409,492,318,1
1764424243425,493,312,1
1764424243425,493,307,1
1764424243441,494,301,1
1764424243441,495,296,1
1764424243456,495,291,1
1764424243472,496,287,1
1764424243472,497,283,1
1764424243472,497,278,1
1764424243488,498,274,1
1764424243504,499,268,1
1764424243504,500,263,1
1764424243504,501,258,1
1764424243520,503,254,1
1764424243520,505,249,1
1764424243536,506,246,1
1764424243536,508,242,1
1764424243551,510,237,1
1764424243567,513,232,1
1764424243567,516,228,1
1764424243583,517,223,1
1764424243583,521,220,1
1764424243598,524,215,1
1764424243598,527,210,1
1764424243614,530,205,1
1764424243614,534,201,1
1764424243630,538,196,1
1764424243630,542,192,1
1764424243646,547,188,1
1764424243646,550,185,1
1764424243662,555,181,1
1764424243662,560,177,1
1764424243678,565,173,1
1764424243678,569,170,1
1764424243694,573,168,1
1764424243694,577,165,1
1764424243710,581,162,1
1764424243710,586,160,1
1764424243726,589,157,1
1764424243726,592,155,1
1764424243742,597,153,1
1764424243742,603,151,1
1764424243760,608,149,1
1764424243760,614,147,1
1764424243774,620,145,1
1764424243774,626,143,1
1764424243790,632,141,1
1764424243790,637,141,1
1764424243806,641,140,1
1764424243806,646,139,1
1764424243821,650,139,1
1764424243821,654,138,1
1764424243837,657,138,1
1764424243837,660,138,1
1764424243853,662,138,1
1764424243853,665,138,1
1764424243869,667,138,1
1764424243869,670,138,1
1764424243885,672,137,1
1764424243885,674,137,1
1764424243901,676,137,1
1764424243901,678,137,1
1764424243917,680,137,1
1764424243917,683,137,1
1764424243932,686,137,1
1764424243932,689,137,1
1764424243948,692,137,1
1764424243948,695,137,1
1764424243964,698,137,1
1764424243964,701,137,1
1764424243980,703,137,1
1764424243980,706,137,1
1764424244000,708,137,1
1764424244000,711,137,1
1764424244012,713,138,1
1764424244012,716,138,1
1764424244028,718,138,1
1764424244028,721,138,1
1764424244044,724,138,1
1764424244044,727,139,1
1764424244060,731,140,1
1764424244060,734,140,1
1764424244076,738,141,1
1764424244076,741,142,1
1764424244092,743,142,1
1764424244092,745,143,1
1764424244108,747,143,1
1764424244108,748,143,1
1764424244124,751,144,1
1764424244124,753,145,1
1764424244140,755,145,1
1764424244140,757,146,1
1764424244155,759,147,0
1764424244155,762,148,0
1764424244171,766,148,1
1764424244171,769,149,0
1764424244187,772,150,0
1764424244187,774,151,0
1764424244203,777,152,0
1764424244203,779,153,0
1764424244219,782,154,0
1764424244219,785,154,0
1764424244235,787,155,0
1764424244235,789,156,0
1764424244250,791,157,0
1764424244250,793,157,0
1764424244267,796,158,0
1764424244267,798,160,0
1764424244282,801,160,0
1764424244282,803,161,0
1764424244298,805,162,0
1764424244298,807,163,0
1764424244314,811,164,0
1764424244314,814,165,0
1764424244330,817,167,0
1764424244330,820,168,0
1764424244346,823,169,0
1764424244346,827,171,0
1764424244361,830,172,0
1764424244361,833,173,0
1764424244377,835,174,1
1764424244377,838,175,1
1764424244393,840,176,1
1764424244393,842,177,1
1764424244409,843,177,1
1764424244409,846,179,1
1764424244425,848,180,1
1764424244425,851,182,1
1764424244440,853,183,1
1764424244440,855,185,1
1764424244456,859,187,1
1764424244456,861,188,1
1764424244472,862,189,1
1764424244472,864,190,1
1764424244488,866,192,1
1764424244488,868,194,1
1764424244504,871,196,1
1764424244504,873,198,1
1764424244520,875,200,1
1764424244520,877,202,1
1764424244538,880,205,1
1764424244552,881,207,1
1764424244552,883,209,1
1764424244552,885,212,1
1764424244568,888,215,1
1764424244568,890,218,1
1764424244584,892,221,0
1764424244599,894,224,0
1764424244599,897,227,0
1764424244615,898,230,0
1764424244615,901,233,0
1764424244615,902,235,0
1764424244631,904,237,0
1764424244647,905,241,0
1764424244647,907,243,0
1764424244663,908,246,0
1764424244663,909,248,0
1764424244679,911,251,0
1764424244679,912,254,0
1764424244679,914,257,0
1764424244695,915,259,0
1764424244711,917,261,0
1764424244711,918,264,0
1764424244727,919,268,0
1764424244727,921,271,0
1764424244745,922,274,0
1764424244750,924,278,0
1764424244759,926,281,0
1764424244759,927,284,0
1764424244774,929,287,0
1764424244774,931,291,0
1764424244790,932,294,0
1764424244790,933,297,0
1764424244806,935,300,0
1764424244806,936,305,0
1764424244822,937,308,0
1764424244822,938,311,0
1764424244838,940,316,0
1764424244838,941,319,0
1764424244854,942,323,0
1764424244854,942,326,0
1764424244870,943,329,0
1764424244870,944,334,0
1764424244886,945,338,1
1764424244886,946,342,1
1764424244904,947,347,1
1764424244910,947,351,1
1764424244918,948,355,1
1764424244918,948,359,1
1764424244934,948,365,1
1764424244934,948,370,1
1764424244949,949,376,1
1764424244949,949,380,1
1764424244965,949,385,1
1764424244965,949,391,1
1764424244981,950,396,1
1764424244981,950,403,1
1764424244999,950,409,1
1764424244999,950,415,1
1764424245013,950,422,1
1764424245015,950,427,1
1764424245029,950,433,1
1764424245029,950,438,1
1764424245045,950,444,1
1764424245045,950,448,1
1764424245061,950,452,1
1764424245061,950,455,1
1764424245077,950,458,1
1764424245077,950,461,1
1764424245093,949,464,1
1764424245093,949,467,1
1764424245109,949,469,1
1764424245109,949,471,1
1764424245125,949,474,1
1764424245125,948,476,1
1764424245141,948,479,1
1764424245141,947,481,1
1764424245157,946,483,1
1764424245157,946,486,1
1764424245173,945,488,1
1764424245173,944,491,1
1764424245188,943,494,1
1764424245188,941,497,1
1764424245205,939,500,1
1764424245205,938,503,1
1764424245221,936,507,1
1764424245221,934,511,1
1764424245237,932,515,1
1764424245237,929,518,1
1764424245252,927,521,1
1764424245252,924,524,1
1764424245268,923,526,1
1764424245268,920,529,1
1764424245284,919,531,1
1764424245284,917,533,1
1764424245300,915,535,1
1764424245300,914,538,1
1764424245316,912,539,1
1764424245316,911,541,1
1764424245332,909,543,1
1764424245332,908,544,1
1764424245348,906,546,1
1764424245348,905,549,1
1764424245364,903,550,1
1764424245364,901,552,1
1764424245380,900,555,1
1764424245380,898,556,1
1764424245395,896,557,1
1764424245395,895,559,1
1764424245413,892,561,1
1764424245413,891,563,1
1764424245427,889,565,1
1764424245427,887,566,1
1764424245443,885,569,1
1764424245443,881,571,1
1764424245459,879,573,1
1764424245459,876,575,1
1764424245475,874,577,1
1764424245475,870,579,1
1764424245491,867,581,1
1764424245491,865,582,1
1764424245507,862,584,1
1764424245507,860,585,1
1764424245523,857,587,1
1764424245523,855,588,1
1764424245539,853,589,1
1764424245539,850,590,1
1764424245555,848,591,1
1764424245555,845,591,1
1764424245571,842,592,1
1764424245571,839,593,1
1764424245587,834,595,1
1764424245587,832,595,1
1764424245603,829,596,1
1764424245603,826,597,1
1764424245618,823,598,1
1764424245618,820,599,1
1764424245634,818,599,1
1764424245634,815,600,1
1764424245650,812,601,1
1764424245650,808,602,1
1764424245666,805,602,1
1764424245666,802,602,1
1764424245683,797,602,1
1764424245683,793,602,1
1764424245697,790,603,1
1764424245697,786,603,1
1764424245713,783,604,1
1764424245713,779,604,1
1764424245729,774,605,1
1764424245729,770,605,1
1764424245744,766,605,1
1764424245744,762,605,1
1764424245760,758,605,1
1764424245760,754,605,1
1764424245776,750,605,1
1764424245776,745,605,1
1764424245792,740,605,1
1764424245808,736,605,1
1764424245808,730,605,1
1764424245808,725,605,1
1764424245824,718,605,1
1764424245824,712,605,1
1764424245840,705,605,1
1764424245840,697,604,1
1764424245856,688,603,1
1764424245856,679,602,1
1764424245872,670,601,1
1764424245888,660,599,1
1764424245895,649,598,1
1764424245905,640,595,1
1764424245906,630,594,1
1764424245906,622,593,1
1764424245923,615,591,1
1764424245923,609,590,1
1764424245935,604,588,1
1764424245951,601,588,1
1764424245951,596,586,1
1764424245967,594,585,1
1764424245967,592,584,1
1764424245967,589,583,1
1764424245983,586,581,1
1764424246001,584,580,1
1764424246001,581,578,1
1764424246014,577,576,1
1764424246014,574,573,1
1764424246030,569,569,1
1764424246030,566,567,1
1764424246046,562,563,1
1764424246046,560,561,1
1764424246062,557,558,1
1764424246062,555,556,1
1764424246078,552,553,1
1764424246078,550,549,1
1764424246094,547,546,1
1764424246094,546,542,1
1764424246112,543,538,1
1764424246119,540,534,1
1764424246126,537,529,1
1764424246126,534,524,1
1764424246142,532,519,1
1764424246142,529,513,1
1764424246158,527,507,1
1764424246158,524,501,1
1764424246173,521,495,1
1764424246173,519,490,1
1764424246189,516,484,1
1764424246189,513,478,1
1764424246205,511,471,1
1764424246205,508,465,1
1764424246221,505,459,1
1764424246221,503,453,1
1764424246237,501,448,1
1764424246237,499,442,1
1764424246253,497,436,1
1764424246253,496,430,1
1764424246269,494,423,1
1764424246269,493,419,1
1764424246285,492,415,1
1764424246285,491,409,1
1764424246301,490,405,1
1764424246301,488,399,1
1764424246317,488,393,1
1764424246317,487,389,1
1764424246333,487,384,1
1764424246333,487,379,1
1764424246349,487,374,1
1764424246349,487,369,1
1764424246364,487,365,1
1764424246364,487,360,1
1764424246380,487,356,1
1764424246380,487,352,1
1764424246396,487,348,1
1764424246396,488,344,1
1764424246412,489,339,1
1764424246412,489,335,1
1764424246428,489,331,1
1764424246428,490,328,1
1764424246444,490,325,1
1764424246444,491,321,1
1764424246459,492,316,1
1764424246459,493,312,1
1764424246475,495,307,1
1764424246475,497,302,1
1764424246491,499,297,1
1764424246491,501,291,1
1764424246507,502,286,1
1764424246507,504,281,1
1764424246523,506,277,1
1764424246523,508,271,1
1764424246539,510,266,1
1764424246539,512,260,1
1764424246555,514,255,1
1764424246555,517,248,1
1764424246571,519,242,1
1764424246571,522,236,1
1764424246587,525,230,1
1764424246587,526,225,1
1764424246602,529,220,1
1764424246602,531,216,1
1764424246618,534,212,1
1764424246618,536,208,1
1764424246634,540,205,1
1764424246634,544,201,1
1764424246650,547,197,1
1764424246650,551,194,1
1764424246665,555,191,1
1764424246665,560,187,1
1764424246681,565,184,1
1764424246681,571,181,1
1764424246697,577,178,1
1764424246697,583,175,1
1764424246713,588,173,1
1764424246713,594,172,1
1764424246729,601,170,1
1764424246729,607,168,1
1764424246745,613,166,1
1764424246745,620,164,1
1764424246761,627,162,1
1764424246761,632,161,1
1764424246776,639,161,0
1764424246776,647,160,0
1764424246792,655,159,0
1764424246808,664,158,0
1764424246808,672,157,0
1764424246808,679,156,0
1764424246824,687,154,0
1764424246840,694,153,0
1764424246840,702,152,0
1764424246840,708,151,0
1764424246856,713,150,0
1764424246872,718,149,0
1764424246872,722,149,0
1764424246888,725,148,0
1764424246888,728,148,0
1764424246888,731,148,0
1764424246904,734,147,0
1764424246920,737,147,0
1764424246920,740,147,0
1764424246920,743,147,0
1764424246939,746,147,0
1764424246939,750,147,0
1764424246951,753,147,0
1764424246951,756,147,0
1764424246967,759,147,0
1764424246967,762,147,1
1764424246983,765,147,1
1764424246999,768,147,1
1764424246999,771,147,1
1764424247014,774,147,1
1764424247014,777,147,1
1764424247030,780,147,1
1764424247030,784,147,1
1764424247046,788,148,1
1764424247046,793,150,1
1764424247062,796,152,1
1764424247062,800,153,1
1764424247080,805,154,1
1764424247080,809,156,1
1764424247094,814,158,1
1764424247094,818,160,1
1764424247110,822,161,1
1764424247110,826,162,1
1764424247126,829,164,1
1764424247126,834,166,1
1764424247142,837,167,1
1764424247142,842,169,1
1764424247158,845,171,1
1764424247158,848,173,1
1764424247174,852,174,1
1764424247174,855,177,1
1764424247190,860,180,1
1764424247190,863,182,1
1764424247206,868,186,1
1764424247206,874,191,1
1764424247222,879,195,1
1764424247222,884,200,1
1764424247238,889,205,1
1764424247238,893,210,1
1764424247253,898,215,1
1764424247253,902,220,1
1764424247270,908,227,1
1764424247271,913,234,1
1764424247285,918,242,1
1764424247285,922,248,1
1764424247301,926,255,1
1764424247301,929,262,1
1764424247317,933,270,1
1764424247317,937,279,1
1764424247333,940,289,1
1764424247333,942,298,1
1764424247348,944,306,1
1764424247348,945,316,1
1764424247364,946,325,1
1764424247364,947,335,1
1764424247380,947,345,1
1764424247380,948,354,1
1764424247396,948,363,1
1764424247396,948,371,1
1764424247412,948,379,1
1764424247412,948,386,1
1764424247428,947,394,1
1764424247428,946,401,1
1764424247444,945,408,1
1764424247444,943,415,1
1764424247459,941,423,1
1764424247459,939,430,1
1764424247478,937,438,1
1764424247478,935,445,1
1764424247491,933,452,1
1764424247491,931,459,1
1764424247507,929,466,1
1764424247507,927,473,1
1764424247523,925,480,1
1764424247523,923,487,1
1764424247539,920,494,1
1764424247539,918,501,1
1764424247555,916,507,1
1764424247555,914,513,1
1764424247572,911,519,1
1764424247572,908,525,1
1764424247587,907,531,1
1764424247587,905,536,1
1764424247603,902,541,1
1764424247603,900,546,1
1764424247619,897,550,1
1764424247619,895,554,1
1764424247635,892,557,1
1764424247635,889,562,1
1764424247651,887,565,1
1764424247651,884,570,1
1764424247667,881,573,1
1764424247667,879,577,1
1764424247682,876,579,1
1764424247682,874,582,1
1764424247698,872,584,1
1764424247698,869,586,1
1764424247714,867,589,1
1764424247714,865,591,1
1764424247730,861,593,1
1764424247730,858,595,1
1764424247746,853,597,1
1764424247746,849,599,1
1764424247761,844,600,1
1764424247761,839,602,1
1764424247781,832,603,1
1764424247784,825,604,1
1764424247793,815,605,1
1764424247793,807,606,1
1764424247809,798,608,1
1764424247809,787,609,1
1764424247825,779,609,1
1764424247825,771,609,1
1764424247841,763,609,1
1764424247841,755,609,1
1764424247856,747,609,1
1764424247856,740,609,1
1764424247872,732,609,1
1764424247888,725,609,1
1764424247888,717,609,1
1764424247888,709,607,1
1764424247903,699,603,1
1764424247903,691,601,1
1764424247919,684,598,1
1764424247935,676,595,1
1764424247935,667,591,1
1764424247950,659,587,1
1764424247950,650,583,1
1764424247966,642,579,1
1764424247966,633,576,1
1764424247982,625,572,1
1764424247982,618,569,1
1764424247998,612,566,1
1764424247998,606,563,1
1764424248014,600,560,1
1764424248014,595,557,1
1764424248030,590,553,1
1764424248030,586,549,1
1764424248046,581,545,1
1764424248046,575,540,1
1764424248062,567,535,1
1764424248062,559,529,1
1764424248078,550,522,1
1764424248078,541,516,1
1764424248093,533,509,1
1764424248093,526,503,1
1764424248109,522,498,1
1764424248109,517,493,1
1764424248125,513,489,1
1764424248125,510,486,1
1764424248141,509,484,1
1764424248141,509,482,1
1764424248157,509,481,1
1764424248157,508,480,1
1764424248173,508,478,1
1764424248173,507,475,1
1764424248189,507,473,1
1764424248189,507,471,1
1764424248205,505,468,1
1764424248205,505,465,1
1764424248221,504,462,1
1764424248221,504,458,1
1764424248236,504,453,1
1764424248236,502,449,1
1764424248252,502,445,1
1764424248252,501,440,1
1764424248268,500,436,1
1764424248268,500,432,1
1764424248284,500,427,1
1764424248284,500,422,1
1764424248300,500,417,1
1764424248300,500,412,1
1764424248316,500,406,1
1764424248316,500,401,1
1764424248332,500,395,1
1764424248332,500,390,1
1764424248348,500,384,0
1764424248348,500,379,0
1764424248364,500,374,0
1764424248364,500,369,0
1764424248380,500,364,0
1764424248380,501,360,0
1764424248396,501,356,0
1764424248396,502,351,0
1764424248412,503,346,0
1764424248412,504,341,0
1764424248428,504,336,0
1764424248428,505,330,0
1764424248444,506,324,0
1764424248444,507,319,0
1764424248460,508,315,0
1764424248460,509,309,0
1764424248476,510,305,0
1764424248476,511,299,0
1764424248492,512,293,0
1764424248492,513,288,1
1764424248508,514,281,1
1764424248508,516,274,1
1764424248523,519,268,1
1764424248523,521,261,1
1764424248540,523,255,1
1764424248540,526,249,1
1764424248555,527,243,1
1764424248555,530,239,1
1764424248571,532,234,1
1764424248571,535,230,1
1764424248587,537,226,1
1764424248587,538,223,1
1764424248603,541,218,1
1764424248603,544,214,1
1764424248619,547,209,1
1764424248619,550,204,1
1764424248636,554,199,1
1764424248636,558,195,1
1764424248651,563,190,1
1764424248651,568,185,1
1764424248666,574,180,1
1764424248666,581,174,1
1764424248682,589,169,1
1764424248682,596,164,1
1764424248698,603,159,1
1764424248698,610,155,1
1764424248714,615,152,1
1764424248714,621,149,1
1764424248729,627,146,1
1764424248729,633,143,1
1764424248745,640,141,1
1764424248745,647,138,1
1764424248761,654,136,1
1764424248761,661,134,1
1764424248777,668,131,1
1764424248777,675,129,1
1764424248792,683,127,1
1764424248792,689,126,1
1764424248808,695,126,1
1764424248808,700,125,1
1764424248824,706,125,1
1764424248824,711,125,1
1764424248846,717,125,1
1764424248849,722,125,1
1764424248856,728,125,1
1764424248856,733,125,1
1764424248872,738,125,1
1764424248887,744,126,1
1764424248887,750,127,1
1764424248903,755,128,1
1764424248903,761,128,1
1764424248919,766,129,1
1764424248919,772,130,1
1764424248919,778,131,1
1764424248935,782,132,1
1764424248951,786,133,1
1764424248951,789,134,1
1764424248967,793,135,1
1764424248967,796,135,1
1764424248983,798,137,1
1764424248983,801,138,1
1764424248999,803,140,1
1764424248999,806,142,1
1764424248999,810,144,1
1764424249015,815,147,1
1764424249031,819,150,1
1764424249031,824,153,1
1764424249047,830,157,1
1764424249047,835,159,1
1764424249064,841,163,1
1764424249066,845,167,1
1764424249066,851,171,1
1764424249082,856,174,1
1764424249082,861,178,1
1764424249098,865,181,1
1764424249098,869,185,1
1764424249113,873,189,1
1764424249113,878,194,1
1764424249129,882,199,1
1764424249129,886,203,1
1764424249145,889,208,1
1764424249145,895,214,1
1764424249161,899,220,1
1764424249161,904,227,1
1764424249176,909,233,1
1764424249176,914,239,1
1764424249192,919,245,1
1764424249192,924,250,1
1764424249208,929,256,1
1764424249208,933,261,1
1764424249224,937,267,1
1764424249224,940,271,1
1764424249240,943,277,1
1764424249240,945,282,1
1764424249256,948,288,1
1764424249256,951,293,1
1764424249272,954,297,1
1764424249288,956,302,1
1764424249288,958,306,1
1764424249288,959,311,1
1764424249303,961,314,1
1764424249319,963,319,1
1764424249319,964,322,1
1764424249336,965,326,1
1764424249336,966,331,1
1764424249336,967,335,1
1764424249351,968,339,1
1764424249367,969,345,1
1764424249367,969,350,1
1764424249383,969,356,1
1764424249383,969,361,1
1764424249399,969,368,1
1764424249399,968,376,1
1764424249415,966,383,1
1764424249415,964,390,1
1764424249431,962,398,1
1764424249431,959,407,1
1764424249447,955,415,1
1764424249447,952,422,1
1764424249463,948,431,1
1764424249463,945,439,1
1764424249478,942,446,1
1764424249478,939,452,1
1764424249494,936,459,1
1764424249494,933,465,1
1764424249510,930,470,1
1764424249510,927,475,1
1764424249526,925,479,1
1764424249526,921,484,1
1764424249541,918,489,1
1764424249541,914,495,1
1764424249557,910,500,1
1764424249557,907,504,1
1764424249573,903,509,1
1764424249573,900,514,1
1764424249589,896,519,1
1764424249589,892,524,1
1764424249605,888,528,1
1764424249605,884,533,1
1764424249620,881,537,1
1764424249620,877,542,1
1764424249636,872,545,1
1764424249636,867,550,1
1764424249652,862,554,1
1764424249652,857,558,1
1764424249668,853,561,1
1764424249668,848,565,1
1764424249684,842,569,1
1764424249684,836,572,1
1764424249700,830,575,1
1764424249700,823,578,1
1764424249716,816,580,1
1764424249716,808,582,1
1764424249732,802,584,1
1764424249732,795,586,1
1764424249748,788,587,1
1764424249748,781,588,1
1764424249763,774,589,1
1764424249763,768,589,1
1764424249779,762,589,1
1764424249779,755,590,1
1764424249795,748,591,1
1764424249795,740,591,0
1764424249811,735,591,0
1764424249811,728,591,0
1764424249827,721,591,0
1764424249827,716,591,0
1764424249843,711,591,0
1764424249843,704,591,0
1764424249858,697,590,0
1764424249858,690,588,0
1764424249874,683,587,0
1764424249874,676,585,0
1764424249890,669,583,0
1764424249890,662,581,0
1764424249906,654,577,0
1764424249906,645,573,0
1764424249922,638,569,0
1764424249922,628,564,0
1764424249938,618,558,0
1764424249938,608,550,0
1764424249954,597,541,0
1764424249954,585,533,0
1764424249970,574,525,0
1764424249970,565,519,0
1764424249986,558,514,0
1764424249986,553,509,0
1764424250003,550,505,0
1764424250003,546,501,0
1764424250017,542,498,0
1764424250017,540,494,0
1764424250033,537,491,0
1764424250033,534,487,0
1764424250049,530,482,1
1764424250049,527,478,1
1764424250065,523,472,1
1764424250065,519,466,1
1764424250081,514,460,1
1764424250081,510,454,1
1764424250096,506,448,1
1764424250096,503,442,1
1764424250114,501,436,1
1764424250128,499,431,1
1764424250128,497,427,1
1764424250144,496,421,1
1764424250144,496,416,1
1764424250144,496,410,1
1764424250159,496,404,1
1764424250159,496,397,1
1764424250175,495,390,1
1764424250175,495,382,1
1764424250191,494,373,1
1764424250191,494,365,1
1764424250209,493,356,1
1764424250209,493,348,1
1764424250223,494,340,1
1764424250239,496,331,1
1764424250239,498,322,1
1764424250239,501,314,1
1764424250255,504,307,1
1764424250270,507,299,1
1764424250270,510,291,1
1764424250286,514,283,1
1764424250286,518,274,1
1764424250302,523,266,1
1764424250302,527,259,1
1764424250318,532,251,0
1764424250318,537,244,0
1764424250334,543,235,0
1764424250334,548,228,1
1764424250350,554,221,0
1764424250350,561,213,1
1764424250366,566,207,1
1764424250366,571,202,1
1764424250382,576,197,1
1764424250382,580,192,1
1764424250397,584,189,1
1764424250397,588,186,1
1764424250413,591,182,1
1764424250413,596,180,1
1764424250429,599,177,1
1764424250429,603,174,1
1764424250445,606,173,1
1764424250445,611,171,1
1764424250461,614,169,1
1764424250461,617,168,1
1764424250477,621,166,1
1764424250477,624,164,1
1764424250493,627,164,1
1764424250493,630,162,1
1764424250509,635,160,1
1764424250509,639,159,1
1764424250525,644,157,1
1764424250525,648,157,0
1764424250540,652,155,1
1764424250540,658,155,0
1764424250556,663,154,0
1764424250556,669,153,0
1764424250572,675,153,0
1764424250572,680,152,0
1764424250588,686,152,0
1764424250588,692,152,0
1764424250604,699,151,0
1764424250604,706,151,0
1764424250620,714,151,0
1764424250620,721,151,0
1764424250636,727,151,0
1764424250636,734,151,0
1764424250652,742,152,0
1764424250652,750,153,0
1764424250667,759,154,0
1764424250667,767,155,0
1764424250685,775,156,0
1764424250685,784,156,0
1764424250699,794,156,0
1764424250699,803,157,1
1764424250715,812,158,1
1764424250715,821,159,1
1764424250731,827,160,1
1764424250731,833,161,1
1764424250746,839,162,1
1764424250746,842,163,1
1764424250763,845,164,1
1764424250763,849,165,1
1764424250778,855,167,1
1764424250778,860,169,1
1764424250794,866,172,1
1764424250794,873,175,1
1764424250812,880,178,1
1764424250817,887,181,1
1764424250826,894,184,1
1764424250826,900,187,1
1764424250842,905,190,1
1764424250842,909,193,1
1764424250857,913,196,1
1764424250857,916,198,1
1764424250873,919,200,1
1764424250873,921,203,1
1764424250889,924,206,1
1764424250889,926,210,1
1764424250905,929,213,1
1764424250920,930,216,1
1764424250920,932,221,1
1764424250920,934,226,1
1764424250936,936,231,1
1764424250952,937,238,1
1764424250952,939,245,1
1764424250968,940,253,1
1764424250968,941,262,1
1764424250984,942,270,1
1764424250984,942,279,1
1764424251000,942,287,1
1764424251000,942,296,1
1764424251015,942,306,1
1764424251020,942,316,1
1764424251020,942,327,0
1764424251032,942,336,0
1764424251032,941,347,0
1764424251047,940,358,0
1764424251047,938,370,0
1764424251063,935,382,0
1764424251079,933,394,0
1764424251079,931,404,0
1764424251079,929,413,0
1764424251095,927,422,0
1764424251095,926,430,0
1764424251111,925,437,0
1764424251127,924,443,0
1764424251127,923,450,0
1764424251127,921,457,0
1764424251143,920,464,0
1764424251143,919,471,0
1764424251159,917,477,0
1764424251174,915,484,1
1764424251174,913,491,1
1764424251190,911,497,1
1764424251190,909,502,1
1764424251206,907,509,1
1764424251206,904,515,1
1764424251206,901,521,1
1764424251223,898,527,1
1764424251238,895,533,1
1764424251238,893,538,1
1764424251254,890,542,1
1764424251254,886,547,1
1764424251270,882,552,1
1764424251270,878,557,1
1764424251286,874,562,1
1764424251286,870,565,1
1764424251302,865,570,1
1764424251302,860,574,1
1764424251318,854,578,1
1764424251318,847,582,1
1764424251334,839,587,1
1764424251334,832,590,1
1764424251352,824,594,1
1764424251352,817,597,1
1764424251366,808,600,1
1764424251366,800,603,1
1764424251382,793,606,1
1764424251382,784,608,1
1764424251398,777,610,1
1764424251398,772,612,1
1764424251414,765,613,1
1764424251414,758,614,1
1764424251430,751,614,1
1764424251430,744,614,1
1764424251446,738,614,1
1764424251446,729,615,1
1764424251462,721,615,1
1764424251462,713,615,1
1764424251477,704,615,1
1764424251477,695,613,1
1764424251493,684,611,1
1764424251493,672,608,1
1764424251510,658,604,1
1764424251510,644,600,1
1764424251525,627,593,1
1764424251525,610,586,1
1764424251541,589,576,1
1764424251541,568,566,1
1764424251559,547,554,1
1764424251559,529,544,1
1764424251573,515,535,1
1764424251573,505,528,1
1764424251589,497,522,0
1764424251589,490,516,0
1764424251605,484,511,0
1764424251605,480,506,0
1764424251621,476,500,0
1764424251621,472,494,0
1764424251636,469,488,0
1764424251636,467,482,0
1764424251652,464,476,0
1764424251652,462,470,0
1764424251668,460,465,0
1764424251668,458,458,0
1764424251684,456,452,0
1764424251684,455,445,0
1764424251700,455,438,0
1764424251700,454,431,0
1764424251716,454,426,0
1764424251716,454,420,0
1764424251732,454,415,0
1764424251732,454,410,0
1764424251748,454,403,0
1764424251757,454,395,1
1764424251763,455,388,1
1764424251763,456,380,1
1764424251779,457,372,1
1764424251779,458,365,1
1764424251795,459,357,1
1764424251795,461,350,1
1764424251811,463,343,1
1764424251811,465,336,1
1764424251827,467,329,1
1764424251827,469,323,1
1764424251843,471,316,1
1764424251843,473,310,1
1764424251859,475,303,1
1764424251859,478,296,1
1764424251875,481,289,1
1764424251875,484,282,1
1764424251891,487,274,1
1764424251891,490,268,1
1764424251906,493,263,1
1764424251906,496,257,1
1764424251922,499,251,1
1764424251922,502,246,1
1764424251938,504,241,1
1764424251938,508,237,1
1764424251953,513,230,1
1764424251953,517,224,1
1764424251969,522,218,1
1764424251969,528,211,1
1764424251985,533,205,1
1764424251985,538,200,1
1764424252001,543,194,1
1764424252001,548,189,1
1764424252016,553,185,1
1764424252016,556,181,1
1764424252032,560,179,1
1764424252048,564,175,1
1764424252048,568,172,1
1764424252048,573,169,1
1764424252064,577,166,1
1764424252064,582,163,1
1764424252080,588,161,1
1764424252080,594,159,1
1764424252096,596,159,1
1764424252096,600,159,1
1764424252112,606,157,1
1764424252127,611,155,1
1764424252134,617,153,1
1764424252138,624,151,1
1764424252143,630,149,1
1764424252159,637,148,1
1764424252159,642,147,1
1764424252159,649,146,1
1764424252175,656,146,1
1764424252175,663,145,1
1764424252191,670,145,1
1764424252207,676,145,1
1764424252207,683,145,1
1764424252222,691,145,1
1764424252222,699,145,1
1764424252238,707,145,0
1764424252238,715,145,0
1764424252238,723,145,0
1764424252254,731,145,0
1764424252254,738,145,0
1764424252270,746,145,1
1764424252286,753,145,1
1764424252286,759,145,1
1764424252302,768,145,1
1764424252302,776,146,1
1764424252318,784,147,1
1764424252318,793,148,1
1764424252334,803,149,1
1764424252334,812,151,1
1764424252349,823,153,1
1764424252349,834,155,1
1764424252366,844,157,1
1764424252366,853,159,1
1764424252381,861,161,1
1764424252381,870,164,1
1764424252397,878,167,1
1764424252397,885,169,1
1764424252413,892,172,1
1764424252413,898,175,1
1764424252429,904,177,1
1764424252429,910,180,1
1764424252445,916,182,1
1764424252445,921,184,1
1764424252460,927,187,0
1764424252460,932,190,0
1764424252476,937,193,0
1764424252476,940,197,0
1764424252492,944,199,0
1764424252492,946,203,0
1764424252508,949,207,0
1764424252508,953,212,0
1764424252524,956,217,0
1764424252524,958,223,0
1764424252540,960,228,0
1764424252540,962,234,0
1764424252555,964,241,0
1764424252555,966,248,0
1764424252571,967,256,1
1764424252571,968,265,1
1764424252587,969,274,1
1764424252587,970,283,1
1764424252603,970,293,1
1764424252603,970,302,1
1764424252619,970,313,1
1764424252619,970,322,1
1764424252635,970,330,1
1764424252635,970,338,1
1764424252651,969,346,1
1764424252651,968,353,1
1764424252667,967,360,1
1764424252667,966,367,1
1764424252682,964,375,1
1764424252682,963,382,1
1764424252698,962,389,1
1764424252698,961,396,1
1764424252716,959,403,1
1764424252716,957,410,1
1764424252730,957,415,1
1764424252730,956,421,1
1764424252746,955,427,1
1764424252746,954,432,1
1764424252762,953,438,1
1764424252762,952,443,1
1764424252778,950,449,1
1764424252778,949,455,1
1764424252794,947,460,1
1764424252794,945,466,1
1764424252809,943,472,1
1764424252809,942,477,1
1764424252829,940,482,1
1764424252829,938,487,1
1764424252841,936,491,1
1764424252841,933,497,1
1764424252857,930,502,1
1764424252857,928,507,1
1764424252873,924,511,1
1764424252888,920,517,1
1764424252888,916,522,1
1764424252904,912,527,1
1764424252904,908,532,1
1764424252904,906,535,1
1764424252926,902,540,1
1764424252929,898,544,1
1764424252936,895,547,1
1764424252936,891,551,1
1764424252952,886,555,1
1764424252952,883,557,1
1764424252968,878,561,1
1764424252968,873,565,1
1764424252984,868,568,1
1764424253000,864,571,1
1764424253000,859,573,1
1764424253000,854,576,1
1764424253016,851,578,1
1764424253016,846,580,1
1764424253031,841,583,1
1764424253047,835,586,1
1764424253049,829,588,1
1764424253063,823,589,1
1764424253063,817,591,1
1764424253079,810,593,1
1764424253079,803,595,1
1764424253079,796,597,1
1764424253095,789,599,1
1764424253095,784,600,1
1764424253111,777,601,1
1764424253111,771,602,1
1764424253127,766,603,1
1764424253127,760,604,1
1764424253145,756,605,1
1764424253145,753,606,1
1764424253159,748,607,1
1764424253159,745,607,1
1764424253175,741,607,1
1764424253175,737,607,1
1764424253191,732,607,1
1764424253206,728,607,1
1764424253206,723,607,1
1764424253222,718,607,1
1764424253222,713,607,1
1764424253238,707,607,1
1764424253238,702,606,1
1764424253254,696,605,1
1764424253254,689,603,1
1764424253270,683,601,1
1764424253270,677,599,1
1764424253286,672,597,1
1764424253286,666,595,1
1764424253302,660,593,1
1764424253302,654,591,1
1764424253318,647,588,1
1764424253318,639,585,1
1764424253334,632,582,1
1764424253334,623,579,1
1764424253350,616,575,1
1764424253354,609,571,1
1764424253366,602,567,1
1764424253366,596,565,1
1764424253381,590,562,1
1764424253381,584,558,1
1764424253397,579,554,1
1764424253397,574,551,1
1764424253413,570,547,1
1764424253413,566,543,1
1764424253429,562,540,1
1764424253429,557,535,1
1764424253446,552,530,1
1764424253446,549,525,1
1764424253461,544,519,1
1764424253461,538,512,1
1764424253477,533,504,1
1764424253477,528,495,1
1764424253493,523,485,1
1764424253493,518,474,1
1764424253509,513,463,1
1764424253509,509,452,1
1764424253525,506,442,1
1764424253525,502,432,1
1764424253541,500,423,1
1764424253541,499,412,1
1764424253556,499,403,1
1764424253556,499,392,1
1764424253572,499,380,1
1764424253572,499,368,0
1764424253588,499,356,1
1764424253588,499,346,1
1764424253604,500,336,1
1764424253604,500,327,1
1764424253620,501,319,1
1764424253620,502,311,1
1764424253636,503,302,1
1764424253636,504,294,1
1764424253651,506,286,1
1764424253651,508,279,1
1764424253667,511,272,1
1764424253667,514,266,1
1764424253683,517,260,1
1764424253683,522,253,1
1764424253699,527,247,1
1764424253699,533,240,1
1764424253715,539,233,1
1764424253715,544,227,1
1764424253731,551,219,1
1764424253731,557,213,1
1764424253747,563,207,1
1764424253747,571,201,1
1764424253763,579,195,1
1764424253763,589,191,0
1764424253778,599,187,0
1764424253778,610,182,0
1764424253794,621,178,0
1764424253794,633,174,0
1764424253810,646,171,0
1764424253810,660,168,0
1764424253826,672,164,0
1764424253826,684,162,0
1764424253842,696,161,0
1764424253842,706,161,0
1764424253858,715,160,0
1764424253858,723,160,0
1764424253874,729,159,0
1764424253874,734,159,0
1764424253890,741,159,0
1764424253890,748,159,0
1764424253906,756,159,0
1764424253906,764,160,0
1764424253921,773,161,0
1764424253921,783,162,0
1764424253937,792,163,0
1764424253937,800,164,0
1764424253953,808,165,0
1764424253953,817,167,0
1764424253969,824,169,0
1764424253969,831,171,1
1764424253985,838,173,1
1764424253985,845,175,1
1764424254000,851,177,1
1764424254000,858,180,1
1764424254016,865,183,1
1764424254016,874,187,1
1764424254032,884,190,1
1764424254032,894,194,1
1764424254052,904,197,1
1764424254064,911,202,1
1764424254064,918,206,1
1764424254064,923,208,1
1764424254081,926,212,1
1764424254081,929,214,1
1764424254095,931,216,1
1764424254095,933,218,1
1764424254111,936,222,1
1764424254111,939,225,1
1764424254127,943,230,1
1764424254143,947,235,1
1764424254143,951,240,1
1764424254143,954,243,1
1764424254159,956,248,1
1764424254175,959,251,1
1764424254175,961,256,1
1764424254191,963,260,1
1764424254191,965,266,1
1764424254191,966,272,1
1764424254207,968,278,1
1764424254222,970,283,1
1764424254222,971,290,1
1764424254238,972,297,1
1764424254238,973,304,1
1764424254254,973,311,1
1764424254254,973,318,1
1764424254270,973,324,1
1764424254270,973,332,1
1764424254287,973,340,1
1764424254287,973,348,1
1764424254302,972,356,1
1764424254302,970,365,1
1764424254318,969,373,1
1764424254318,968,381,1
1764424254334,967,389,1
1764424254334,966,396,1
1764424254350,965,403,1
1764424254350,963,410,1
1764424254366,962,418,1
1764424254366,961,425,1
1764424254382,959,433,1
1764424254382,957,440,1
1764424254397,955,449,1
1764424254397,953,456,1
1764424254413,951,463,1
1764424254413,949,469,1
1764424254429,947,474,1
1764424254429,944,480,1
1764424254445,942,486,1
1764424254445,940,492,1
1764424254461,937,498,1
1764424254461,934,504,1
1764424254477,932,509,1
1764424254477,930,514,1
1764424254493,927,519,1
1764424254493,924,523,1
1764424254508,921,528,1
1764424254508,917,533,1
1764424254524,914,538,1
1764424254524,911,541,1
1764424254540,907,545,1
1764424254540,904,548,1
1764424254556,900,552,1
1764424254556,895,555,1
1764424254572,891,559,1
1764424254572,886,561,1
1764424254588,881,564,1
1764424254588,876,566,1
1764424254604,870,569,1
1764424254604,863,572,1
1764424254619,855,574,1
1764424254619,848,577,1
1764424254635,841,580,1
1764424254635,834,583,1
1764424254651,826,585,1
1764424254651,819,587,1
1764424254667,813,589,1
1764424254667,807,591,1
1764424254683,800,593,1
1764424254683,795,594,1
1764424254699,789,596,1
1764424254699,783,597,1
1764424254715,778,598,1
1764424254715,772,599,1
1764424254730,767,599,1
1764424254730,761,600,1
1764424254747,755,601,1
1764424254747,747,602,1
1764424254762,740,602,1
1764424254762,734,603,1
1764424254778,726,603,1
1764424254778,718,603,1
1764424254794,708,603,1
1764424254794,700,603,1
1764424254810,692,603,1
1764424254810,684,603,1
1764424254826,676,603,1
1764424254826,668,603,1
1764424254841,660,601,1
1764424254841,652,599,1
1764424254857,643,597,1
1764424254873,632,592,1
1764424254873,621,588,1
1764424254873,609,583,1
1764424254888,597,578,1
1764424254904,584,572,1
1764424254904,573,566,1
1764424254904,563,561,1
1764424254920,553,554,1
1764424254920,545,549,1
1764424254936,539,544,1
1764424254936,534,539,1
1764424254952,529,534,1
1764424254961,525,528,1
1764424254968,522,523,1
1764424254968,519,519,1
1764424254984,517,514,1
1764424255000,515,508,1
1764424255000,513,503,1
1764424255000,511,496,1
1764424255016,509,489,1
1764424255032,507,480,1
1764424255032,507,471,1
1764424255032,506,462,1
1764424255048,506,452,1
1764424255064,506,443,1
1764424255064,506,432,1
1764424255064,506,422,0
1764424255079,506,412,0
1764424255095,506,403,0
1764424255095,506,392,0
1764424255095,506,383,0
1764424255111,506,374,0
1764424255111,506,364,0
1764424255127,507,355,0
1764424255127,508,347,0
1764424255143,509,339,0
1764424255159,510,330,0
1764424255159,513,322,0
1764424255174,515,315,0
1764424255181,517,308,0
1764424255190,519,301,0
1764424255190,521,293,0
1764424255190,523,286,0
1764424255206,525,279,0
1764424255222,527,270,0
1764424255222,529,262,0
1764424255238,531,254,0
1764424255238,533,246,1
1764424255254,534,237,1
1764424255254,536,229,1
1764424255270,538,221,1
1764424255270,540,214,1
1764424255286,542,209,1
1764424255286,544,204,1
1764424255302,547,196,1
1764424255302,550,189,1
1764424255318,554,182,1
1764424255318,559,176,1
1764424255334,564,169,1
1764424255334,571,161,1
1764424255350,578,155,1
1764424255350,584,149,1
1764424255365,591,143,1
1764424255365,597,139,1
1764424255382,601,137,1
1764424255382,606,135,1
1764424255397,609,133,1
1764424255397,614,131,1
1764424255413,618,130,1
1764424255413,621,129,1
1764424255429,626,127,1
1764424255429,631,126,1
1764424255445,637,124,1
1764424255446,643,123,1
1764424255461,649,123,1
1764424255461,656,122,1
1764424255477,663,122,1
1764424255477,670,121,1
1764424255493,677,121,1
1764424255493,682,121,1
1764424255508,688,121,1
1764424255508,693,121,1
1764424255524,698,121,1
1764424255524,704,121,1
1764424255540,709,121,1
1764424255540,716,121,1
1764424255556,724,121,1
1764424255556,732,121,1
1764424255572,740,121,1
1764424255572,748,122,1
1764424255588,755,123,1
1764424255588,762,125,1
1764424255604,769,127,1
1764424255604,777,129,1
1764424255619,787,131,1
1764424255619,795,135,1
1764424255635,805,138,1
1764424255635,815,141,1
1764424255654,826,145,1
1764424255657,837,149,1
1764424255668,848,153,1
1764424255668,857,157,1
1764424255684,866,162,1
1764424255684,872,165,1
1764424255700,877,167,1
1764424255700,881,170,1
1764424255716,886,174,1
1764424255716,890,178,1
1764424255732,895,183,1
1764424255732,898,187,1
1764424255748,902,191,1
1764424255748,906,196,1
1764424255764,911,201,1
1764424255764,915,206,1
1764424255780,919,212,1
1764424255780,921,216,1
1764424255796,924,222,1
1764424255796,926,228,1
1764424255812,928,234,1
1764424255812,930,239,1
1764424255827,931,246,1
1764424255827,932,254,1
1764424255843,933,263,1
1764424255843,934,271,1
1764424255859,935,279,1
1764424255859,936,288,1
1764424255875,936,298,1
1764424255875,936,307,0
1764424255890,936,316,0
1764424255890,936,324,0
1764424255910,936,332,0
1764424255912,936,342,0
1764424255922,936,351,0
1764424255922,936,360,0
1764424255938,936,370,0
1764424255938,936,380,0
1764424255954,936,390,0
1764424255954,936,400,0
1764424255970,936,410,0
1764424255970,936,418,0
1764424255986,936,426,0
1764424255986,936,432,0
1764424256002,936,440,1
1764424256002,936,446,1
1764424256018,936,451,1
1764424256018,935,457,1
1764424256034,935,462,1
1764424256034,935,468,1
1764424256050,934,472,1
1764424256050,934,476,1
1764424256066,934,481,1
1764424256066,933,485,1
1764424256081,932,489,1
1764424256081,931,492,1
1764424256097,929,497,1
1764424256097,927,501,1
1764424256113,927,506,1
1764424256113,925,509,1
1764424256129,922,514,1
1764424256129,919,518,1
1764424256145,917,522,1
1764424256145,913,527,1
1764424256161,910,531,1
1764424256161,905,536,1
1764424256176,900,541,1
1764424256176,894,546,1
1764424256192,887,551,1
1764424256192,878,556,1
1764424256208,870,560,1
1764424256208,863,563,1
1764424256224,854,567,1
1764424256240,847,570,1
1764424256240,839,574,1
1764424256240,830,577,1
1764424256256,822,580,1
1764424256256,812,582,1
1764424256272,803,585,1
1764424256272,793,587,1
1764424256288,783,589,1
1764424256288,774,592,1
1764424256304,764,593,1
1764424256304,755,594,1
1764424256319,745,595,1
1764424256319,736,595,1
1764424256336,727,595,1
1764424256351,718,595,1
1764424256351,708,595,1
1764424256351,698,595,1
1764424256367,687,595,1
1764424256367,676,595,1
1764424256383,666,594,1
1764424256394,653,591,1
1764424256399,643,588,1
1764424256399,630,585,1
1764424256415,616,580,1
1764424256415,604,576,1
1764424256431,593,571,1
1764424256431,582,567,1
1764424256447,574,563,1
1764424256447,565,558,1
1764424256463,558,554,1
1764424256463,551,549,1
1764424256479,543,544,1
1764424256479,537,539,1
1764424256495,531,534,1
1764424256511,523,527,1
1764424256511,517,522,1
1764424256511,511,516,1
1764424256527,506,510,1
1764424256543,501,504,1
1764424256543,497,498,1
1764424256543,493,493,1
1764424256559,490,487,1
1764424256574,487,481,1
1764424256574,485,476,1
1764424256590,484,472,1
1764424256590,484,468,1
1764424256606,483,463,1
1764424256611,482,458,1
1764424256622,482,452,1
1764424256622,482,447,1
1764424256638,482,442,1
1764424256638,482,435,1
1764424256654,482,428,1
1764424256654,482,420,1
1764424256670,482,412,1
1764424256670,482,403,1
1764424256686,482,395,1
1764424256686,482,385,1
1764424256702,482,377,1
1764424256702,482,369,1
1764424256718,483,361,1
1764424256718,484,353,1
1764424256734,485,346,1
1764424256734,486,339,1
1764424256750,487,332,1
1764424256750,488,327,1
1764424256766,489,321,1
1764424256766,491,315,1
1764424256782,491,310,1
1764424256782,493,304,1
1764424256798,495,298,1
1764424256798,497,293,1
1764424256815,499,285,1
1764424256815,500,280,1
1764424256829,502,274,1
1764424256829,504,268,1
1764424256845,506,261,1
1764424256845,508,256,1
1764424256861,510,251,1
1764424256861,512,247,1
1764424256877,513,242,1
1764424256877,515,239,1
1764424256893,518,234,1
1764424256893,521,229,1
1764424256908,525,223,1
1764424256908,529,219,1
1764424256924,533,213,1
1764424256924,537,208,1
1764424256941,542,203,1
1764424256941,547,198,1
1764424256956,552,193,1
1764424256956,557,188,1
1764424256973,564,184,1
1764424256973,569,180,1
1764424256988,575,176,1
1764424256988,580,172,1
1764424257004,586,168,1
1764424257004,592,165,1
1764424257024,599,161,1
1764424257027,605,158,1
1764424257036,612,155,1
1764424257036,619,153,1
1764424257052,625,151,1
1764424257052,631,149,1
1764424257070,637,147,1
1764424257070,642,145,1
1764424257084,648,143,1
1764424257084,654,141,1
1764424257099,660,140,1
1764424257099,665,138,1
1764424257115,671,137,1
1764424257115,677,136,1
1764424257131,681,134,1
1764424257131,685,134,1
1764424257147,690,133,1
1764424257147,694,132,1
1764424257163,698,131,1
1764424257163,702,131,1
1764424257179,707,130,1
1764424257179,712,130,1
1764424257195,718,130,1
1764424257195,723,130,1
1764424257211,729,129,1
1764424257216,734,129,1
1764424257227,740,129,1
1764424257227,746,129,1
1764424257243,753,129,1
1764424257243,760,129,1
1764424257259,767,130,1
1764424257259,775,131,1
1764424257275,782,132,1
1764424257275,787,133,1
1764424257291,794,135,1
1764424257291,800,136,1
1764424257306,806,138,1
1764424257306,812,140,1
1764424257322,817,142,1
1764424257322,823,145,1
1764424257338,828,147,1
1764424257338,831,149,1
1764424257354,835,151,1
1764424257354,837,153,1
1764424257370,840,155,1
1764424257370,844,158,1
1764424257386,847,160,1
1764424257386,851,164,1
1764424257401,854,167,1
1764424257401,858,169,1
1764424257422,861,173,1
1764424257423,864,175,1
1764424257434,867,179,1
1764424257434,870,183,1
1764424257449,874,188,1
1764424257449,878,193,1
1764424257465,882,198,1
1764424257465,886,204,1
1764424257481,889,209,1
1764424257481,892,213,1
1764424257496,896,218,1
1764424257496,900,223,1
1764424257512,904,228,1
1764424257512,908,233,1
1764424257528,910,237,1
1764424257528,913,242,1
1764424257544,916,245,1
1764424257544,918,249,1
1764424257559,920,251,1
1764424257559,921,254,1
1764424257575,923,257,1
1764424257592,925,260,1
1764424257592,926,263,1
1764424257608,928,266,1
1764424257608,929,270,1
1764424257608,931,273,1
1764424257624,933,275,1
1764424257640,934,278,1
1764424257640,936,283,1
1764424257656,937,286,1
1764424257656,938,289,1
1764424257672,939,294,1
1764424257672,941,299,1
1764424257672,943,305,1
1764424257688,945,311,1
1764424257688,947,317,1
1764424257704,949,322,1
1764424257719,951,328,1
1764424257719,953,333,1
1764424257719,955,338,1
1764424257736,956,343,1
1764424257752,958,349,1
1764424257752,959,353,1
1764424257752,960,357,1
1764424257768,961,363,1
1764424257768,962,367,1
1764424257783,963,373,1
1764424257783,964,379,1
1764424257799,964,384,1
1764424257815,964,389,1
1764424257815,964,396,1
1764424257815,964,402,1
1764424257831,964,407,1
1764424257831,964,412,1
1764424257847,964,418,1
1764424257847,964,423,1
1764424257863,964,429,1
1764424257863,964,434,1
1764424257878,964,440,1
1764424257894,964,445,1
1764424257894,962,451,1
1764424257910,961,456,1
1764424257910,960,462,1
1764424257926,959,468,1
1764424257930,957,473,1
1764424257942,955,478,1
1764424257942,954,482,1
1764424257958,952,488,1
1764424257958,950,493,1
1764424257974,948,497,1
1764424257974,946,503,1
1764424257990,943,508,1
1764424257990,940,512,1
1764424258005,938,517,1
1764424258005,934,522,1
1764424258021,930,525,1
1764424258021,925,530,1
1764424258037,919,535,1
1764424258037,913,540,1
1764424258053,908,545,1
1764424258053,902,549,1
1764424258071,897,553,1
1764424258071,892,557,1
1764424258085,888,561,1
1764424258085,883,564,1
1764424258101,878,567,1
1764424258101,874,569,1
1764424258117,869,572,1
1764424258121,866,574,1
1764424258136,862,575,1
1764424258142,859,577,1
1764424258149,856,579,1
1764424258149,852,580,1
1764424258165,849,582,1
1764424258165,846,584,1
1764424258181,843,585,1
1764424258182,839,587,1
1764424258196,836,588,1
1764424258196,834,589,1
1764424258212,831,590,1
1764424258212,828,591,1
1764424258228,823,593,1
1764424258228,820,593,1
1764424258244,816,595,1
1764424258244,812,597,1
1764424258262,809,598,1
1764424258262,805,599,1
1764424258275,800,600,1
1764424258275,796,601,1
1764424258291,792,602,1
1764424258291,789,603,1
1764424258307,784,604,1
1764424258307,780,605,1
1764424258323,774,606,1
1764424258323,769,606,1
1764424258339,763,607,1
1764424258339,756,608,1
1764424258355,751,609,1
1764424258355,744,609,1
1764424258371,737,609,1
1764424258371,730,610,1
1764424258390,724,610,1
1764424258397,717,610,1
1764424258403,710,610,1
1764424258403,703,610,1
1764424258419,697,610,1
1764424258419,690,610,1
1764424258435,683,610,1
1764424258435,675,609,1
1764424258450,667,608,1
1764424258450,659,606,1
1764424258466,650,604,1
1764424258466,642,601,1
1764424258482,635,598,1
1764424258482,626,596,1
1764424258498,621,594,1
1764424258498,616,592,1
1764424258514,611,589,1
1764424258514,607,587,1
1764424258530,602,585,1
1764424258530,598,582,1
1764424258546,593,578,1
1764424258546,588,574,1
1764424258562,583,570,1
1764424258562,580,568,1
1764424258577,576,564,1
1764424258577,573,562,1
1764424258593,569,558,1
1764424258593,565,553,1
1764424258609,561,548,1
1764424258609,557,544,1
1764424258624,555,539,1
1764424258624,551,534,1
1764424258640,547,528,1
1764424258640,543,522,1
1764424258656,539,515,1
1764424258656,535,509,1
1764424258672,532,503,1
1764424258672,530,498,1
1764424258687,528,494,1
1764424258687,526,489,1
1764424258703,526,485,1
1764424258719,525,481,1
1764424258719,525,476,1
1764424258735,525,472,0
1764424258735,524,467,0
1764424258751,524,461,0
1764424258755,523,456,0
1764424258755,522,449,0
1764424258767,520,442,0
1764424258767,519,435,0
1764424258783,518,427,0
1764424258783,518,419,0
1764424258799,517,411,0
1764424258815,516,402,0
1764424258815,516,394,0
1764424258815,515,386,0
1764424258830,515,379,0
1764424258830,515,373,0
1764424258846,515,366,0
1764424258846,515,359,0
1764424258862,514,354,0
1764424258878,513,347,0
1764424258878,513,341,0
1764424258894,513,335,0
1764424258894,512,329,0
1764424258910,511,323,0
1764424258910,511,318,0
1764424258926,510,314,0
1764424258926,510,310,0
0,0,0,0
1764424258941,509,305,0
1764424258941,509,301,1
1764424258961,509,297,1
1764424258965,509,293,1
1764424258974,509,289,1
1764424258974,508,284,1
1764424258989,508,279,1
1764424258989,508,275,1
1764424259005,508,271,1
1764424259005,508,267,1
1764424259021,507,262,1
1764424259021,507,258,1
1764424259037,507,255,1
1764424259037,507,251,1
1764424259053,507,247,1
1764424259053,507,244,1
1764424259069,507,241,1
1764424259069,507,238,1
1764424259087,507,235,1
1764424259087,507,232,1
1764424259101,507,229,1
1764424259101,507,227,1
1764424259117,508,224,1
1764424259117,509,221,1
1764424259134,510,219,1
1764424259140,511,216,1
1764424259148,513,214,1
1764424259148,514,211,1
1764424259164,516,209,1
1764424259164,518,206,1
1764424259180,520,204,1
1764424259180,523,201,1
1764424259195,526,198,1
1764424259195,531,195,1
1764424259211,535,193,1
1764424259211,541,189,1
1764424259227,547,185,1
1764424259227,551,182,1
1764424259243,557,180,1
1764424259243,563,178,1
1764424259259,567,176,1
1764424259259,573,174,1
1764424259275,578,172,1
1764424259275,582,171,1
1764424259290,588,169,1
1764424259290,592,167,1
1764424259306,598,166,1
1764424259306,602,165,1
1764424259322,607,163,1
1764424259322,611,161,1
1764424259338,617,160,1
1764424259338,623,160,1
1764424259353,628,158,1
1764424259353,634,157,1
1764424259369,640,156,1
1764424259369,645,155,1
1764424259385,651,155,1
1764424259385,656,154,1
1764424259400,663,154,0
1764424259400,669,153,0
1764424259416,674,152,0
1764424259416,680,151,0
1764424259432,685,150,0
1764424259432,690,150,0
1764424259448,693,149,0
1764424259448,696,149,0
1764424259463,698,149,0
1764424259479,699,149,0
1764424259479,700,149,0
1764424259816,700,148,0
1764424260120,699,148,0
1764424260136,698,148,0
1764424260136,697,148,0
1764424260152,696,148,0
1764424260152,695,148,0
1764424260168,694,148,0
1764424260168,692,148,0
1764424260184,689,149,0
1764424260184,688,149,0
1764424260200,687,150,0
1764424260200,685,150,0
1764424260216,684,151,0
1764424260216,683,152,0
1764424260232,682,152,0
1764424260247,682,153,0
1764424260279,681,153,0
1764424260295,681,154,0
1764424262519,681,153,0
1764424262535,682,152,0
1764424262551,683,151,0
1764424262567,683,150,0
1764424262567,684,150,0
1764424262583,685,149,0
1764424262599,686,147,1
1764424262615,687,147,0
1764424262615,688,147,0
1764424262615,689,145,1
1764424262631,690,145,1
1764424262647,691,144,1
1764424262647,692,144,1
1764424262647,693,143,1
1764424262663,695,142,1
1764424262681,698,140,1
1764424262681,700,139,1
1764424262695,701,139,1
1764424262695,702,138,1
1764424262711,705,137,1
1764424262711,706,137,1
1764424262727,708,136,1
1764424262727,710,135,1
1764424262742,714,134,1
1764424262758,717,134,1
1764424262758,721,133,1
1764424262774,725,133,1
1764424262774,729,132,1
1764424262790,735,132,1
1764424262790,740,132,1
1764424262805,746,132,1
1764424262805,751,132,1
1764424262821,757,132,1
1764424262821,762,132,1
1764424262837,767,132,1
1764424262837,773,132,1
1764424262853,780,132,1
1764424262853,785,133,1
1764424262869,792,134,1
1764424262869,800,135,1
1764424262885,808,136,1
1764424262885,817,138,1
1764424262901,825,140,1
1764424262901,834,142,1
1764424262917,843,145,1
1764424262917,852,147,1
1764424262933,862,149,1
1764424262933,870,153,1
1764424262949,879,155,1
1764424262949,887,157,1
1764424262965,894,159,1
1764424262965,900,161,0
1764424262980,904,162,0
1764424262980,909,163,0
1764424262996,912,164,0
1764424262996,915,166,0
1764424263012,918,167,0
1764424263012,921,168,0
1764424263028,924,170,0
1764424263028,926,171,0
1764424263043,928,174,0
1764424263043,932,176,0
1764424263059,934,178,0
1764424263059,938,182,0
1764424263075,940,186,0
1764424263075,943,189,0
1764424263091,945,193,0
1764424263091,948,197,0
1764424263107,950,200,0
1764424263107,953,206,0
1764424263123,955,211,0
1764424263123,958,217,0
1764424263139,960,223,0
1764424263139,962,230,0
1764424263155,964,237,0
1764424263155,965,243,0
1764424263171,966,252,1
1764424263171,967,259,1
1764424263187,967,267,1
1764424263187,967,275,1
1764424263202,967,283,1
1764424263202,967,291,1
1764424263218,967,297,1
1764424263218,967,305,1
1764424263238,967,312,1
1764424263238,966,320,1
1764424263250,966,328,1
1764424263250,965,336,1
1764424263266,965,343,1
1764424263266,964,350,1
1764424263282,963,357,1
1764424263282,963,362,1
1764424263297,962,368,1
1764424263297,961,375,1
1764424263313,960,380,1
1764424263313,960,386,1
1764424263329,959,392,1
1764424263329,959,397,1
1764424263349,959,402,1
1764424263349,958,408,1
1764424263360,958,412,1
1764424263360,958,418,1
1764424263376,957,422,1
1764424263376,957,427,1
1764424263392,957,433,1
1764424263392,957,438,1
1764424263408,956,444,1
1764424263408,955,449,1
1764424263424,955,453,1
1764424263440,954,459,1
1764424263440,953,463,1
1764424263440,952,469,1
1764424263455,951,473,1
1764424263455,950,479,1
1764424263471,948,484,1
1764424263471,946,489,1
1764424263487,945,494,1
1764424263503,943,498,1
1764424263503,941,503,1
1764424263518,940,507,1
1764424263518,938,512,1
1764424263518,936,516,1
1764424263534,934,521,1
1764424263534,932,525,1
1764424263550,930,531,1
1764424263550,927,537,1
1764424263566,925,542,1
1764424263566,923,548,1
1764424263582,920,552,1
1764424263598,917,558,0
1764424263598,913,564,0
1764424263614,909,569,0
1764424263614,905,574,0
1764424263631,901,580,0
1764424263631,897,585,0
1764424263645,892,589,0
1764424263645,888,593,0
1764424263661,883,597,0
1764424263661,878,602,0
1764424263677,873,606,0
1764424263677,868,610,0
1764424263693,858,617,0
1764424263709,852,619,0
1764424263709,846,621,0
1764424263725,839,623,0
1764424263725,831,625,0
1764424263741,822,628,0
1764424263741,814,630,0
1764424263757,806,632,0
1764424263757,796,633,0
1764424263773,788,635,0
1764424263773,780,636,0
1764424263788,772,637,0
1764424263788,764,637,0
1764424263804,757,638,0
1764424263804,750,638,0
1764424263820,743,638,1
1764424263820,737,638,1
1764424263837,730,638,1
1764424263845,722,638,1
1764424263852,715,638,1
1764424263852,707,638,1
1764424263868,700,638,1
1764424263868,694,638,0
1764424263884,686,637,0
1764424263884,679,637,0
1764424263900,672,636,0
1764424263900,665,635,0
1764424263915,660,635,0
1764424263915,654,634,0
1764424263931,648,633,0
1764424263931,643,631,0
1764424263947,637,630,0
1764424263947,631,628,0
1764424263963,624,626,0
1764424263963,617,624,0
1764424263979,611,621,0
1764424263979,604,618,0
1764424263995,597,615,0
1764424263995,591,613,0
1764424264012,584,610,0
1764424264012,577,607,0
1764424264028,571,604,0
1764424264028,564,600,0
1764424264044,557,596,0
1764424264044,551,593,0
1764424264060,545,589,0
1764424264060,539,585,0
1764424264077,534,581,0
1764424264077,529,576,0
1764424264093,524,572,0
1764424264093,518,567,0
1764424264109,512,561,0
1764424264109,506,555,0
1764424264124,499,549,0
1764424264124,493,542,0
1764424264140,487,536,0
1764424264140,482,530,0
1764424264156,477,524,0
1764424264156,473,518,0
1764424264172,470,513,0
1764424264172,468,509,0
1764424264188,466,503,0
1764424264188,464,498,0
1764424264204,462,493,0
1764424264204,461,487,0
1764424264219,459,481,0
1764424264219,457,474,0
1764424264235,455,468,0
1764424264235,453,461,0
1764424264251,453,456,0
1764424264251,452,450,0
1764424264267,451,443,0
1764424264267,450,436,0
1764424264283,449,430,0
1764424264283,448,424,0
1764424264299,448,419,0
1764424264299,448,412,0
1764424264315,448,405,0
1764424264315,448,398,0
1764424264331,448,392,0
1764424264331,448,384,0
1764424264347,448,377,0
1764424264347,448,370,0
1764424264366,448,363,0
1764424264366,449,357,0
1764424264378,450,350,0
1764424264378,451,341,0
1764424264394,452,335,0
1764424264394,453,326,0
1764424264410,454,320,0
1764424264410,455,314,0
1764424264426,457,308,0
1764424264426,459,302,0
1764424264441,460,298,0
1764424264441,462,292,0
1764424264457,464,288,0
1764424264457,466,282,0
1764424264473,469,277,1
1764424264473,472,271,1
1764424264488,475,265,1
1764424264488,478,259,1
1764424264504,481,254,1
1764424264504,485,249,1
1764424264520,488,244,1
1764424264520,492,238,1
1764424264536,497,233,1
1764424264536,501,228,1
1764424264551,506,223,1
1764424264567,511,218,1
1764424264567,516,212,1
1764424264567,521,207,1
1764424264583,526,202,1
1764424264583,532,197,1
1764424264599,537,194,1
1764424264599,542,189,1
1764424264614,547,184,1
1764424264630,554,180,1
1764424264630,560,176,1
1764424264646,566,172,1
1764424264646,572,167,1
1764424264662,577,164,1
1764424264662,583,160,1
1764424264678,590,155,1
1764424264678,597,151,1
1764424264694,612,145,1
1764424264710,619,142,1
1764424264710,626,140,1
1764424264726,633,137,1
1764424264726,640,135,1
1764424264742,647,133,1
1764424264742,654,131,1
1764424264742,661,128,1
1764424264758,668,126,1
1764424264774,675,124,1
1764424264774,681,122,1
1764424264790,688,121,1
1764424264790,695,120,1
1764424264806,700,119,1
1764424264806,707,119,1
1764424264822,714,118,1
1764424264822,719,117,1
1764424264838,725,117,1
1764424264838,731,116,1
1764424264853,736,116,1
1764424264853,741,116,1
1764424264869,745,116,1
1764424264869,751,116,1
1764424264885,756,116,1
1764424264885,760,116,1
1764424264901,766,116,1
1764424264901,771,116,1
1764424264917,778,116,1
1764424264917,785,117,1
1764424264933,793,118,1
1764424264933,801,120,1
1764424264949,810,122,1
1764424264949,817,124,1
1764424264965,825,127,1
1764424264965,832,129,1
1764424264980,838,130,1
1764424264980,842,132,1
1764424264996,846,134,1
1764424264996,850,136,1
1764424265012,855,139,1
1764424265012,861,143,1
1764424265028,865,145,1
1764424265028,871,149,1
1764424265044,878,153,1
1764424265044,882,157,1
1764424265060,887,161,1
1764424265060,891,165,1
1764424265076,894,168,1
1764424265076,898,172,1
1764424265092,901,175,1
1764424265092,903,180,1
1764424265108,906,185,1
1764424265108,909,189,1
1764424265124,913,195,1
1764424265124,917,200,1
1764424265140,921,206,1
1764424265140,924,212,1
1764424265156,928,219,1
1764424265156,931,227,1
1764424265171,934,234,1
1764424265171,936,241,1
1764424265187,939,249,1
1764424265187,941,257,1
1764424265205,943,266,1
1764424265205,947,274,1
1764424265219,949,282,1
1764424265219,951,289,1
1764424265235,952,296,1
1764424265235,953,303,1
1764424265251,955,310,1
1764424265251,956,318,1
1764424265267,957,325,1
1764424265267,958,332,1
1764424265283,960,340,1
1764424265283,961,349,1
1764424265299,962,357,1
1764424265299,963,364,1
1764424265314,964,371,1
1764424265314,964,377,1
1764424265330,965,383,1
1764424265330,965,390,1
1764424265346,965,395,1
1764424265346,965,401,1
1764424265362,965,406,1
1764424265362,965,411,1
1764424265378,965,417,1
1764424265378,965,422,1
1764424265394,965,426,1
1764424265394,965,431,1
1764424265410,965,436,1
1764424265410,965,440,1
1764424265426,965,446,1
1764424265426,963,453,1
1764424265442,962,458,1
1764424265442,960,465,1
1764424265458,958,471,1
1764424265458,956,477,1
1764424265474,954,483,1
1764424265474,951,489,1
1764424265490,948,494,1
1764424265490,945,500,1
1764424265505,942,505,1
1764424265505,939,510,1
1764424265521,935,516,1
1764424265521,933,520,1
1764424265537,929,525,1
1764424265537,925,529,1
1764424265552,922,532,1
1764424265552,918,536,1
1764424265568,913,540,1
1764424265568,908,543,1
1764424265584,904,547,1
1764424265584,900,550,1
1764424265599,894,554,1
1764424265599,888,557,1
1764424265615,881,560,1
1764424265631,874,563,1
1764424265631,867,565,1
1764424265647,858,567,1
1764424265647,850,570,1
1764424265647,842,573,1
1764424265663,832,575,1
1764424265679,824,576,1
1764424265679,814,578,1
1764424265695,806,579,1
1764424265695,799,580,1
1764424265695,794,581,1
1764424265713,788,582,0
1764424265727,783,582,0
1764424265727,777,583,0
1764424265727,772,583,0
1764424265743,766,584,0
1764424265743,761,584,0
1764424265758,755,584,0
1764424265774,750,584,0
1764424265774,744,584,0
1764424265774,739,584,0
1764424265790,732,584,0
1764424265790,725,584,0
1764424265806,719,584,0
1764424265822,712,584,0
1764424265822,704,584,0
1764424265822,697,584,0
1764424265838,690,584,0
1764424265853,684,584,0
1764424265853,676,584,0
1764424265869,669,584,0
1764424265869,663,584,1
1764424265885,658,583,1
1764424265885,652,582,1
1764424265901,648,581,1
1764424265901,643,579,1
1764424265916,639,577,1
1764424265916,634,575,1
1764424265935,631,574,1
1764424265936,626,572,1
1764424265948,623,570,1
1764424265948,618,567,1
1764424265964,614,565,1
1764424265964,608,561,1
1764424265980,603,557,0
1764424265980,598,554,1
1764424265995,594,551,0
1764424265995,589,548,1
1764424266011,584,545,1
1764424266011,581,541,0
1764424266027,577,537,0
1764424266027,572,532,0
1764424266043,567,527,0
1764424266043,562,523,0
1764424266059,557,518,0
1764424266059,552,512,0
1764424266075,548,506,0
1764424266075,545,501,0
1764424266091,541,495,0
1764424266091,538,489,0
1764424266107,535,483,0
1764424266107,531,476,0
1764424266122,528,469,0
1764424266122,524,460,0
1764424266138,520,453,0
1764424266138,516,444,0
1764424266154,511,433,0
1764424266154,507,424,0
1764424266169,502,413,1
1764424266169,498,403,1
1764424266185,494,392,1
1764424266185,490,381,1
1764424266201,488,370,1
1764424266201,486,359,1
1764424266217,484,347,1
1764424266217,483,335,1
1764424266233,483,323,1
1764424266248,483,312,1
1764424266248,483,303,1
1764424266248,483,294,1
1764424266264,483,285,1
1764424266264,483,276,1
1764424266284,484,268,1
1764424266284,485,260,1
1764424266296,487,253,1
1764424266296,489,247,1
1764424266311,491,242,1
1764424266311,494,236,1
1764424266327,497,230,1
1764424266327,500,225,1
1764424266343,503,220,1
1764424266359,506,217,1
1764424266361,508,213,1
1764424266361,511,210,1
1764424266375,513,208,1
1764424266390,515,205,1
1764424266390,517,204,1
1764424266406,519,202,1
1764424266406,522,199,1
1764424266406,525,197,1
1764424266422,529,194,1
1764424266422,532,191,1
1764424266438,536,189,1
1764424266454,539,186,1
1764424266454,541,184,1
1764424266472,545,181,1
1764424266472,548,179,1
1764424266472,552,177,1
1764424266486,554,175,1
1764424266486,557,173,1
1764424266502,561,170,1
1764424266502,563,169,1
1764424266518,566,167,1
1764424266534,570,165,1
1764424266534,573,162,1
1764424266550,578,159,1
1764424266550,582,158,1
1764424266567,587,156,1
1764424266574,593,154,1
1764424266575,600,152,1
1764424266582,607,150,1
1764424266598,614,148,1
1764424266598,621,146,1
1764424266598,628,144,1
1764424266614,633,142,1
1764424266630,640,141,1
1764424266630,646,140,1
1764424266646,651,139,1
1764424266646,657,138,1
1764424266662,661,137,1
1764424266662,667,136,1
1764424266662,671,136,1
1764424266678,676,135,1
1764424266694,680,134,1
1764424266694,684,133,1
1764424266694,689,133,1
1764424266710,694,132,1
1764424266726,698,131,1
1764424266726,704,130,1
1764424266726,708,130,1
1764424266742,714,130,1
1764424266757,719,129,1
1764424266757,723,129,1
1764424266773,727,129,1
1764424266773,732,129,1
1764424266790,736,129,1
1764424266790,741,129,1
1764424266805,747,129,1
1764424266805,752,129,1
1764424266821,756,129,1
1764424266821,762,129,1
1764424266837,767,129,1
1764424266837,774,129,1
1764424266853,780,129,1
1764424266853,787,129,1
1764424266869,795,129,1
1764424266869,802,129,1
1764424266885,809,130,1
1764424266885,813,131,1
1764424266900,817,132,1
1764424266900,821,133,1
1764424266916,824,133,1
1764424266916,827,135,1
1764424266932,830,136,1
1764424266932,833,138,1
1764424266948,837,139,1
1764424266948,841,141,1
1764424266965,846,143,1
1764424266965,850,146,1
1764424266979,855,148,1
1764424266979,860,152,1
1764424266995,865,156,1
1764424266995,869,160,1
1764424267011,876,166,1
1764424267011,882,172,1
1764424267027,888,180,1
1764424267027,895,187,1
1764424267043,901,195,1
1764424267043,909,202,1
1764424267059,915,210,1
1764424267059,919,218,1
1764424267075,923,225,1
1764424267075,928,234,1
1764424267091,932,242,1
1764424267091,936,251,1
1764424267107,940,259,1
1764424267107,943,268,1
1764424267122,946,275,1
1764424267122,950,283,1
1764424267138,953,291,1
1764424267138,955,298,1
1764424267154,957,306,1
1764424267154,959,313,1
1764424267170,960,320,1
1764424267170,961,328,1
1764424267186,962,335,1
1764424267186,963,342,1
1764424267202,964,349,1
1764424267202,965,355,1
1764424267218,966,362,1
1764424267218,966,369,1
1764424267233,967,375,1
1764424267233,967,380,1
1764424267249,967,385,1
1764424267249,967,391,1
1764424267265,967,396,1
1764424267265,967,402,1
1764424267281,967,407,1
1764424267281,967,413,1
1764424267297,967,418,1
1764424267297,965,423,1
1764424267312,964,427,1
1764424267312,963,432,1
1764424267328,962,439,1
1764424267328,960,445,1
1764424267344,958,452,1
1764424267344,956,459,1
1764424267360,954,465,1
1764424267360,952,471,1
1764424267375,949,477,1
1764424267375,946,483,1
1764424267391,943,488,1
1764424267407,939,494,1
1764424267407,937,499,1
1764424267407,933,505,1
1764424267423,928,510,1
1764424267423,924,515,1
1764424267439,920,520,1
1764424267439,916,524,1
1764424267455,912,529,1
1764424267471,908,534,1
1764424267471,905,539,1
1764424267471,900,544,1
1764424267487,896,547,1
1764424267487,892,551,1
1764424267503,888,555,1
1764424267503,884,557,1
1764424267519,881,561,1
1764424267534,877,564,1
1764424267534,873,567,1
1764424267534,870,571,1
1764424267550,865,575,1
1764424267566,860,578,1
1764424267566,856,580,1
1764424267582,851,583,1
1764424267582,847,585,1
1764424267582,843,587,1
1764424267598,839,588,1
1764424267614,835,590,1
1764424267614,831,592,1
1764424267614,825,593,1
1764424267630,821,595,1
1764424267646,815,596,1
1764424267646,810,597,1
1764424267646,803,597,1
1764424267662,796,598,1
1764424267662,789,598,1
1764424267678,782,598,1
1764424267694,776,598,1
1764424267694,769,599,1
1764424267711,763,599,1
1764424267712,756,600,1
1764424267726,751,600,1
1764424267726,746,600,1
1764424267726,740,600,1
1764424267742,735,600,1
1764424267758,731,600,1
1764424267758,726,600,1
1764424267774,721,600,1
1764424267774,717,600,1
1764424267790,713,600,1
1764424267790,709,600,1
1764424267805,703,600,1
1764424267805,698,600,1
1764424267821,692,598,1
1764424267821,686,598,1
1764424267837,681,597,1
1764424267837,675,595,1
1764424267853,669,593,1
1764424267853,664,591,1
1764424267869,658,589,1
1764424267869,652,587,1
1764424267885,647,585,1
1764424267885,642,583,1
1764424267900,636,581,1
1764424267900,630,579,1
1764424267917,623,576,1
1764424267924,617,573,1
1764424267932,612,571,1
1764424267932,607,568,1
1764424267948,602,565,1
1764424267948,597,563,1
1764424267964,593,560,1
1764424267964,589,558,1
1764424267980,586,555,1
1764424267980,583,553,1
1764424267996,580,550,1
1764424267996,576,547,1
1764424268012,573,544,1
1764424268012,568,540,1
1764424268028,564,536,1
1764424268028,560,533,1
1764424268044,556,529,1
1764424268044,552,525,1
1764424268060,549,522,1
1764424268060,546,518,1
1764424268075,544,515,1
1764424268075,541,511,1
1764424268091,537,507,1
1764424268091,535,503,1
1764424268107,532,500,1
1764424268107,529,495,1
1764424268123,527,491,1
1764424268123,523,487,1
1764424268139,520,482,1
1764424268139,517,476,1
1764424268157,514,470,1
1764424268157,511,464,1
1764424268171,509,459,1
1764424268171,507,453,1
1764424268186,504,447,1
1764424268186,502,440,1
1764424268202,499,434,1
1764424268202,497,427,1
1764424268218,495,420,1
1764424268218,494,413,1
1764424268234,492,407,1
1764424268234,491,402,1
1764424268250,490,395,1
1764424268250,490,389,1
1764424268266,490,384,1
1764424268266,490,378,1
1764424268282,490,372,1
1764424268282,490,365,1
1764424268298,490,358,1
1764424268298,490,351,1
1764424268313,490,345,1
1764424268313,490,337,1
1764424268329,490,330,1
1764424268329,491,323,1
1764424268345,492,317,1
1764424268345,494,310,1
1764424268365,496,305,1
1764424268370,498,297,1
1764424268376,500,290,1
1764424268376,503,283,1
1764424268392,506,277,1
1764424268392,509,270,1
1764424268408,513,263,1
1764424268408,516,255,1
1764424268424,519,248,1
1764424268424,523,240,1
1764424268439,526,233,1
1764424268439,530,227,1
1764424268455,534,221,1
1764424268455,538,215,1
1764424268471,542,210,1
1764424268471,546,206,1
1764424268487,550,200,1
1764424268487,554,193,1
1764424268503,558,189,1
1764424268503,562,183,1
1764424268518,565,178,1
1764424268518,570,173,1
1764424268534,574,169,1
1764424268550,578,166,1
1764424268550,580,163,1
1764424268566,582,161,1
1764424268566,586,157,1
1764424268582,589,155,1
1764424268582,593,151,1
1764424268598,596,149,1
1764424268598,600,146,1
1764424268614,604,143,1
1764424268614,609,140,1
1764424268630,613,138,1
1764424268630,617,136,1
1764424268645,622,133,1
1764424268645,628,131,1
1764424268661,633,129,1
1764424268661,639,128,1
1764424268677,645,127,1
1764424268677,650,125,1
1764424268693,656,124,1
1764424268693,662,123,1
1764424268709,669,122,1
1764424268709,675,121,1
1764424268725,684,120,1
1764424268725,692,120,1
1764424268741,702,119,1
1764424268741,713,119,1
1764424268757,722,118,1
1764424268757,733,118,1
1764424268772,745,118,1
1764424268772,757,117,1
1764424268788,769,117,1
1764424268788,780,117,1
1764424268804,789,117,1
1764424268804,797,117,1
1764424268820,805,118,1
1764424268820,812,118,1
1764424268836,816,118,1
1764424268836,821,119,1
1764424268853,824,119,1
1764424268861,827,120,1
1764424268869,829,121,1
1764424268877,832,122,1
1764424268883,835,123,1
1764424268883,840,125,1
1764424268899,844,127,1
1764424268899,849,129,1
1764424268915,855,132,1
1764424268915,858,134,1
1764424268930,862,137,1
1764424268930,865,139,1
1764424268946,868,142,1
1764424268946,871,144,1
1764424268962,873,147,1
1764424268962,876,150,1
1764424268978,878,154,1
1764424268978,881,157,1
1764424268995,884,162,1
1764424268995,887,166,1
1764424269011,891,174,1
1764424269011,894,181,1
1764424269027,897,187,1
1764424269035,900,194,1
1764424269043,903,201,1
1764424269043,906,208,1
1764424269058,909,217,1
1764424269058,912,224,1
1764424269076,914,232,1
1764424269076,917,239,1
1764424269090,919,247,1
1764424269090,921,253,1
1764424269106,923,260,1
1764424269106,925,266,1
1764424269122,926,272,1
1764424269122,928,279,0
1764424269138,930,284,0
1764424269138,932,291,0
1764424269154,933,297,0
1764424269154,934,303,0
1764424269171,936,308,0
1764424269171,937,313,0
1764424269185,938,318,0
1764424269185,939,324,0
1764424269201,939,329,0
1764424269201,939,335,0
1764424269217,940,341,0
1764424269217,940,347,0
1764424269232,941,353,0
1764424269232,941,360,0
1764424269248,942,366,0
1764424269248,942,373,0
1764424269264,942,379,0
1764424269264,942,384,0
1764424269283,942,391,0
1764424269283,942,396,0
1764424269296,942,402,0
1764424269296,942,408,0
1764424269311,941,415,0
1764424269327,939,422,0
1764424269327,938,429,0
1764424269327,936,436,0
1764424269343,935,444,1
1764424269343,933,451,1
1764424269359,931,457,1
1764424269375,929,464,1
1764424269375,927,470,1
1764424269375,926,476,1
1764424269391,923,482,1
1764424269406,921,486,1
1764424269406,919,491,1
1764424269406,916,496,1
1764424269422,913,501,1
1764424269438,910,506,1
1764424269438,908,510,1
1764424269453,904,515,1
1764424269453,900,520,1
1764424269469,896,525,1
1764424269469,891,530,1
1764424269485,886,534,1
1764424269485,882,538,1
1764424269501,877,541,1
1764424269501,872,545,1
1764424269517,866,549,1
1764424269517,861,553,1
1764424269533,855,557,1
1764424269533,849,560,1
1764424269549,842,563,1
1764424269549,835,566,1
1764424269565,828,569,1
1764424269565,820,571,1
1764424269581,811,573,0
1764424269581,802,574,0
1764424269597,792,577,0
1764424269597,781,578,0
1764424269613,771,579,0
1764424269613,760,580,0
1764424269629,749,581,0
1764424269629,737,581,0
1764424269645,725,581,0
1764424269645,712,581,0
1764424269661,698,581,0
1764424269661,683,581,0
1764424269677,670,581,0
1764424269677,655,580,0
1764424269693,643,580,1
1764424269693,631,577,1
1764424269709,621,576,1
1764424269709,611,574,1
1764424269725,601,572,1
1764424269725,592,569,1
1764424269741,582,565,1
1764424269741,572,560,1
1764424269757,561,556,1
1764424269757,550,550,1
1764424269772,539,545,1
1764424269772,527,539,1
1764424269788,515,532,1
1764424269793,504,525,1
1764424269804,495,517,0
1764424269804,488,512,0
1764424269820,482,507,0
1764424269820,478,502,0
1764424269836,476,498,0
1764424269836,473,494,0
1764424269852,471,490,0
1764424269852,469,486,0
1764424269868,468,480,0
1764424269868,468,475,0
1764424269884,468,468,0
1764424269884,468,461,0
1764424269900,468,452,1
1764424269900,467,441,1
1764424269916,467,431,1
1764424269916,467,420,1
1764424269932,467,409,1
1764424269932,467,399,1
1764424269948,467,389,1
1764424269948,467,380,1
1764424269964,468,372,1
1764424269964,469,362,1
1764424269980,470,353,1
1764424269980,471,344,1
1764424269998,474,334,1
1764424270003,477,326,1
1764424270012,479,317,1
1764424270012,481,309,1
1764424270028,483,301,1
1764424270028,485,292,1
1764424270044,488,285,1
1764424270044,490,278,1
1764424270060,492,271,1
1764424270060,494,264,1
1764424270076,497,257,1
1764424270076,500,250,1
1764424270092,502,243,1
1764424270092,505,236,1
1764424270108,509,230,1
1764424270108,512,224,1
1764424270124,516,218,1
1764424270124,520,213,1
1764424270139,524,208,1
1764424270139,528,202,1
1764424270155,533,197,1
1764424270155,540,191,1
1764424270171,548,186,1
1764424270171,555,180,1
1764424270187,564,175,1
1764424270187,572,171,1
1764424270203,580,168,1
1764424270203,589,165,1
1764424270218,597,161,1
1764424270218,606,159,1
1764424270234,614,157,1
1764424270234,623,156,1
1764424270251,631,155,1
1764424270251,641,154,1
1764424270267,652,152,1
1764424270267,662,152,1
1764424270282,673,152,0
1764424270282,684,152,0
1764424270298,696,152,0
1764424270298,707,152,0
1764424270314,718,152,0
1764424270314,730,152,0
1764424270330,741,153,0
1764424270330,752,154,0
1764424270346,761,155,0
1764424270346,769,156,0
1764424270362,777,157,0
1764424270362,785,158,0
1764424270378,792,159,0
1764424270378,799,160,0
1764424270394,808,162,0
1764424270394,814,163,1
1764424270410,823,165,1
1764424270410,830,167,1
1764424270426,837,169,1
1764424270426,844,171,1
1764424270443,849,172,1
1764424270443,855,174,1
1764424270458,861,176,1
1764424270458,867,179,1
1764424270474,873,181,1
1764424270474,878,184,1
1764424270490,883,187,1
1764424270490,888,191,1
1764424270506,893,193,1
1764424270506,897,197,1
1764424270522,901,202,1
1764424270522,906,207,1
1764424270537,911,213,1
1764424270537,915,219,1
1764424270553,921,226,1
1764424270553,925,234,1
1764424270569,929,243,1
1764424270569,933,252,1
1764424270585,938,260,1
1764424270585,941,269,1
1764424270601,944,278,1
1764424270601,946,288,1
1764424270617,948,298,1
1764424270617,950,308,1
1764424270633,952,319,1
1764424270633,954,330,1
1764424270652,955,341,1
1764424270652,956,350,1
1764424270665,956,360,1
1764424270665,956,369,1
1764424270681,956,378,1
1764424270681,956,386,1
1764424270697,956,394,1
1764424270697,956,402,1
1764424270713,955,410,1
1764424270713,953,419,1
1764424270730,952,427,1
1764424270730,950,434,1
1764424270744,947,442,1
1764424270744,945,449,1
1764424270760,942,456,1
1764424270760,940,462,1
1764424270775,937,469,1
1764424270775,935,476,1
1764424270791,934,482,1
1764424270791,930,489,1
1764424270807,927,496,1
1764424270807,924,502,1
1764424270823,920,510,1
1764424270823,916,516,1
1764424270839,912,522,1
1764424270855,907,528,1
1764424270855,902,534,1
1764424270870,897,540,1
1764424270870,891,546,1
1764424270870,883,554,1
1764424270886,875,560,1
1764424270902,867,565,1
1764424270902,859,571,1
1764424270918,850,576,1
1764424270918,842,580,1
1764424270936,833,585,1
1764424270936,823,588,1
1764424270950,814,591,1
1764424270950,804,594,1
1764424270966,793,596,1
1764424270966,782,599,1
1764424270982,772,600,1
1764424270982,760,600,1
1764424270998,748,600,1
1764424270998,737,600,1
1764424270998,728,600,1
1764424271013,720,600,1
1764424271030,710,600,1
1764424271037,704,599,1
1764424271046,695,597,1
1764424271046,686,595,1
1764424271062,677,591,1
1764424271062,669,588,1
1764424271062,662,585,1
1764424271078,655,582,1
1764424271093,646,577,0
1764424271093,639,573,0
1764424271110,631,567,0
1764424271110,624,561,0
1764424271110,617,555,0
1764424271126,609,547,0
1764424271141,600,541,0
1764424271141,593,534,0
1764424271158,586,528,0
1764424271158,579,522,0
1764424271173,573,515,0
1764424271175,568,510,0
1764424271189,562,504,0
1764424271189,557,498,0
1764424271205,552,492,0
1764424271205,547,486,0
1764424271221,542,480,0
1764424271221,536,472,0
1764424271237,531,466,0
1764424271237,526,459,0
1764424271253,521,452,0
1764424271253,517,444,0
1764424271269,512,437,0
1764424271269,509,431,0
1764424271284,506,424,1
1764424271284,503,417,1
1764424271300,500,410,1
1764424271300,497,403,1
1764424271316,494,394,1
1764424271316,492,386,1
1764424271332,490,378,1
1764424271332,489,369,1
1764424271348,488,360,1
1764424271348,488,351,1
1764424271364,487,341,1
1764424271364,487,332,1
1764424271380,487,323,1
1764424271380,487,313,1
1764424271396,487,304,1
1764424271396,488,296,1
1764424271412,490,287,1
1764424271412,493,280,1
1764424271427,496,273,1
1764424271427,500,266,1
1764424271443,504,260,1
1764424271443,509,254,1
1764424271459,514,248,1
1764424271459,521,241,1
1764424271475,527,235,1
1764424271475,533,230,1
1764424271491,539,225,1
1764424271491,546,220,1
1764424271506,554,215,1
1764424271506,561,210,1
1764424271522,568,206,1
1764424271522,574,202,0
1764424271538,580,199,0
1764424271538,587,196,0
1764424271554,595,192,0
1764424271554,602,189,0
1764424271570,610,186,0
1764424271570,620,183,0
1764424271586,628,180,0
1764424271586,635,177,0
1764424271602,642,175,0
1764424271602,648,174,0
1764424271617,654,172,0
1764424271617,659,170,0
1764424271633,664,168,0
1764424271633,669,166,0
1764424271649,673,164,0
1764424271649,677,163,0
1764424271665,683,162,0
1764424271665,688,160,0
1764424271681,692,158,0
1764424271681,695,157,0
1764424271697,700,155,0
1764424271697,705,154,0
1764424271712,710,154,0
1764424271712,714,154,0
1764424271728,719,153,0
1764424271728,725,152,0
1764424271746,731,152,0
1764424271746,735,152,0
1764424271760,739,152,0
1764424271760,743,152,0
1764424271775,747,152,0
1764424271775,751,152,0
1764424271791,754,152,0
1764424271791,758,152,0
1764424271808,762,152,0
1764424271808,766,152,0
1764424271823,771,152,0
1764424271823,774,152,0
1764424271839,778,153,0
1764424271839,782,154,0
1764424271855,787,156,0
1764424271871,791,158,0
1764424271871,797,160,0
1764424271886,803,162,0
1764424271886,809,165,0
1764424271902,816,168,0
1764424271902,823,172,0
1764424271918,829,176,0
1764424271918,836,180,0
1764424271934,842,184,0
1764424271934,847,188,0
1764424271950,852,193,0
1764424271950,857,198,0
1764424271966,861,202,0
1764424271966,866,207,0
1764424271966,871,212,0
1764424271982,876,218,0
1764424271998,881,224,0
1764424271998,886,232,0
1764424272016,891,238,0
1764424272021,897,245,0
1764424272021,902,253,0
1764424272030,906,260,0
1764424272046,910,267,0
1764424272046,913,274,0
1764424272046,916,283,0
1764424272062,919,291,0
1764424272078,923,300,0
1764424272078,926,308,0
1764424272078,929,315,0
1764424272094,931,323,0
1764424272110,932,332,0
1764424272110,933,340,0
1764424272126,934,348,0
1764424272126,935,356,0
1764424272142,935,365,0
1764424272142,936,373,0
1764424272142,936,382,0
1764424272158,936,390,0
1764424272158,936,398,0
1764424272174,935,406,0
1764424272189,934,415,0
1764424272189,932,423,0
1764424272205,931,432,0
1764424272205,930,440,0
1764424272221,928,448,0
1764424272221,926,456,0
1764424272237,923,465,0
1764424272237,919,472,0
1764424272253,916,479,0
1764424272253,912,486,0
1764424272268,909,491,0
1764424272268,905,497,0
1764424272284,901,502,0
1764424272284,894,508,0
1764424272300,889,513,0
1764424272300,883,519,0
1764424272316,876,526,0
1764424272316,867,533,0
1764424272332,858,539,0
1764424272332,849,544,0
1764424272347,839,550,0
1764424272347,828,555,0
1764424272364,817,561,0
1764424272364,804,566,0
1764424272379,792,571,0
1764424272379,780,575,0
1764424272395,767,580,0
1764424272395,756,584,0
1764424272411,745,589,0
1764424272411,736,592,1
1764424272431,726,594,1
1764424272431,718,596,1
1764424272443,709,598,1
1764424272443,703,599,1
1764424272459,694,600,1
1764424272459,686,601,1
1764424272474,678,602,1
1764424272474,670,603,1
1764424272490,661,603,1
1764424272490,651,603,1
1764424272506,641,603,1
1764424272506,631,602,1
1764424272522,622,600,1
1764424272522,612,598,1
1764424272538,601,595,1
1764424272538,591,590,1
1764424272554,582,586,1
1764424272554,571,581,1
1764424272569,561,576,1
1764424272569,550,569,1
1764424272586,538,563,1
1764424272586,525,554,0
1764424272601,514,545,0
1764424272601,502,537,0
1764424272617,492,529,0
1764424272617,484,522,0
1764424272633,475,514,0
1764424272633,467,508,0
1764424272648,460,501,0
1764424272648,455,495,0
1764424272664,451,489,0
1764424272664,447,483,0
1764424272680,443,477,0
1764424272680,441,471,0
1764424272696,439,467,0
1764424272696,437,461,0
1764424272712,437,456,0
1764424272712,436,450,0
1764424272728,436,444,0
1764424272728,436,438,0
1764424272743,436,430,0
1764424272743,436,422,0
1764424272759,436,414,0
1764424272759,436,404,0
1764424272775,437,395,0
1764424272775,439,385,0
1764424272791,443,376,0
1764424272791,446,365,0
1764424272807,449,354,0
1764424272822,452,343,0
1764424272824,457,332,1
1764424272838,460,321,1
1764424272838,465,310,1
1764424272854,469,299,1
1764424272854,473,289,1
1764424272854,478,279,1
1764424272870,482,270,1
1764424272886,487,260,1
1764424272886,492,251,1
1764424272902,496,244,1
1764424272902,500,237,1
1764424272902,504,231,1
1764424272918,507,226,1
1764424272934,511,220,1
1764424272934,515,215,1
1764424272950,517,212,1
1764424272950,521,207,1
1764424272966,525,202,1
1764424272966,530,197,1
1764424272982,535,193,1
1764424272982,541,188,1
1764424272998,547,183,1
1764424272998,553,178,1
1764424272998,560,174,1
1764424273014,567,171,1
1764424273029,573,168,1
1764424273029,579,165,1
1764424273045,585,163,1
1764424273045,591,160,1
1764424273061,597,157,1
1764424273061,603,155,1
1764424273077,610,152,1
1764424273077,617,150,1
1764424273092,625,147,1
1764424273092,633,145,1
1764424273108,643,142,1
1764424273108,653,139,1
1764424273124,662,136,1
1764424273124,673,134,1
1764424273140,683,132,1
1764424273140,691,132,1
1764424273156,700,131,1
1764424273156,708,131,1
1764424273173,718,131,1
1764424273173,726,131,1
1764424273188,734,131,1
1764424273188,742,131,1
1764424273204,750,131,1
1764424273204,759,131,1
1764424273220,767,132,1
1764424273220,777,134,1
1764424273236,788,136,1
1764424273236,798,140,1
1764424273252,809,143,1
1764424273252,820,147,1
1764424273268,830,151,1
1764424273268,839,155,1
1764424273284,846,158,1
1764424273284,853,162,1
1764424273300,859,166,1
1764424273307,865,170,1
1764424273315,871,175,1
1764424273315,876,179,1
1764424273331,881,183,1
1764424273331,884,186,1
1764424273347,888,191,1
1764424273347,891,196,1
1764424273363,895,201,1
1764424273363,899,207,1
1764424273381,903,213,1
1764424273386,907,220,1
1764424273394,911,226,1
1764424273394,915,233,1
1764424273411,919,239,1
1764424273411,923,245,1
1764424273427,926,252,1
1764424273427,929,258,1
1764424273443,932,264,1
1764424273443,935,271,1
1764424273458,937,278,1
1764424273458,939,285,1
1764424273474,940,292,1
1764424273474,941,299,1
1764424273490,942,306,1
1764424273490,943,314,1
1764424273506,944,322,1
1764424273506,945,331,1
1764424273522,946,339,1
1764424273522,946,345,1
1764424273538,946,354,0
1764424273538,946,362,0
1764424273554,946,370,0
1764424273554,944,379,0
1764424273570,942,389,0
1764424273570,942,398,0
1764424273585,940,406,0
1764424273585,938,415,0
1764424273601,936,423,0
1764424273601,934,431,0
1764424273617,932,439,0
1764424273617,930,448,0
1764424273633,926,456,0
1764424273633,923,465,0
1764424273649,920,472,0
1764424273649,917,479,0
1764424273665,914,486,1
1764424273665,911,492,1
1764424273681,908,498,1
1764424273681,904,504,1
1764424273697,900,510,1
1764424273697,897,514,1
1764424273713,894,519,1
1764424273713,890,523,1
1764424273729,886,527,1
1764424273729,881,531,1
1764424273745,878,535,1
1764424273745,873,539,1
1764424273760,868,543,1
1764424273760,864,546,1
1764424273776,859,549,1
1764424273776,853,552,1
1764424273792,848,555,1
1764424273792,842,558,1
1764424273808,836,561,0
1764424273808,829,563,0
1764424273824,824,565,0
1764424273824,817,567,0
1764424273840,809,570,0
1764424273855,804,572,0
1764424273855,797,574,0
1764424273871,788,576,0
1764424273871,780,578,0
1764424273887,772,580,0
1764424273887,763,582,0
1764424273903,755,583,0
1764424273903,747,584,0
1764424273919,739,585,0
1764424273919,731,586,0
1764424273919,723,587,0
1764424273935,716,588,0
1764424273935,709,588,0
1764424273950,701,588,0
1764424273966,693,588,0
1764424273966,686,588,0
1764424273982,678,588,1
1764424273982,670,588,1
1764424273998,661,588,1
1764424273998,653,588,1
1764424274014,645,588,1
1764424274014,638,587,1
1764424274014,630,585,1
1764424274029,621,584,1
1764424274045,614,582,1
1764424274045,607,580,1
1764424274061,600,578,1
1764424274061,595,576,1
1764424274077,589,574,1
1764424274077,583,571,1
1764424274093,577,567,1
1764424274093,571,563,1
1764424274109,565,558,1
1764424274109,560,554,1
1764424274125,555,550,1
1764424274125,550,545,1
1764424274141,546,540,1
1764424274141,542,535,1
1764424274157,538,529,1
1764424274157,534,523,1
1764424274172,531,518,1
1764424274172,527,512,1
1764424274188,524,506,1
1764424274188,522,501,1
1764424274204,520,495,1
1764424274204,518,489,1
1764424274220,516,482,1
1764424274220,514,476,1
1764424274236,511,469,1
1764424274236,509,462,1
1764424274252,507,455,1
1764424274252,506,448,1
1764424274268,506,441,1
1764424274268,506,435,1
1764424274284,505,428,1
1764424274284,505,421,1
1764424274300,505,414,0
1764424274300,505,408,0
1764424274316,505,401,0
1764424274316,505,394,0
1764424274332,505,387,0
1764424274332,506,381,0
1764424274348,507,374,0
1764424274348,509,365,0
1764424274364,512,357,0
1764424274364,514,347,0
1764424274379,517,338,0
1764424274379,521,329,0
1764424274395,524,321,0
1764424274395,527,314,0
1764424274411,530,307,0
1764424274411,533,298,0
1764424274427,536,291,0
1764424274427,539,284,0
1764424274443,542,277,0
1764424274443,545,270,0
1764424274459,547,264,0
1764424274459,550,258,0
1764424274475,552,254,0
1764424274475,554,249,0
1764424274491,557,244,0
1764424274491,558,240,0
1764424274506,561,235,0
1764424274506,563,231,0
1764424274524,566,226,0
1764424274524,569,221,0
1764424274538,572,216,0
1764424274538,575,213,0
1764424274554,578,208,0
1764424274554,581,205,0
1764424274570,585,201,0
1764424274570,589,197,0
1764424274586,592,195,0
1764424274586,597,191,0
1764424274601,602,188,0
1764424274601,606,185,0
1764424274617,614,181,0
1764424274617,619,178,0
1764424274633,625,175,0
1764424274633,631,172,0
1764424274648,637,170,0
1764424274648,642,169,0
1764424274664,647,167,0
1764424274664,653,165,0
1764424274680,659,164,0
1764424274680,663,162,0
1764424274696,668,161,0
1764424274696,673,159,0
1764424274712,679,158,0
1764424274712,683,158,0
1764424274731,687,158,0
1764424274731,693,158,0
1764424274743,698,157,0
1764424274743,704,156,0
1764424274759,710,155,0
1764424274759,716,155,0
1764424274775,724,155,0
1764424274791,731,155,0
1764424274791,739,155,0
1764424274807,747,155,0
1764424274807,755,155,0
1764424274822,763,155,0
1764424274822,770,155,0
1764424274838,777,155,0
1764424274838,783,155,0
1764424274854,790,156,0
1764424274854,796,157,0
1764424274854,802,159,0
1764424274870,809,161,1
1764424274886,816,163,1
1764424274886,823,165,1
1764424274902,828,166,1
1764424274902,834,169,1
1764424274918,840,172,1
1764424274918,846,175,1
1764424274918,852,179,1
1764424274934,858,183,1
1764424274949,863,187,1
1764424274949,869,191,1
1764424274965,874,195,1
1764424274965,879,200,1
1764424274982,884,205,1
1764424274982,889,210,1
1764424274998,894,215,1
1764424274998,899,221,1
1764424275014,904,227,1
1764424275014,909,233,1
1764424275014,914,240,1
1764424275030,919,248,1
1764424275045,923,255,1
1764424275045,928,262,1
1764424275061,932,271,1
1764424275061,935,278,1
1764424275077,938,285,1
1764424275077,941,292,1
1764424275093,943,299,1
1764424275093,945,305,1
1764424275108,947,312,1
1764424275108,949,319,1
1764424275124,951,326,1
1764424275124,953,333,1
1764424275140,954,341,1
1764424275140,955,349,1
1764424275156,956,356,1
1764424275156,956,364,1
1764424275172,956,371,1
1764424275172,956,379,1
1764424275188,956,387,1
1764424275188,956,395,1
1764424275204,955,403,1
1764424275204,954,413,1
1764424275220,953,421,1
1764424275220,952,429,1
1764424275236,951,437,1
1764424275236,949,446,1
1764424275251,947,453,1
1764424275251,945,460,1
1764424275268,943,465,1
1764424275268,941,471,1
1764424275283,939,476,1
1764424275283,936,480,1
1764424275299,933,486,1
1764424275299,931,491,1
1764424275315,928,496,1
1764424275315,925,500,1
1764424275331,922,505,1
1764424275331,919,510,1
1764424275347,916,514,1
1764424275347,912,518,1
1764424275363,908,523,1
1764424275363,903,527,1
1764424275379,898,532,1
1764424275379,892,536,1
1764424275395,885,541,1
1764424275395,879,545,1
1764424275411,870,549,1
1764424275411,862,553,1
1764424275427,852,557,1
1764424275427,843,560,1
1764424275443,833,563,0
1764424275443,825,566,0
1764424275459,815,569,0
1764424275459,807,571,0
1764424275475,798,574,0
1764424275475,790,577,0
1764424275491,782,579,0
1764424275491,773,581,0
1764424275506,765,583,0
1764424275506,757,585,0
1764424275522,748,587,0
1764424275522,740,588,0
1764424275538,732,589,0
1764424275538,723,590,0
1764424275554,715,591,0
1764424275554,707,591,0
1764424275570,700,592,1
1764424275570,693,592,1
1764424275586,686,593,1
1764424275586,679,593,1
1764424275602,673,593,1
1764424275602,666,593,1
1764424275618,659,593,1
1764424275618,651,593,1
1764424275634,642,593,1
1764424275634,632,593,1
1764424275649,624,593,1
1764424275649,615,592,1
1764424275665,604,590,1
1764424275665,593,588,1
1764424275681,584,587,1
1764424275681,574,585,1
1764424275697,566,581,1
1764424275697,559,579,1
1764424275713,552,577,1
1764424275713,546,574,0
1764424275729,540,572,0
1764424275729,536,570,0
1764424275746,531,567,0
1764424275746,526,564,0
1764424275760,523,560,0
1764424275760,518,557,0
1764424275776,514,552,0
1764424275776,510,547,0
1764424275792,506,542,0
1764424275808,502,536,0
1764424275808,498,531,0
1764424275808,495,525,0
1764424275823,493,521,0
1764424275839,491,516,0
1764424275839,489,512,0
1764424275855,488,507,0
1764424275855,487,502,0
1764424275855,485,496,1
1764424275871,484,490,1
1764424275871,484,485,1
1764424275887,482,478,1
1764424275887,481,470,1
1764424275903,480,462,1
1764424275903,479,454,1
1764424275919,479,444,1
1764424275919,478,435,1
1764424275935,478,425,1
1764424275951,477,416,1
1764424275951,476,407,1
1764424275967,476,397,1
1764424275967,476,388,1
1764424275967,476,380,1
1764424275983,476,372,1
1764424275998,476,364,1
1764424275998,476,356,1
1764424275998,476,349,1
1764424276014,476,341,1
1764424276030,476,334,1
1764424276030,476,328,1
1764424276046,477,322,1
1764424276046,477,317,1
1764424276046,478,311,1
1764424276062,479,305,1
1764424276062,480,300,1
1764424276078,481,294,1
1764424276093,482,289,1
1764424276100,484,283,1
1764424276109,485,278,1
1764424276109,487,274,1
1764424276125,489,270,1
1764424276125,491,267,1
1764424276141,492,264,1
1764424276141,495,259,1
1764424276157,497,255,1
1764424276157,500,249,1
1764424276175,504,243,1
1764424276177,508,238,1
1764424276188,512,232,1
1764424276188,517,227,1
1764424276204,521,222,1
1764424276204,526,217,1
1764424276220,531,212,1
1764424276220,536,207,1
1764424276236,542,202,1
1764424276236,548,198,1
1764424276252,554,194,1
1764424276252,560,190,1
1764424276268,568,186,1
1764424276268,574,182,1
1764424276284,581,178,1
1764424276284,588,175,1
1764424276300,596,172,1
1764424276300,605,168,1
1764424276316,613,165,1
1764424276316,622,163,1
1764424276332,630,161,1
1764424276332,637,159,1
1764424276348,643,157,1
1764424276348,648,156,1
1764424276364,654,155,0
1764424276364,658,155,0
1764424276380,662,155,0
1764424276380,666,155,0
1764424276396,671,154,0
1764424276396,676,153,0
1764424276411,682,152,0
1764424276411,688,151,0
1764424276427,694,151,0
1764424276427,701,151,0
1764424276443,708,150,0
1764424276443,716,150,0
1764424276459,723,150,0
1764424276459,729,150,0
1764424276475,736,150,0
1764424276475,742,150,0
1764424276491,747,150,0
1764424276491,752,150,0
1764424276507,758,150,0
1764424276507,763,150,0
1764424276522,770,150,0
1764424276522,777,150,1
1764424276539,784,151,1
1764424276539,790,152,1
1764424276554,797,153,1
1764424276554,804,155,1
1764424276570,811,157,1
1764424276570,817,159,1
1764424276586,823,162,1
1764424276586,830,165,1
1764424276602,837,168,1
1764424276602,844,171,1
1764424276617,852,175,1
1764424276617,859,178,1
1764424276633,865,181,1
1764424276633,871,185,1
1764424276649,877,188,1
1764424276649,884,191,1
1764424276665,890,194,1
1764424276665,894,197,1
1764424276681,899,200,1
1764424276681,903,202,1
1764424276696,906,206,1
1764424276696,910,209,1
1764424276712,913,213,1
1764424276712,917,217,1
1764424276728,921,220,1
1764424276728,923,224,1
1764424276744,925,227,1
1764424276744,927,230,1
1764424276759,929,235,1
1764424276759,932,241,1
1764424276775,934,247,1
1764424276775,937,254,1
1764424276791,939,261,1
1764424276807,942,268,1
1764424276807,944,276,1
1764424276823,945,286,1
1764424276823,947,297,1
1764424276839,948,307,1
1764424276839,948,318,1
1764424276855,948,328,1
1764424276855,948,340,1
1764424276855,947,352,1
1764424276871,944,362,0
1764424276886,942,372,0
1764424276886,941,381,0
1764424276886,940,390,0
1764424276902,938,399,0
1764424276918,937,407,0
1764424276918,936,414,0
1764424276934,935,421,0
1764424276934,934,428,0
1764424276950,932,433,0
1764424276950,930,439,0
1764424276966,929,445,0
1764424276966,927,450,0
1764424276982,927,456,0
1764424276982,925,462,0
1764424276998,923,468,0
1764424276998,921,473,1
1764424276998,919,479,1
1764424277014,917,484,1
1764424277030,915,489,1
1764424277030,913,494,1
1764424277046,910,499,1
1764424277046,908,503,1
1764424277061,905,508,1
1764424277061,901,514,1
1764424277061,897,519,1
1764424277077,893,522,1
1764424277093,888,527,1
1764424277093,884,532,1
1764424277109,879,536,1
1764424277109,874,541,1
1764424277125,868,546,1
1764424277125,860,550,1
1764424277141,853,554,1
1764424277141,847,559,1
1764424277157,840,564,1
1764424277157,833,568,1
1764424277173,825,572,1
1764424277173,818,576,1
1764424277189,811,580,1
1764424277189,804,583,1
1764424277205,797,586,1
1764424277205,791,589,1
1764424277221,784,591,1
1764424277221,778,593,1
1764424277236,772,595,1
1764424277236,766,597,1
1764424277254,761,599,1
1764424277254,755,601,1
1764424277268,749,602,1
1764424277268,744,603,1
1764424277284,737,604,1
1764424277284,730,605,1
1764424277300,722,605,1
1764424277300,712,605,1
1764424277316,702,605,1
1764424277316,691,603,1
1764424277332,680,600,1
1764424277332,668,597,1
1764424277348,656,594,1
1764424277348,643,589,1
1764424277364,629,583,1
1764424277364,614,577,1
1764424277380,603,572,1
1764424277380,591,566,1
1764424277396,581,561,1
1764424277396,573,555,1
1764424277412,564,549,1
1764424277412,556,542,1
1764424277428,549,536,1
1764424277428,541,527,1
1764424277444,533,518,1
1764424277444,525,510,1
1764424277462,517,500,1
1764424277469,510,491,1
1764424277476,503,483,1
1764424277476,497,476,1
1764424277492,492,469,1
1764424277492,486,460,1
1764424277508,482,452,1
1764424277508,479,444,1
1764424277524,476,437,1
1764424277524,473,430,1
1764424277540,471,423,1
1764424277540,469,416,1
1764424277556,469,411,1
1764424277556,468,405,1
1764424277572,468,400,1
1764424277572,468,394,1
1764424277588,468,387,1
1764424277588,468,381,1
1764424277604,468,373,1
1764424277604,468,365,1
1764424277620,469,357,1
1764424277620,470,348,1
1764424277636,471,340,1
1764424277636,473,333,1
1764424277651,475,327,1
1764424277651,477,322,1
1764424277667,479,316,1
1764424277667,481,310,1
1764424277683,482,304,1
1764424277683,485,298,1
1764424277699,487,293,1
1764424277699,490,286,1
1764424277715,493,278,1
1764424277715,496,271,1
1764424277732,500,263,1
1764424277732,503,256,1
1764424277748,507,248,1
1764424277748,510,244,1
1764424277764,511,239,1
1764424277764,514,235,1
1764424277779,517,231,1
1764424277779,519,228,1
1764424277796,522,224,1
1764424277796,525,220,1
1764424277812,528,215,1
1764424277812,532,210,1
1764424277828,535,205,1
1764424277828,539,200,1
1764424277843,543,196,1
1764424277843,548,191,1
1764424277859,553,186,1
1764424277859,556,182,1
1764424277875,561,178,1
1764424277875,565,175,1
1764424277891,568,172,1
1764424277891,572,170,1
1764424277907,576,168,1
1764424277907,580,166,1
1764424277923,584,164,1
1764424277923,589,162,1
1764424277939,595,159,1
1764424277939,601,157,1
1764424277955,608,153,1
1764424277955,616,151,1
1764424277971,624,149,1
1764424277971,632,148,1
1764424277987,641,147,1
1764424277987,649,147,1
1764424278003,657,146,1
1764424278003,666,145,1
1764424278019,676,144,1
1764424278019,684,144,1
1764424278036,694,143,1
1764424278036,705,142,1
1764424278051,715,141,1
1764424278051,725,141,1
1764424278067,737,141,1
1764424278067,750,141,1
1764424278083,764,141,1
1764424278083,777,141,1
1764424278099,790,141,1
1764424278099,802,141,1
1764424278116,813,142,1
1764424278116,822,143,1
1764424278131,830,144,1
1764424278131,837,145,1
1764424278147,844,146,1
1764424278147,850,148,1
1764424278163,856,150,1
1764424278163,860,152,1
1764424278179,865,154,1
1764424278179,871,156,1
1764424278195,876,159,1
1764424278195,882,162,1
1764424278211,887,166,1
1764424278211,893,171,1
1764424278227,898,175,1
1764424278227,903,180,1
1764424278242,908,185,1
1764424278242,913,191,1
1764424278258,918,197,1
1764424278258,923,203,1
1764424278274,928,211,1
1764424278274,933,218,1
1764424278290,937,225,1
1764424278290,940,234,1
1764424278306,945,242,1
1764424278306,950,252,1
1764424278322,954,262,1
1764424278322,957,270,1
1764424278338,960,280,1
1764424278338,962,289,1
1764424278354,966,299,1
1764424278354,968,309,1
1764424278370,970,318,1
1764424278370,971,328,1
1764424278386,972,337,1
1764424278386,972,346,1
1764424278402,972,356,1
1764424278402,972,364,1
1764424278417,971,372,1
1764424278417,969,380,1
1764424278433,967,388,1
1764424278433,965,397,1
1764424278449,963,404,1
1764424278449,960,411,1
1764424278469,958,417,1
1764424278469,956,422,1
1764424278484,953,430,1
1764424278484,949,437,1
1764424278496,945,443,1
1764424278496,941,450,1
1764424278512,935,456,1
1764424278512,930,462,1
1764424278528,925,468,1
1764424278528,919,475,0
1764424278543,912,481,0
1764424278559,904,487,0
1764424278559,897,494,0
1764424278575,889,500,0
1764424278575,882,507,0
1764424278591,874,512,0
1764424278591,866,517,0
1764424278606,859,521,0
1764424278606,851,525,0
1764424278606,845,530,0
1764424278624,839,534,0
1764424278638,833,538,0
1764424278638,827,540,0
1764424278654,822,543,0
1764424278654,816,546,0
1764424278670,810,548,0
1764424278670,804,551,0
1764424278685,797,553,0
1764424278685,791,555,0
1764424278701,785,557,0
1764424278701,778,560,0
1764424278717,771,562,0
1764424278717,765,564,0
1764424278733,760,566,0
1764424278733,754,568,0
1764424278748,748,570,0
1764424278748,742,572,0
1764424278764,737,574,0
1764424278764,731,576,0
1764424278780,725,578,0
1764424278780,718,579,0
1764424278796,713,579,0
1764424278796,707,581,0
1764424278812,701,582,0
1764424278812,696,583,0
1764424278829,690,584,0
1764424278829,683,585,0
1764424278843,678,586,0
1764424278843,672,586,0
1764424278859,668,586,1
1764424278859,664,586,1
1764424278875,658,586,1
1764424278875,653,584,1
1764424278891,647,582,1
1764424278891,640,579,1
1764424278907,631,575,1
1764424278907,622,572,1
1764424278923,612,567,1
1764424278923,601,562,1
1764424278939,590,554,1
1764424278939,576,544,1
1764424278954,564,535,1
1764424278954,554,526,1
1764424278971,546,517,1
1764424278971,537,508,1
1764424278986,529,500,1
1764424278986,524,491,1
1764424279002,519,482,1
1764424279002,515,475,1
1764424279019,512,467,1
1764424279019,510,459,1
1764424279035,509,450,1
1764424279035,509,441,1
1764424279051,509,432,0
1764424279051,509,421,0
1764424279068,509,410,0
1764424279068,509,400,0
1764424279084,509,389,0
1764424279084,509,379,0
1764424279099,509,368,0
1764424279099,509,357,0
1764424279115,509,347,0
1764424279115,509,336,0
1764424279131,509,325,0
1764424279131,510,315,0
1764424279147,511,305,0
1764424279147,512,295,0
1764424279163,513,284,1
1764424279163,514,273,1
1764424279179,515,262,1
1764424279179,518,253,1
1764424279195,519,246,1
1764424279195,521,240,1
1764424279211,522,236,1
1764424279211,523,232,1
1764424279227,524,229,1
1764424279227,526,225,1
1764424279242,527,220,1
1764424279242,530,216,1
1764424279258,533,211,1
1764424279258,537,206,1
1764424279274,542,201,1
1764424279274,547,196,1
1764424279290,552,191,1
1764424279290,556,188,1
1764424279306,564,183,1
1764424279306,571,179,1
1764424279322,578,176,1
1764424279322,585,172,1
1764424279338,593,169,1
1764424279338,600,166,1
1764424279354,608,163,1
1764424279354,616,161,1
1764424279369,626,159,1
1764424279369,634,156,1
1764424279385,644,153,1
1764424279385,653,152,1
1764424279401,662,151,1
1764424279401,670,151,0
1764424279417,679,150,0
1764424279417,688,149,0
1764424279433,698,148,0
1764424279433,707,147,0
1764424279449,717,146,0
1764424279449,727,146,0
1764424279465,738,146,0
1764424279465,750,146,0
1764424279481,762,146,1
1764424279481,773,146,1
1764424279497,782,146,1
1764424279497,790,147,1
1764424279513,797,147,1
1764424279513,802,148,1
1764424279528,807,149,1
1764424279528,811,151,1
1764424279544,817,153,1
1764424279544,821,153,1
1764424279560,827,155,1
1764424279560,833,157,1
1764424279576,839,159,1
1764424279576,844,161,1
1764424279592,850,164,1
1764424279592,857,167,1
1764424279608,866,170,1
1764424279608,874,175,1
1764424279623,883,179,1
1764424279623,890,183,1
1764424279639,896,187,1
1764424279639,902,191,1
1764424279655,908,195,1
1764424279655,913,199,1
1764424279671,918,203,1
1764424279671,921,206,1
1764424279687,926,212,1
1764424279687,931,217,1
1764424279702,935,222,1
1764424279702,939,227,1
1764424279718,943,232,1
1764424279734,947,239,1
1764424279734,950,247,1
1764424279750,953,256,1
1764424279750,956,263,1
1764424279750,958,271,1
1764424279766,961,281,1
1764424279766,963,290,1
1764424279782,965,300,1
1764424279782,967,311,1
1764424279798,968,322,1
1764424279798,969,332,1
1764424279814,969,343,1
1764424279814,969,352,1
1764424279830,969,363,1
1764424279846,969,372,1
1764424279846,969,383,1
1764424279846,969,393,1
1764424279862,968,403,1
1764424279862,968,412,1
1764424279877,967,420,1
1764424279893,965,429,1
1764424279893,964,437,1
1764424279909,962,444,1
1764424279909,960,451,1
1764424279925,958,458,1
1764424279925,956,464,1
1764424279941,954,469,1
1764424279941,951,475,1
1764424279957,949,481,1
1764424279957,946,487,1
1764424279973,943,493,1
1764424279973,940,498,1
1764424279990,935,504,1
1764424279990,930,510,1
1764424280005,925,516,1
1764424280005,918,522,1
1764424280020,910,529,1
1764424280020,902,535,1
1764424280037,893,542,1
1764424280037,883,548,1
1764424280052,875,554,1
1764424280052,865,560,1
1764424280069,855,566,1
1764424280069,845,571,1
1764424280085,835,577,1
1764424280085,825,581,1
1764424280100,816,585,1
1764424280100,805,590,1
1764424280116,796,593,1
1764424280116,788,596,1
1764424280132,781,599,1
1764424280132,773,602,1
1764424280148,768,604,1
1764424280148,762,606,1
1764424280164,756,608,1
1764424280164,750,611,1
1764424280180,745,613,1
1764424280180,736,614,1
1764424280196,729,615,1
1764424280199,723,616,1
1764424280212,716,617,1
1764424280212,709,617,1
1764424280228,701,617,1
1764424280228,694,617,1
1764424280244,686,617,1
1764424280244,677,616,1
1764424280260,667,614,1
1764424280260,656,611,1
1764424280275,645,608,1
1764424280275,636,605,1
1764424280291,626,601,1
1764424280291,616,597,1
1764424280307,607,593,1
1764424280307,597,588,1
1764424280323,587,581,1
1764424280323,577,573,1
1764424280339,567,565,1
1764424280339,557,556,1
1764424280355,547,548,1
1764424280355,537,537,1
1764424280370,525,527,1
1764424280370,516,518,1
1764424280386,508,509,1
1764424280386,503,503,1
1764424280402,499,497,1
1764424280402,496,491,1
1764424280418,494,487,1
1764424280418,493,481,1
1764424280434,491,475,1
1764424280434,489,469,1
1764424280450,488,462,1
1764424280450,487,456,1
1764424280466,486,447,1
1764424280466,486,439,1
1764424280482,485,430,1
1764424280482,485,419,1
1764424280498,485,409,1
1764424280498,485,397,1
1764424280514,485,385,1
1764424280514,485,374,1
1764424280529,485,365,1
1764424280529,485,357,1
1764424280545,486,349,1
1764424280545,487,341,1
1764424280561,488,332,1
1764424280561,490,325,1
1764424280577,492,317,1
1764424280577,494,308,1
1764424280592,497,297,1
1764424280592,500,286,1
1764424280608,504,275,1
1764424280608,508,264,1
1764424280624,513,254,1
1764424280624,516,246,1
1764424280639,519,237,1
1764424280639,522,230,1
1764424280655,526,223,1
1764424280655,529,217,1
1764424280671,533,211,1
1764424280671,537,205,1
1764424280687,542,199,1
1764424280687,547,193,1
1764424280702,552,186,1
1764424280718,556,182,1
1764424280718,561,177,1
1764424280734,566,173,1
1764424280734,569,169,1
1764424280750,574,165,1
1764424280750,580,161,1
1764424280766,586,157,1
1764424280766,592,154,1
1764424280766,598,151,1
1764424280782,604,149,1
1764424280782,610,147,1
1764424280798,616,145,1
1764424280798,621,143,1
1764424280814,627,141,1
1764424280814,633,139,1
1764424280829,640,137,1
1764424280829,646,135,1
1764424280845,653,134,1
1764424280861,661,132,1
1764424280861,669,130,1
1764424280861,677,129,1
1764424280877,687,128,1
1764424280877,695,127,1
1764424280893,703,127,1
1764424280909,710,127,1
1764424280909,716,127,1
1764424280925,723,127,1
1764424280925,730,127,1
1764424280925,737,127,1
1764424280941,743,127,1
1764424280941,753,128,1
1764424280960,761,129,1
1764424280973,769,131,1
1764424280973,777,133,1
1764424280989,787,136,1
1764424280989,795,138,1
1764424281005,804,140,1
1764424281005,812,142,1
1764424281021,820,146,1
1764424281021,827,149,1
1764424281037,835,152,1
1764424281037,843,156,1
1764424281052,850,160,1
1764424281052,856,164,1
1764424281068,862,168,1
1764424281068,867,171,1
1764424281085,872,175,1
1764424281085,877,180,1
1764424281100,882,184,1
1764424281100,887,188,1
1764424281116,891,193,1
1764424281116,895,198,1
1764424281132,900,204,1
1764424281132,906,212,1
1764424281148,911,219,1
1764424281148,916,226,1
1764424281164,920,234,1
1764424281164,924,241,1
1764424281180,930,249,1
1764424281180,934,259,1
1764424281196,938,268,1
1764424281196,942,276,1
1764424281211,945,286,1
1764424281211,948,295,1
1764424281227,950,304,1
1764424281227,952,312,1
1764424281243,954,320,1
1764424281243,957,330,1
1764424281259,960,340,1
1764424281259,963,349,1
1764424281275,965,357,1
1764424281275,967,366,1
1764424281290,969,374,1
1764424281290,971,381,1
1764424281306,972,388,1
1764424281306,973,394,1
1764424281322,973,399,1
1764424281322,973,404,1
1764424281340,974,410,1
1764424281340,974,415,1
1764424281354,974,420,1
1764424281354,974,425,1
1764424281370,974,430,1
1764424281370,974,436,1
1764424281386,974,441,1
1764424281386,973,447,1
1764424281402,972,452,1
1764424281402,970,458,1
1764424281418,968,464,1
1764424281418,966,470,1
1764424281434,964,476,1
1764424281434,961,481,1
1764424281450,958,487,1
1764424281450,954,493,1
1764424281465,949,501,1
1764424281465,944,506,1
1764424281481,938,512,1
1764424281481,931,518,1
1764424281498,923,525,1
1764424281498,914,532,1
1764424281513,906,539,1
1764424281513,896,545,1
1764424281531,886,552,1
1764424281533,875,559,1
1764424281548,864,564,1
1764424281548,854,570,1
1764424281561,844,575,1
1764424281561,834,579,1
1764424281577,823,584,1
1764424281577,813,588,1
1764424281593,805,592,1
1764424281593,796,597,1
1764424281608,788,600,1
1764424281608,781,603,1
1764424281624,774,606,1
1764424281624,767,609,1
1764424281640,759,612,1
1764424281640,752,615,1
1764424281656,745,617,1
1764424281656,738,619,1
1764424281672,731,621,1
1764424281672,724,622,1
1764424281688,719,623,1
1764424281688,712,624,1
1764424281703,705,625,1
1764424281703,697,625,1
1764424281719,689,625,1
1764424281719,680,625,1
1764424281735,670,625,1
1764424281750,661,625,1
1764424281750,653,625,1
1764424281750,645,625,1
1764424281766,637,625,0
1764424281766,629,623,0
1764424281782,620,622,0
1764424281782,612,620,0
1764424281798,605,618,0
1764424281798,598,616,0
1764424281813,591,613,0
1764424281813,584,610,0
1764424281829,578,606,0
1764424281845,571,602,0
1764424281845,564,598,0
1764424281861,558,594,0
1764424281861,552,589,0
1764424281877,546,583,0
1764424281877,541,578,0
1764424281893,537,572,0
1764424281893,533,566,0
1764424281909,529,560,0
1764424281909,525,553,1
0,0,0,0
1764424281925,522,546,1
1764424281925,519,539,1
1764424281941,516,530,1
1764424281941,513,521,1
1764424281957,509,511,1
1764424281957,505,500,1
1764424281973,501,489,1
1764424281973,496,477,1
1764424281989,493,465,1
1764424281989,490,455,1
1764424282005,487,447,1
1764424282005,485,440,1
1764424282021,485,433,1
1764424282021,485,426,1
1764424282037,485,419,1
1764424282037,485,411,1
1764424282053,485,403,1
1764424282053,485,394,1
1764424282068,485,386,1
1764424282068,485,377,1
1764424282084,485,367,1
1764424282084,485,357,1
1764424282100,485,347,1
1764424282100,485,337,1
1764424282116,485,328,1
1764424282116,485,320,1
1764424282132,485,311,1
1764424282132,485,305,1
1764424282148,486,298,1
1764424282148,487,292,1
1764424282163,488,287,1
1764424282163,490,281,1
1764424282179,492,275,1
1764424282179,495,269,1
1764424282195,498,263,1
1764424282195,502,256,1
1764424282211,506,250,1
1764424282211,511,244,1
1764424282227,516,238,1
1764424282227,522,232,1
1764424282245,526,227,1
1764424282245,531,222,1
1764424282259,536,217,1
1764424282259,541,213,1
1764424282274,546,209,1
1764424282274,551,205,1
1764424282290,555,203,1
1764424282290,560,199,1
1764424282306,565,195,1
1764424282306,571,191,1
1764424282322,577,188,1
1764424282322,584,184,1
1764424282338,591,180,1
1764424282338,597,177,1
1764424282354,604,174,1
1764424282354,610,171,1
1764424282370,616,168,1
1764424282370,622,166,1
1764424282386,628,164,1
1764424282386,632,162,1
1764424282401,637,160,1
1764424282401,641,159,1
1764424282417,646,159,0
1764424282417,650,157,0
1764424282433,654,156,0
1764424282433,659,155,0
1764424282449,662,154,0
1764424282449,665,153,0
1764424282465,667,153,0
1764424282465,668,153,0
1764424282481,670,153,0
1764424287576,671,153,0
1764424287592,672,152,0
1764424287592,673,152,0
1764424287608,675,151,0
1764424287608,677,151,0
1764424287623,679,150,0
1764424287623,681,149,0
1764424287639,684,148,0
1764424287639,687,147,0
1764424287655,689,147,0
1764424287655,690,146,1
1764424287670,692,145,1
1764424287670,693,144,1
1764424287686,695,143,1
1764424287686,697,141,1
1764424287706,700,140,1
1764424287706,703,137,1
1764424287718,706,135,1
1764424287718,711,132,1
1764424287733,716,129,1
1764424287749,719,126,1
1764424287749,723,124,1
1764424287765,726,122,1
1764424287765,730,120,1
1764424287781,733,117,1
1764424287781,738,115,1
1764424287797,743,112,1
1764424287797,751,109,1
1764424287812,758,105,1
1764424287812,766,101,1
1764424287828,775,96,0
1764424287828,785,92,0
1764424287844,797,87,0
1764424287844,811,81,0
1764424287860,828,74,0
1764424287860,843,68,0
1764424287876,860,61,0
1764424287876,878,55,0
1764424287892,897,48,0
1764424287892,917,40,0
1764424287907,939,33,0
1764424287907,961,27,0
1764424287923,983,20,0
1764424287923,1008,12,0
1764424287939,1033,4,0
