timestamp,mouseX,mouseY,mouseInTarget
1764426455118,705,146,0
1764426455134,706,145,0
1764426455150,707,144,1
1764426455214,707,143,1
1764426455730,707,142,1
1764426455746,708,141,1
1764426455761,708,140,1
1764426455761,710,138,1
1764426455782,714,137,1
1764426455782,718,134,1
1764426455793,722,132,1
1764426455793,725,131,1
1764426455813,727,129,1
1764426455813,730,128,1
1764426455825,732,126,1
1764426455825,733,126,1
1764426455840,734,126,1
1764426455856,734,125,1
1764426455872,735,124,1
1764426455952,736,124,1
1764426455968,737,124,1
1764426455968,738,124,1
1764426455984,740,123,1
1764426455984,741,123,1
1764426456001,742,122,1
1764426456001,744,122,1
1764426456017,745,122,1
1764426456033,747,122,1
1764426456049,748,122,1
1764426456049,749,122,1
1764426456065,750,122,1
1764426456065,752,121,1
1764426456080,753,121,1
1764426456080,754,121,1
1764426456096,755,121,1
1764426456112,756,121,1
1764426456144,757,121,1
1764426456160,758,121,1
1764426456176,759,121,1
1764426456192,760,121,1
1764426456192,761,121,1
1764426456208,763,121,1
1764426456208,766,121,1
1764426456224,769,121,1
1764426456224,772,121,1
1764426456239,775,121,1
1764426456255,778,121,1
1764426456255,781,121,1
1764426456271,784,121,1
1764426456271,786,121,1
1764426456271,788,121,1
1764426456287,791,121,1
1764426456287,792,121,1
1764426456303,793,121,1
1764426456319,794,121,1
1764426456335,795,121,1
1764426456351,797,121,1
1764426456351,798,122,1
1764426456367,800,123,1
1764426456367,802,123,1
1764426456367,805,124,1
1764426456383,808,125,1
1764426456398,811,126,1
1764426456398,813,126,1
1764426456414,816,128,1
1764426456414,818,129,1
1764426456430,821,129,1
1764426456430,824,130,1
1764426456446,825,131,1
1764426456446,826,131,1
1764426456462,828,132,1
1764426456462,828,133,1
1764426456478,829,133,1
1764426456478,831,134,1
1764426456494,832,135,1
1764426456494,834,136,1
1764426456510,840,139,1
1764426456526,843,140,1
1764426456526,846,142,1
1764426456542,850,144,1
1764426456542,853,147,1
1764426456558,856,149,1
1764426456558,858,150,1
1764426456574,859,151,1
1764426456574,860,151,1
1764426456590,860,152,1
1764426456590,862,153,1
1764426456605,862,154,1
1764426456605,863,155,1
1764426456621,863,156,1
1764426456621,864,156,1
1764426456637,865,157,1
1764426456637,866,158,1
1764426456653,867,159,1
1764426456653,869,161,1
1764426456669,870,162,1
1764426456669,871,164,1
1764426456685,873,164,1
1764426456685,873,165,1
1764426456701,874,166,1
1764426456701,875,167,1
1764426456716,875,168,1
1764426456716,877,169,1
1764426456732,877,170,1
1764426456732,878,171,1
1764426456748,879,173,1
1764426456748,880,174,1
1764426456766,881,176,1
1764426456770,883,178,1
1764426456780,884,180,1
1764426456780,886,182,1
1764426456796,887,184,1
1764426456796,888,185,1
1764426456812,889,186,1
1764426456828,890,187,1
1764426457247,890,188,1
1764426457247,892,191,1
1764426457263,893,194,1
1764426457263,896,199,1
1764426457279,899,203,1
1764426457279,902,208,1
1764426457295,903,211,1
1764426457295,905,214,1
1764426457311,907,218,1
1764426457311,909,221,1
1764426457311,911,225,1
1764426457327,914,228,1
1764426457327,916,233,1
1764426457343,920,237,1
1764426457343,924,242,1
1764426457358,928,246,1
1764426457374,931,250,1
1764426457374,934,254,1
1764426457390,938,259,1
1764426457390,941,262,1
1764426457406,944,267,1
1764426457406,947,271,1
1764426457422,951,276,1
1764426457427,954,280,1
1764426457438,957,284,1
1764426457438,961,289,1
1764426457454,964,292,1
1764426457454,966,296,1
1764426457470,969,299,1
1764426457470,971,301,1
1764426457486,973,304,1
1764426457486,974,306,1
1764426457502,975,307,1
1764426457502,976,309,1
1764426457518,976,310,1
1764426457518,977,312,1
1764426457533,978,314,1
1764426457533,978,317,1
1764426457549,979,318,1
1764426457549,979,320,1
1764426457565,979,321,1
1764426457565,980,324,1
1764426457583,980,326,1
1764426457583,980,328,1
1764426457597,981,330,1
1764426457597,981,332,1
1764426457613,981,334,1
1764426457613,981,336,1
1764426457629,982,338,1
1764426457629,982,340,1
1764426457644,982,341,1
1764426457644,982,343,1
1764426457660,982,345,1
1764426457660,982,346,1
1764426457676,982,348,1
1764426457676,982,350,1
1764426457693,982,352,1
1764426457693,982,354,1
1764426457709,982,357,1
1764426457709,982,359,1
1764426457725,982,361,1
1764426457725,982,363,1
1764426457740,982,365,1
1764426457740,982,367,1
1764426457756,982,369,1
1764426457756,982,372,1
1764426457772,982,374,1
1764426457772,982,376,1
1764426457790,982,378,1
1764426457794,982,380,1
1764426457804,982,382,1
1764426457804,982,385,1
1764426457820,982,387,1
1764426457820,982,390,1
1764426457836,982,393,1
1764426457836,982,396,1
1764426457852,981,399,1
1764426457852,981,401,1
1764426457868,981,403,1
1764426457868,980,405,1
1764426457884,979,407,1
1764426457884,979,409,1
1764426457900,978,412,1
1764426457900,978,415,1
1764426457916,978,417,1
1764426457916,977,420,1
1764426457932,977,422,1
1764426457932,976,425,1
1764426457947,975,428,1
1764426457947,975,430,1
1764426457963,974,433,1
1764426457963,974,436,1
1764426457979,973,439,1
1764426457979,973,442,1
1764426457995,972,445,1
1764426457995,971,448,1
1764426458011,971,450,1
1764426458011,971,453,1
1764426458027,971,455,1
1764426458027,970,457,1
1764426458043,970,459,1
1764426458043,968,463,1
1764426458059,968,465,1
1764426458059,967,467,1
1764426458074,966,469,1
1764426458074,965,471,1
1764426458090,964,474,1
1764426458090,963,476,1
1764426458106,962,478,1
1764426458106,961,480,1
1764426458122,959,484,1
1764426458122,959,486,1
1764426458138,957,488,1
1764426458138,956,490,1
1764426458153,955,492,1
1764426458153,953,495,1
1764426458169,952,497,1
1764426458169,950,499,1
1764426458185,950,501,1
1764426458185,948,504,1
1764426458201,947,506,1
1764426458201,946,507,1
1764426458217,945,509,1
1764426458217,943,511,1
1764426458233,942,513,1
1764426458233,940,515,1
1764426458249,939,518,1
1764426458249,937,520,1
1764426458265,936,521,1
1764426458265,934,523,1
1764426458281,933,525,1
1764426458281,931,526,1
1764426458296,930,528,1
1764426458296,929,529,1
1764426458314,928,531,1
1764426458314,926,533,1
1764426458328,925,535,1
1764426458328,923,536,1
1764426458344,922,538,1
1764426458344,921,540,1
1764426458360,918,542,1
1764426458360,916,545,1
1764426458376,914,547,1
1764426458391,912,549,1
1764426458391,910,551,1
1764426458391,908,552,1
1764426458407,907,554,1
1764426458407,906,555,1
1764426458423,903,557,1
1764426458423,902,558,1
1764426458439,901,559,1
1764426458454,899,560,1
1764426458454,897,562,1
1764426458470,895,563,1
1764426458470,892,564,1
1764426458486,890,565,1
1764426458486,888,566,1
1764426458502,886,567,1
1764426458502,884,568,1
1764426458520,880,570,1
1764426458524,878,571,1
1764426458534,875,571,1
1764426458534,873,572,1
1764426458550,871,573,1
1764426458550,869,574,1
1764426458566,866,574,1
1764426458566,864,575,1
1764426458582,862,576,1
1764426458582,859,577,1
1764426458598,855,577,1
1764426458598,850,578,1
1764426458614,846,579,1
1764426458614,841,581,1
1764426458630,837,582,1
1764426458630,833,583,1
1764426458646,828,584,1
1764426458646,824,585,1
1764426458662,819,586,1
1764426458662,815,587,1
1764426458678,811,588,1
1764426458678,806,590,1
1764426458694,802,591,1
1764426458694,798,592,1
1764426458710,793,592,1
1764426458710,789,593,1
1764426458726,786,594,1
1764426458726,783,595,1
1764426458742,778,596,1
1764426458742,775,596,1
1764426458758,771,597,1
1764426458764,767,598,1
1764426458774,764,598,1
1764426458774,762,598,1
1764426458790,760,599,1
1764426458790,758,599,1
1764426458806,755,600,1
1764426458806,752,600,1
1764426458821,747,600,1
1764426458821,743,601,1
1764426458837,738,601,1
1764426458837,732,601,1
1764426458853,725,601,1
1764426458853,718,602,1
1764426458869,710,602,1
1764426458869,703,602,1
1764426458885,697,602,1
1764426458885,690,602,1
1764426458901,684,602,1
1764426458901,679,602,1
1764426458917,674,602,1
1764426458917,668,602,1
1764426458933,663,602,1
1764426458933,657,602,1
1764426458948,654,602,1
1764426458948,651,601,1
1764426458964,648,601,1
1764426458964,644,600,1
1764426458980,640,599,1
1764426458980,634,598,1
1764426458996,629,598,1
1764426458996,624,597,1
1764426459012,619,597,1
1764426459012,613,595,1
1764426459027,608,594,1
1764426459027,602,592,1
1764426459043,596,591,1
1764426459043,590,589,1
1764426459059,585,587,1
1764426459059,579,585,1
1764426459075,574,583,1
1764426459075,570,581,1
1764426459091,565,578,1
1764426459091,559,575,1
1764426459107,553,572,1
1764426459107,548,571,1
1764426459123,540,567,1
1764426459123,533,564,0
1764426459142,526,561,0
1764426459143,520,559,0
1764426459155,514,557,0
1764426459155,510,553,0
1764426459171,506,550,0
1764426459171,503,548,0
1764426459187,501,547,0
1764426459187,498,545,0
1764426459203,496,542,0
1764426459203,494,540,0
1764426459218,491,538,0
1764426459218,490,535,0
1764426459234,488,533,0
1764426459234,487,531,0
1764426459250,486,529,0
1764426459250,485,527,0
1764426459266,485,523,0
1764426459266,484,520,0
1764426459282,484,517,0
1764426459282,483,514,0
1764426459298,483,511,0
1764426459298,482,507,0
1764426459314,482,504,0
1764426459314,481,501,0
1764426459330,481,497,0
1764426459330,481,494,0
1764426459345,480,491,0
1764426459345,479,487,0
1764426459361,479,484,1
1764426459361,478,479,1
1764426459377,478,476,1
1764426459377,478,472,1
1764426459392,478,468,1
1764426459392,478,464,1
1764426459408,477,460,1
1764426459408,477,456,1
1764426459424,477,452,1
1764426459424,477,447,1
1764426459440,477,443,1
1764426459440,477,440,1
1764426459456,477,437,1
1764426459456,476,433,1
1764426459472,475,430,1
1764426459472,475,426,1
1764426459488,474,421,1
1764426459504,473,417,1
1764426459504,472,413,1
1764426459504,471,408,1
1764426459520,470,404,1
1764426459520,469,400,1
1764426459536,468,395,1
1764426459536,466,389,1
1764426459552,464,384,1
1764426459552,462,378,1
1764426459568,460,372,1
1764426459568,459,367,1
1764426459584,458,361,1
1764426459584,457,355,1
1764426459600,456,350,1
1764426459616,455,344,1
1764426459616,454,338,1
1764426459632,454,333,0
1764426459632,454,329,0
1764426459648,453,325,0
1764426459648,452,319,0
1764426459648,452,315,0
1764426459663,450,309,0
1764426459680,450,305,0
1764426459681,450,299,0
1764426459696,449,295,0
1764426459696,449,291,0
1764426459696,449,288,0
1764426459711,449,285,0
1764426459711,449,281,0
1764426459727,449,278,0
1764426459743,449,275,0
1764426459743,449,271,0
1764426459743,450,267,0
1764426459759,451,264,0
1764426459759,452,261,0
1764426459775,454,257,0
1764426459775,456,253,0
1764426459791,458,248,0
1764426459807,459,244,0
1764426459807,460,239,0
1764426459807,462,236,0
1764426459823,464,231,0
1764426459838,465,227,0
1764426459838,467,222,0
1764426459854,469,219,0
1764426459854,471,216,0
1764426459870,473,211,0
1764426459870,475,208,0
1764426459888,478,204,0
1764426459894,480,201,0
1764426459902,482,198,0
1764426459902,484,194,0
1764426459918,487,191,0
1764426459918,490,187,0
1764426459934,492,184,0
1764426459934,495,180,0
1764426459950,499,177,0
1764426459950,502,174,0
1764426459966,507,170,0
1764426459966,510,168,0
1764426459981,514,165,0
1764426459981,516,163,0
1764426459997,518,161,0
1764426459997,521,159,0
1764426460013,524,157,0
1764426460013,527,155,0
1764426460029,530,153,0
1764426460029,532,152,0
1764426460045,535,150,0
1764426460045,537,148,0
1764426460061,540,147,0
1764426460061,542,146,0
1764426460077,545,144,0
1764426460077,548,142,0
1764426460093,552,141,0
1764426460093,555,139,0
1764426460109,559,137,0
1764426460109,563,136,0
1764426460125,567,134,0
1764426460125,572,133,0
1764426460141,576,131,0
1764426460141,579,130,0
1764426460157,582,129,0
1764426460157,587,128,0
1764426460172,590,127,0
1764426460172,594,125,0
1764426460188,599,124,0
1764426460188,603,122,0
1764426460204,608,122,0
1764426460204,613,121,1
1764426460220,620,119,1
1764426460220,626,118,1
1764426460235,631,117,1
1764426460235,637,117,1
1764426460251,642,116,1
1764426460251,648,116,1
1764426460267,652,116,1
1764426460267,656,116,1
1764426460283,660,116,1
1764426460283,664,116,1
1764426460299,667,116,1
1764426460299,670,116,1
1764426460315,673,116,1
1764426460315,676,116,1
1764426460331,679,116,1
1764426460331,682,116,1
1764426460347,684,116,1
1764426460347,687,116,1
1764426460363,691,116,1
1764426460363,694,116,1
1764426460379,698,116,1
1764426460379,701,116,1
1764426460395,704,116,1
1764426460395,708,116,1
1764426460411,711,116,1
1764426460411,715,116,1
1764426460427,720,116,1
1764426460427,724,116,1
1764426460442,728,117,1
1764426460442,732,118,1
1764426460458,736,118,1
1764426460458,741,118,1
1764426460474,745,118,1
1764426460474,749,118,1
1764426460490,755,119,1
1764426460490,759,120,1
1764426460506,765,121,1
1764426460506,770,122,1
1764426460522,776,123,1
1764426460522,781,124,1
1764426460538,788,126,1
1764426460538,795,128,1
1764426460553,804,130,1
1764426460553,811,132,1
1764426460569,818,134,1
1764426460569,824,136,1
1764426460585,828,137,1
1764426460585,831,138,1
1764426460601,834,139,1
1764426460601,836,140,1
1764426460617,839,141,1
1764426460617,840,141,1
1764426460632,841,141,1
1764426460632,842,142,1
1764426460649,844,143,1
1764426460664,845,143,1
1764426460664,846,144,1
1764426460680,848,145,1
1764426460680,849,146,1
1764426460696,851,147,1
1764426460696,852,148,1
1764426460712,853,150,1
1764426460712,856,151,1
1764426460728,857,153,1
1764426460744,859,154,1
1764426460744,861,155,1
1764426460744,862,157,1
1764426460760,864,158,1
1764426460760,865,159,1
1764426460778,866,160,1
1764426460778,868,163,1
1764426460792,869,165,1
1764426460792,871,167,1
1764426460808,872,169,1
1764426460808,875,172,1
1764426460824,877,173,1
1764426460824,879,176,1
1764426460839,881,178,1
1764426460839,882,180,1
1764426460855,884,182,1
1764426460871,886,185,1
1764426460871,888,187,1
1764426460887,889,188,1
1764426460887,890,190,1
1764426460903,892,192,1
1764426460903,893,194,1
1764426460903,895,196,1
1764426460919,896,198,1
1764426460919,898,199,1
1764426460935,899,201,1
1764426460951,900,203,1
1764426460951,901,204,1
1764426460951,902,206,1
1764426460967,903,207,1
1764426460967,905,208,1
1764426460983,906,210,1
1764426460983,908,211,1
1764426460999,909,213,1
1764426461015,910,214,1
1764426461017,911,216,1
1764426461031,912,217,1
1764426461031,913,218,1
1764426461048,913,219,1
1764426461049,914,219,1
1764426461049,915,221,1
1764426461063,916,222,1
1764426461063,917,223,1
1764426461079,919,225,1
1764426461079,920,226,1
1764426461095,921,229,1
1764426461111,923,230,1
1764426461111,924,232,1
1764426461111,926,234,1
1764426461127,927,236,1
1764426461127,929,238,1
1764426461143,930,240,1
1764426461158,932,242,1
1764426461158,933,244,1
1764426461174,935,246,1
1764426461174,935,249,1
1764426461190,937,251,1
1764426461190,938,253,1
1764426461206,939,255,1
1764426461206,941,258,1
1764426461222,942,262,1
1764426461222,944,265,1
1764426461237,945,268,1
1764426461237,946,271,1
1764426461254,948,275,1
1764426461254,950,279,1
1764426461269,952,282,1
1764426461269,953,287,1
1764426461285,955,290,1
1764426461285,957,295,1
1764426461300,958,298,1
1764426461300,960,303,1
1764426461316,961,306,1
1764426461316,963,310,1
1764426461332,964,313,1
1764426461332,965,318,1
1764426461348,966,321,1
1764426461348,967,325,1
1764426461364,968,328,1
1764426461364,970,333,1
1764426461380,970,337,1
1764426461380,971,340,1
1764426461396,971,344,1
1764426461396,972,349,1
1764426461412,973,352,1
1764426461412,973,356,1
1764426461428,973,359,1
1764426461428,974,363,1
1764426461444,974,366,1
1764426461444,974,369,1
1764426461459,974,372,1
1764426461459,974,375,1
1764426461475,974,378,1
1764426461475,974,381,1
1764426461491,974,384,1
1764426461491,973,387,1
1764426461507,973,390,1
1764426461507,972,393,1
1764426461525,972,396,1
1764426461529,971,399,1
1764426461539,971,402,1
1764426461539,970,407,1
1764426461555,968,410,1
1764426461555,967,413,1
1764426461570,967,416,1
1764426461570,965,419,1
1764426461586,964,423,1
1764426461586,963,426,1
1764426461602,962,429,1
1764426461602,962,432,1
1764426461618,960,436,1
1764426461618,958,441,1
1764426461634,957,444,1
1764426461634,956,447,1
1764426461650,954,450,1
1764426461650,953,454,1
1764426461665,951,457,1
1764426461665,950,460,1
1764426461681,948,463,1
1764426461681,947,467,1
1764426461697,945,470,1
1764426461697,944,473,1
1764426461712,943,476,1
1764426461712,942,479,1
1764426461728,940,483,1
1764426461728,940,486,1
1764426461744,938,489,1
1764426461744,937,491,1
1764426461760,936,495,1
1764426461760,935,497,1
1764426461776,933,500,1
1764426461776,932,502,1
1764426461792,930,504,1
1764426461792,930,507,1
1764426461808,928,510,1
1764426461808,927,512,1
1764426461824,926,514,1
1764426461840,924,516,1
1764426461840,923,519,1
1764426461855,922,521,1
1764426461855,920,523,1
1764426461855,920,525,1
1764426461871,918,527,1
1764426461887,918,528,1
1764426461887,917,530,1
1764426461887,915,533,1
1764426461903,914,535,1
1764426461903,912,537,1
1764426461918,911,539,1
1764426461934,909,542,1
1764426461934,908,544,1
1764426461950,906,545,1
1764426461950,904,548,1
1764426461966,903,549,1
1764426461966,901,550,1
1764426461982,899,553,1
1764426461982,898,554,1
1764426461998,895,556,1
1764426461998,893,559,1
1764426462014,889,561,1
1764426462014,887,564,1
1764426462030,884,566,1
1764426462032,880,568,1
1764426462046,877,570,1
1764426462046,873,573,1
1764426462062,871,575,1
1764426462062,868,576,1
1764426462078,866,578,1
1764426462078,864,579,1
1764426462093,861,581,1
1764426462093,859,583,1
1764426462109,857,584,1
1764426462109,854,586,1
1764426462125,850,588,1
1764426462125,847,589,1
1764426462141,844,591,1
1764426462141,841,593,1
1764426462157,839,594,1
1764426462157,836,596,1
1764426462173,833,597,1
1764426462173,830,599,1
1764426462189,827,600,1
1764426462189,824,601,1
1764426462204,822,603,1
1764426462204,819,604,1
1764426462223,816,605,1
1764426462223,811,606,1
1764426462236,808,607,1
1764426462236,805,608,1
1764426462252,802,609,1
1764426462252,799,610,1
1764426462268,795,611,1
1764426462268,792,612,1
1764426462284,790,613,1
1764426462284,788,613,1
1764426462300,785,614,1
1764426462300,782,614,1
1764426462316,778,615,1
1764426462316,773,616,1
1764426462331,768,617,1
1764426462331,763,618,1
1764426462347,759,619,1
1764426462347,753,620,1
1764426462363,749,621,1
1764426462363,745,621,1
1764426462379,740,622,1
1764426462379,736,622,1
1764426462395,732,623,1
1764426462395,727,624,1
1764426462411,723,624,1
1764426462411,720,625,1
1764426462427,717,625,1
1764426462427,714,625,1
1764426462443,711,625,1
1764426462443,707,625,1
1764426462459,704,625,1
1764426462459,700,625,1
1764426462475,696,625,1
1764426462475,692,625,1
1764426462491,688,625,1
1764426462491,684,625,1
1764426462507,678,625,1
1764426462507,673,625,1
1764426462523,669,625,1
1764426462523,663,625,1
1764426462539,659,624,1
1764426462539,655,623,1
1764426462555,650,622,1
1764426462555,647,622,1
1764426462570,643,620,1
1764426462570,639,618,1
1764426462586,636,617,1
1764426462586,633,616,1
1764426462602,630,614,1
1764426462602,626,612,1
1764426462621,623,611,1
1764426462624,621,610,1
1764426462633,619,609,1
1764426462633,617,608,1
1764426462650,613,606,1
1764426462650,610,605,1
1764426462666,605,602,1
1764426462666,602,600,1
1764426462682,598,598,1
1764426462682,593,595,1
1764426462698,588,593,1
1764426462698,582,590,1
1764426462714,578,588,1
1764426462714,574,585,1
1764426462730,571,584,1
1764426462730,569,582,1
1764426462746,567,581,1
1764426462746,564,579,1
1764426462762,563,578,1
1764426462762,561,576,1
1764426462778,559,575,1
1764426462778,557,573,1
1764426462794,555,570,1
1764426462794,552,568,1
1764426462810,550,566,1
1764426462810,548,563,1
1764426462825,545,561,1
1764426462841,543,559,1
1764426462841,542,558,1
1764426462841,540,556,1
1764426462857,539,554,1
1764426462857,537,553,1
1764426462873,536,551,1
1764426462873,534,548,1
1764426462889,532,546,1
1764426462889,531,544,1
1764426462904,529,541,1
1764426462904,526,537,1
1764426462921,525,534,1
1764426462921,522,530,1
1764426462936,520,526,1
1764426462936,519,523,1
1764426462952,517,519,1
1764426462952,515,515,1
1764426462968,513,510,1
1764426462968,512,506,1
1764426462984,510,501,1
1764426462984,508,495,1
1764426463000,507,491,1
1764426463016,505,485,1
1764426463016,503,480,1
1764426463016,501,474,1
1764426463031,501,470,1
1764426463031,499,465,1
1764426463047,497,459,1
1764426463047,496,454,1
1764426463064,494,448,1
1764426463079,493,444,1
1764426463079,492,438,1
1764426463079,491,432,1
1764426463095,490,427,1
1764426463095,488,421,1
1764426463111,487,415,1
1764426463111,486,410,1
1764426463127,485,405,1
1764426463143,485,401,1
1764426463143,484,396,1
1764426463159,483,391,1
1764426463159,482,386,1
1764426463175,481,381,1
1764426463175,479,376,1
1764426463175,478,370,1
1764426463191,476,364,1
1764426463191,474,358,1
1764426463207,473,353,1
1764426463222,472,348,1
1764426463222,471,345,1
1764426463238,471,342,1
1764426463238,471,339,1
1764426463254,471,337,1
1764426463254,471,335,1
1764426463270,471,332,1
1764426463270,471,330,1
1764426463286,471,328,1
1764426463286,471,325,1
1764426463302,471,322,1
1764426463302,471,319,1
1764426463318,471,316,1
1764426463318,471,313,1
1764426463334,471,309,1
1764426463334,471,306,1
1764426463349,471,303,1
1764426463349,471,300,1
1764426463365,471,297,1
1764426463365,471,294,1
1764426463381,472,291,1
1764426463381,473,288,1
1764426463397,474,283,1
1764426463397,475,280,1
1764426463413,475,277,1
1764426463413,477,273,1
1764426463429,479,269,1
1764426463429,480,266,1
1764426463445,482,261,1
1764426463445,484,257,1
1764426463461,486,254,1
1764426463461,489,249,1
1764426463477,490,246,1
1764426463477,492,242,1
1764426463492,493,239,1
1764426463492,495,237,1
1764426463508,496,235,1
1764426463508,498,231,1
1764426463524,501,228,1
1764426463524,502,226,1
1764426463539,504,223,1
1764426463539,506,221,1
1764426463555,509,218,1
1764426463555,511,214,1
1764426463571,514,211,1
1764426463571,516,208,1
1764426463587,519,205,1
1764426463587,521,203,1
1764426463603,523,200,1
1764426463603,527,197,1
1764426463619,529,194,1
1764426463624,532,192,1
1764426463635,534,190,1
1764426463644,536,187,1
1764426463651,540,185,1
1764426463651,542,182,1
1764426463667,545,181,1
1764426463667,548,178,1
1764426463685,551,176,1
1764426463685,554,174,1
1764426463699,558,173,1
1764426463699,561,170,1
1764426463715,565,167,1
1764426463715,568,165,1
1764426463731,572,162,1
1764426463731,575,161,1
1764426463746,580,158,1
1764426463746,583,156,1
1764426463762,586,154,1
1764426463762,589,153,1
1764426463778,592,151,1
1764426463785,595,150,1
1764426463794,598,148,1
1764426463794,603,146,1
1764426463809,606,145,1
1764426463825,609,145,1
1764426463825,612,143,1
1764426463825,614,142,1
1764426463841,617,142,1
1764426463841,620,141,1
1764426463857,622,140,1
1764426463857,624,139,1
1764426463872,626,139,1
1764426463872,628,138,1
1764426463888,631,137,1
1764426463888,633,136,1
1764426463904,634,136,1
1764426463904,636,136,1
1764426463920,639,135,1
1764426463920,641,134,1
1764426463936,643,134,1
1764426463936,645,133,1
1764426463952,647,133,1
1764426463952,649,132,1
1764426463968,652,131,1
1764426463983,655,130,1
1764426463984,657,130,1
1764426463984,660,129,1
1764426463999,662,129,1
1764426463999,664,128,1
1764426464015,666,128,1
1764426464015,667,127,1
1764426464031,669,127,1
1764426464047,670,126,1
1764426464047,672,126,1
1764426464047,674,126,1
1764426464063,676,126,1
1764426464063,678,126,1
1764426464079,680,125,1
1764426464079,681,125,1
1764426464095,682,125,1
1764426464110,683,125,1
1764426464110,685,125,1
1764426464126,686,125,1
1764426464126,687,125,1
1764426464142,689,125,1
1764426464142,691,125,1
1764426464158,694,125,1
1764426464158,697,125,1
1764426464174,700,125,1
1764426464174,704,125,1
1764426464190,708,125,1
1764426464190,712,125,1
1764426464206,716,125,1
1764426464206,720,125,1
1764426464222,724,125,1
1764426464222,728,125,1
1764426464238,732,125,1
1764426464238,738,125,1
1764426464254,744,126,1
1764426464254,749,127,1
1764426464270,755,127,1
1764426464270,760,128,1
1764426464286,766,129,1
1764426464286,771,130,1
1764426464302,777,131,1
1764426464302,781,132,1
1764426464318,787,133,1
1764426464318,793,135,1
1764426464334,798,136,1
1764426464334,805,138,1
1764426464350,812,140,1
1764426464350,819,142,1
1764426464365,828,144,1
1764426464365,835,146,1
1764426464382,842,148,1
1764426464382,849,150,1
1764426464398,854,152,1
1764426464398,859,154,1
1764426464414,865,157,1
1764426464414,869,158,1
1764426464430,874,161,1
1764426464430,879,164,1
1764426464445,882,166,1
1764426464445,886,168,1
1764426464461,888,170,1
1764426464461,890,171,1
1764426464477,892,173,1
1764426464477,895,174,1
1764426464493,897,176,1
1764426464493,899,177,1
1764426464508,901,179,1
1764426464508,904,182,1
1764426464524,907,183,1
1764426464524,909,186,1
1764426464540,913,188,1
1764426464540,916,192,1
1764426464556,920,196,1
1764426464556,922,198,1
1764426464572,925,200,1
1764426464572,928,204,1
1764426464588,930,206,1
1764426464588,932,208,1
1764426464604,933,211,1
1764426464604,935,213,1
1764426464620,936,215,1
1764426464620,938,217,1
1764426464636,939,220,1
1764426464636,941,222,1
1764426464652,942,224,1
1764426464652,943,227,1
1764426464668,945,229,1
1764426464668,946,232,1
1764426464684,947,235,1
1764426464684,948,237,1
1764426464700,949,240,1
1764426464700,950,243,1
1764426464716,952,247,1
1764426464716,954,250,1
1764426464732,955,255,1
1764426464732,957,258,1
1764426464748,958,261,1
1764426464748,959,264,1
1764426464764,960,267,1
1764426464764,962,271,1
1764426464780,964,274,1
1764426464780,964,277,1
1764426464796,965,280,1
1764426464796,966,283,1
1764426464812,967,286,1
1764426464812,968,289,1
1764426464827,969,291,1
1764426464827,970,294,1
1764426464843,971,297,1
1764426464843,972,300,1
1764426464859,973,303,1
1764426464859,974,306,1
1764426464875,974,309,1
1764426464875,975,312,1
1764426464891,975,314,1
1764426464891,976,317,1
1764426464907,976,319,1
1764426464907,977,322,1
1764426464923,977,325,1
1764426464923,977,328,1
1764426464939,977,331,1
1764426464939,977,334,1
1764426464954,977,337,1
1764426464954,977,341,1
1764426464970,977,345,1
1764426464970,977,349,1
1764426464986,977,354,1
1764426464986,977,358,1
1764426465002,977,362,1
1764426465002,977,366,1
1764426465018,977,370,1
1764426465018,977,375,1
1764426465034,977,381,1
1764426465034,977,387,1
1764426465051,976,391,1
1764426465051,975,396,1
1764426465065,974,401,1
1764426465065,973,406,1
1764426465081,972,411,1
1764426465081,971,415,1
1764426465097,970,419,1
1764426465097,970,424,1
1764426465113,970,427,1
1764426465113,970,430,1
1764426465129,970,433,1
1764426465129,969,436,1
1764426465144,968,438,1
1764426465144,968,441,1
1764426465160,968,444,1
1764426465176,967,446,1
1764426465176,967,449,1
1764426465176,966,452,1
1764426465192,965,455,1
1764426465208,964,458,1
1764426465208,963,461,1
1764426465208,963,464,1
1764426465224,962,466,1
1764426465224,961,468,1
1764426465240,961,470,1
1764426465240,960,472,1
1764426465255,959,475,1
1764426465271,958,477,1
1764426465271,957,479,1
1764426465287,957,481,1
1764426465287,955,483,1
1764426465303,955,486,1
1764426465303,954,488,1
1764426465319,952,490,1
1764426465319,951,492,1
1764426465336,950,495,1
1764426465342,949,496,1
1764426465345,948,498,1
1764426465350,948,499,1
1764426465350,947,501,1
1764426465367,946,502,1
1764426465383,944,504,1
1764426465383,944,506,1
1764426465399,942,507,1
1764426465399,941,509,1
1764426465415,939,511,1
1764426465415,938,512,1
1764426465430,936,515,1
1764426465430,935,517,1
1764426465430,934,518,1
1764426465446,932,521,1
1764426465462,931,522,1
1764426465462,929,524,1
1764426465478,928,526,1
1764426465478,927,527,1
1764426465494,925,529,1
1764426465494,924,531,1
1764426465510,923,533,1
1764426465510,921,534,1
1764426465526,920,536,1
1764426465526,918,538,1
1764426465542,916,540,1
1764426465542,914,543,1
1764426465558,913,544,1
1764426465558,912,546,1
1764426465574,909,549,1
1764426465574,907,551,1
1764426465590,905,553,1
1764426465590,903,555,1
1764426465606,901,557,1
1764426465606,899,559,1
1764426465622,896,561,1
1764426465622,894,564,1
1764426465638,892,566,1
1764426465638,889,568,1
1764426465654,887,569,1
1764426465654,885,571,1
1764426465670,883,572,1
1764426465670,880,574,1
1764426465686,879,575,1
1764426465686,877,577,1
1764426465702,874,578,1
1764426465702,872,579,1
1764426465718,869,582,1
1764426465718,865,585,1
1764426465734,862,586,1
1764426465734,859,588,1
1764426465750,854,591,1
1764426465750,851,592,1
1764426465765,848,594,1
1764426465765,844,596,1
1764426465781,841,596,1
1764426465781,838,597,1
1764426465797,835,599,1
1764426465797,833,600,1
1764426465813,830,600,1
1764426465813,826,601,1
1764426465829,823,602,1
1764426465829,820,603,1
1764426465845,816,603,1
1764426465845,813,604,1
1764426465860,810,605,1
1764426465860,807,606,1
1764426465876,804,607,1
1764426465876,801,607,1
1764426465892,798,607,1
1764426465892,794,608,1
1764426465908,791,608,1
1764426465908,787,609,1
1764426465924,784,609,1
1764426465924,780,609,1
1764426465940,776,610,1
1764426465940,773,610,1
1764426465956,769,610,1
1764426465956,765,610,1
1764426465972,761,611,1
1764426465972,756,611,1
1764426465987,753,611,1
1764426465987,750,611,1
1764426466003,748,611,1
1764426466003,745,611,1
1764426466019,743,611,1
1764426466019,741,611,1
1764426466035,739,611,1
1764426466035,737,611,1
1764426466051,735,611,1
1764426466051,732,611,1
1764426466067,729,611,1
1764426466067,727,611,1
1764426466083,725,611,1
1764426466083,724,611,1
1764426466099,723,611,1
1764426466099,721,611,1
1764426466115,718,611,1
1764426466115,715,611,1
1764426466130,712,610,1
1764426466130,710,610,1
1764426466146,708,609,1
1764426466146,706,608,1
1764426466162,703,608,1
1764426466162,700,606,1
1764426466178,697,605,1
1764426466178,694,605,1
1764426466194,691,603,1
1764426466194,689,603,1
1764426466210,686,601,1
1764426466210,683,600,1
1764426466226,680,598,1
1764426466226,677,597,1
1764426466242,673,595,1
1764426466242,670,593,1
1764426466258,667,592,1
1764426466258,664,590,1
1764426466274,660,588,1
1764426466274,657,586,1
1764426466289,653,584,1
1764426466289,650,582,1
1764426466305,646,581,1
1764426466305,642,579,1
1764426466321,639,577,1
1764426466321,636,576,1
1764426466336,634,574,1
1764426466336,630,573,1
1764426466352,627,571,1
1764426466352,622,568,1
1764426466370,619,566,0
1764426466370,616,565,1
1764426466384,612,563,1
1764426466384,609,562,1
1764426466400,607,560,1
1764426466400,605,559,1
1764426466416,603,559,1
1764426466416,601,557,1
1764426466432,600,556,1
1764426466432,598,556,1
1764426466448,597,555,1
1764426466463,596,555,1
1764426466479,595,555,1
1764426466479,593,554,1
1764426466479,592,553,1
1764426466497,591,553,1
1764426466511,590,552,1
1764426466527,588,551,1
1764426466527,586,549,1
1764426466543,581,546,1
1764426466559,578,544,1
1764426466559,575,543,1
1764426466575,573,541,1
1764426466575,569,538,1
1764426466590,566,535,1
1764426466590,562,533,1
1764426466606,560,531,1
1764426466606,558,529,1
1764426466622,556,527,1
1764426466622,553,525,1
1764426466638,552,524,1
1764426466638,550,521,1
1764426466654,549,519,1
1764426466654,547,517,1
1764426466670,544,513,1
1764426466670,540,510,1
1764426466686,538,505,1
1764426466686,534,502,1
1764426466702,531,498,1
1764426466705,529,493,1
1764426466718,526,490,1
1764426466718,523,485,1
1764426466734,520,481,1
1764426466734,518,477,1
1764426466750,516,473,1
1764426466750,513,468,1
1764426466766,511,463,1
1764426466766,509,459,1
1764426466782,508,454,1
1764426466782,506,450,1
1764426466797,503,444,1
1764426466797,501,439,1
1764426466814,499,434,1
1764426466815,497,429,1
1764426466829,496,425,1
1764426466829,494,419,1
1764426466845,492,414,1
1764426466845,490,410,1
1764426466861,488,404,1
1764426466861,486,400,1
1764426466877,484,394,1
1764426466877,484,389,1
1764426466893,483,384,1
1764426466893,482,381,1
1764426466909,481,376,1
1764426466909,480,371,1
1764426466925,480,367,1
1764426466925,479,362,1
1764426466941,478,358,1
1764426466941,478,354,1
1764426466957,478,351,1
1764426466957,477,347,1
1764426466973,477,342,1
1764426466973,477,338,1
1764426466989,476,335,1
1764426466989,476,332,1
1764426467005,476,328,1
1764426467005,476,325,1
1764426467023,476,322,1
1764426467029,476,318,1
1764426467037,476,314,1
1764426467037,476,310,1
1764426467053,477,306,1
1764426467053,477,303,1
1764426467069,478,298,1
1764426467069,479,295,1
1764426467085,480,292,1
1764426467085,482,287,1
1764426467101,482,284,1
1764426467101,483,281,1
1764426467117,484,278,1
1764426467117,486,275,1
1764426467133,487,272,1
1764426467133,488,269,1
1764426467149,490,266,1
1764426467149,490,264,1
1764426467164,492,261,1
1764426467164,493,259,1
1764426467180,495,256,1
1764426467180,497,253,1
1764426467196,498,250,1
1764426467196,500,248,1
1764426467212,502,244,1
1764426467212,504,242,1
1764426467229,505,239,1
1764426467229,508,235,1
1764426467244,509,233,1
1764426467244,512,230,1
1764426467260,513,228,1
1764426467260,515,224,1
1764426467276,517,222,1
1764426467276,519,220,1
1764426467291,520,218,1
1764426467291,523,214,1
1764426467307,524,212,1
1764426467307,526,210,1
1764426467323,529,206,1
1764426467323,531,204,1
1764426467339,533,202,1
1764426467339,535,199,1
1764426467355,538,196,1
1764426467355,540,193,1
1764426467371,543,190,1
1764426467371,545,188,1
1764426467387,547,186,1
1764426467387,549,184,1
1764426467403,550,182,1
1764426467403,552,180,1
1764426467419,555,177,1
1764426467419,557,175,1
1764426467436,560,174,1
1764426467436,563,171,1
1764426467450,567,168,1
1764426467450,571,167,1
1764426467466,574,165,1
1764426467466,577,163,1
1764426467482,581,162,1
1764426467482,584,160,1
1764426467498,588,158,1
1764426467498,592,157,1
1764426467514,595,156,1
1764426467514,598,155,1
1764426467530,600,154,1
1764426467530,603,153,1
1764426467546,605,152,1
1764426467546,608,151,1
1764426467562,611,151,1
1764426467562,614,150,1
1764426467578,617,149,1
1764426467578,619,148,1
1764426467594,622,148,1
1764426467594,625,147,1
1764426467610,628,145,1
1764426467610,631,145,1
1764426467626,634,144,1
1764426467626,637,144,1
1764426467641,639,143,1
1764426467641,641,143,1
1764426467657,643,143,1
1764426467657,644,142,1
1764426467673,647,142,1
1764426467673,648,142,1
1764426467689,649,141,1
1764426467689,651,141,1
1764426467704,654,140,1
1764426467704,656,139,1
1764426467720,658,139,1
1764426467720,661,138,1
1764426467736,663,138,1
1764426467736,665,137,1
1764426467752,668,137,1
1764426467752,670,136,1
1764426467768,672,136,1
1764426467768,674,136,1
1764426467784,676,135,1
1764426467784,678,134,1
1764426467800,681,134,1
1764426467800,684,133,1
1764426467815,686,133,1
1764426467815,689,132,1
1764426467837,692,131,1
1764426467842,695,131,1
1764426467847,697,131,1
1764426467863,699,130,1
1764426467865,702,130,1
1764426467879,706,130,1
1764426467879,710,130,1
1764426467895,715,130,1
1764426467895,719,130,1
1764426467910,723,130,1
1764426467910,726,130,1
1764426467926,730,130,1
1764426467926,734,130,1
1764426467942,738,130,1
1764426467942,742,130,1
1764426467958,746,130,1
1764426467958,749,131,1
1764426467974,752,132,1
1764426467974,756,133,1
1764426467991,759,134,1
1764426467991,762,134,1
1764426468007,764,135,1
1764426468007,766,136,1
1764426468007,768,137,1
1764426468022,771,137,1
1764426468038,773,138,1
1764426468038,775,139,1
1764426468054,776,139,1
1764426468054,778,140,1
1764426468071,779,140,1
1764426468075,780,141,1
1764426468086,782,141,1
1764426468086,783,142,1
1764426468102,784,143,1
1764426468102,786,144,1
1764426468117,787,144,1
1764426468117,789,145,1
1764426468133,791,146,1
1764426468133,792,146,1
1764426468149,794,147,1
1764426468149,796,148,1
1764426468165,797,149,1
1764426468165,798,150,1
1764426468181,800,151,1
1764426468181,802,152,1
1764426468197,805,153,1
1764426468197,806,153,1
1764426468212,809,154,1
1764426468212,810,156,1
1764426468228,811,156,1
1764426468228,813,157,1
1764426468244,815,158,1
1764426468244,817,158,1
1764426468260,819,159,1
1764426468260,822,161,1
1764426468276,824,162,1
1764426468276,827,164,1
1764426468293,830,165,1
1764426468293,833,167,1
1764426468308,836,168,1
1764426468308,838,169,1
1764426468324,840,170,1
1764426468324,842,171,1
1764426468340,845,173,1
1764426468340,847,174,1
1764426468356,850,176,1
1764426468356,852,177,1
1764426468372,854,178,1
1764426468372,857,180,1
1764426468388,859,180,1
1764426468388,860,181,1
1764426468404,863,183,1
1764426468404,864,183,1
1764426468420,867,185,1
1764426468420,869,186,1
1764426468436,871,187,1
1764426468444,872,188,1
1764426468452,874,189,1
1764426468452,877,191,1
1764426468468,879,192,1
1764426468468,881,193,1
1764426468484,882,194,1
1764426468484,884,195,1
1764426468500,886,197,1
1764426468500,887,197,1
1764426468515,890,199,1
1764426468515,891,199,1
1764426468532,893,201,1
1764426468532,896,202,1
1764426468547,897,204,1
1764426468547,898,205,1
1764426468563,900,207,1
1764426468563,901,207,1
1764426468579,903,209,1
1764426468579,904,210,1
1764426468595,905,212,1
1764426468595,907,213,1
1764426468611,908,215,1
1764426468611,910,218,1
1764426468627,911,220,1
1764426468627,914,222,1
1764426468645,916,224,1
1764426468645,917,227,1
1764426468661,919,230,1
1764426468663,921,232,1
1764426468675,922,234,1
1764426468675,924,238,1
1764426468691,925,241,1
1764426468691,927,243,1
1764426468707,929,246,1
1764426468707,931,250,1
1764426468723,933,253,1
1764426468723,934,255,1
1764426468739,936,257,1
1764426468739,936,260,1
1764426468755,938,265,1
1764426468755,940,267,1
1764426468771,940,270,1
1764426468771,942,274,1
1764426468787,944,276,1
1764426468787,945,278,1
1764426468803,946,280,1
1764426468803,946,283,1
1764426468819,947,285,1
1764426468819,948,286,1
1764426468835,949,288,1
1764426468835,950,290,1
1764426468851,951,291,1
1764426468851,951,292,1
1764426468866,952,294,1
1764426468866,953,295,1
1764426468882,953,297,1
1764426468882,953,299,1
1764426468898,954,301,1
1764426468898,955,303,1
1764426468914,956,305,1
1764426468914,956,307,1
1764426468930,956,310,1
1764426468930,957,312,1
1764426468946,957,315,1
1764426468946,958,318,1
1764426468962,959,321,1
1764426468962,959,324,1
1764426468977,960,327,1
1764426468977,960,330,1
1764426468994,960,333,1
1764426468994,960,335,1
1764426469011,961,338,1
1764426469011,961,342,1
1764426469027,961,347,1
1764426469027,961,350,1
1764426469042,961,354,1
1764426469042,961,358,1
1764426469058,961,362,1
1764426469058,961,366,1
1764426469078,961,370,1
1764426469080,961,374,1
1764426469090,961,378,1
1764426469090,961,381,1
1764426469106,961,385,1
1764426469106,960,390,1
1764426469122,960,394,1
1764426469122,959,397,1
1764426469138,959,400,1
1764426469138,959,404,1
1764426469154,957,408,1
1764426469161,957,411,1
1764426469169,957,414,1
1764426469169,957,417,1
1764426469185,956,420,1
1764426469185,955,424,1
1764426469201,955,426,1
1764426469201,954,428,1
1764426469216,954,430,1
1764426469216,954,432,1
1764426469232,953,434,1
1764426469232,953,437,1
1764426469248,952,439,1
1764426469248,952,441,1
1764426469264,951,443,1
1764426469264,950,446,1
1764426469280,949,448,1
1764426469280,948,452,1
1764426469295,946,454,1
1764426469295,946,456,1
1764426469311,945,459,1
1764426469327,944,461,1
1764426469327,943,463,1
1764426469343,942,466,1
1764426469343,941,468,1
1764426469359,940,470,1
1764426469359,938,473,1
1764426469359,937,475,1
1764426469374,936,479,1
1764426469390,934,482,1
1764426469390,933,484,1
1764426469406,932,486,1
1764426469406,931,489,1
1764426469422,930,491,1
1764426469422,929,493,1
1764426469440,927,495,1
1764426469445,926,498,1
1764426469454,924,500,1
1764426469454,923,502,1
1764426469470,921,504,1
1764426469470,920,507,1
1764426469486,918,509,1
1764426469486,916,511,1
1764426469502,914,513,1
1764426469502,912,516,1
1764426469518,910,519,1
1764426469518,907,521,1
1764426469534,905,525,1
1764426469534,903,527,1
1764426469550,900,530,1
1764426469550,898,533,1
1764426469566,895,535,1
1764426469566,893,537,1
1764426469582,892,539,1
1764426469582,890,540,1
1764426469598,888,543,1
1764426469598,886,544,1
1764426469613,885,545,1
1764426469613,884,547,1
1764426469629,882,548,1
1764426469629,881,550,1
1764426469645,880,551,1
1764426469645,879,552,1
1764426469661,878,553,1
1764426469677,877,554,1
1764426469677,876,555,1
1764426469693,875,556,1
1764426469709,873,558,1
1764426469725,872,559,1
1764426469725,872,560,1
1764426469741,871,561,1
1764426469741,870,562,1
1764426469757,869,563,1
1764426469757,868,564,1
1764426469773,867,565,1
1764426469773,866,565,1
1764426469789,865,566,1
1764426469789,863,567,1
1764426469805,862,569,1
1764426469805,861,569,1
1764426469821,859,570,1
1764426469821,858,571,1
1764426469837,856,573,1
1764426469837,854,573,1
1764426469853,853,575,1
1764426469853,851,576,1
1764426469869,849,577,1
1764426469869,848,579,1
1764426469884,846,579,1
1764426469884,845,581,1
1764426469900,843,582,1
1764426469900,841,583,1
1764426469916,839,584,1
1764426469916,838,585,1
1764426469932,835,586,1
1764426469932,834,587,1
1764426469948,832,589,1
1764426469948,830,589,1
1764426469964,827,591,1
1764426469964,825,592,1
1764426469979,823,592,1
1764426469979,821,594,1
1764426469995,818,595,1
1764426469995,816,595,1
1764426470011,813,596,1
1764426470011,811,598,1
1764426470027,808,598,1
1764426470027,805,599,1
1764426470043,802,601,1
1764426470043,798,602,1
1764426470058,795,602,1
1764426470058,792,603,1
1764426470074,789,605,1
1764426470074,786,605,1
1764426470093,783,606,1
1764426470095,781,607,1
1764426470108,777,609,1
1764426470108,774,609,1
1764426470122,771,610,1
1764426470122,769,611,1
1764426470138,766,612,1
1764426470138,763,612,1
1764426470154,760,613,1
1764426470154,757,614,1
1764426470170,754,614,1
1764426470170,750,614,1
1764426470186,745,615,1
1764426470186,742,615,1
1764426470202,739,615,1
1764426470202,736,615,1
1764426470218,733,615,1
1764426470218,730,615,1
1764426470233,727,615,1
1764426470233,724,616,1
1764426470249,720,616,1
1764426470249,716,616,1
1764426470265,712,616,1
1764426470265,708,616,1
1764426470280,702,617,1
1764426470280,697,617,1
1764426470296,690,617,1
1764426470296,683,617,1
1764426470312,678,617,1
1764426470312,673,617,1
1764426470328,667,617,1
1764426470328,662,617,1
1764426470344,656,617,1
1764426470344,651,617,1
1764426470360,645,617,1
1764426470360,640,617,1
1764426470376,635,617,1
1764426470376,629,617,1
1764426470391,625,617,1
1764426470391,621,617,1
1764426470407,617,617,1
1764426470423,613,617,0
1764426470423,610,617,0
1764426470423,607,617,0
1764426470439,605,616,0
1764426470439,603,616,0
1764426470455,602,616,0
1764426470455,601,615,0
1764426470471,600,615,0
1764426470471,599,615,0
1764426470487,597,615,0
1764426470503,596,614,0
1764426470503,595,614,0
1764426470503,593,614,0
1764426470519,591,612,0
1764426470519,590,612,0
1764426470535,588,611,0
1764426470535,586,610,0
1764426470551,584,609,0
1764426470551,582,608,0
1764426470567,580,606,0
1764426470584,577,605,0
1764426470585,574,602,0
1764426470585,571,600,0
1764426470599,566,596,0
1764426470599,562,593,0
1764426470615,558,590,0
1764426470615,554,587,0
1764426470630,552,585,0
1764426470646,549,582,0
1764426470646,548,580,0
1764426470662,546,578,0
1764426470662,544,576,0
1764426470678,542,572,0
1764426470678,540,570,0
1764426470694,539,568,0
1764426470696,537,566,0
1764426470710,537,564,1
1764426470710,536,562,1
1764426470726,534,560,1
1764426470726,533,557,1
1764426470742,532,554,1
1764426470742,531,553,1
1764426470757,530,551,1
1764426470757,529,549,1
1764426470774,527,545,1
1764426470774,526,542,1
1764426470790,524,539,1
1764426470790,522,535,1
1764426470806,521,531,1
1764426470806,519,528,1
1764426470822,517,524,1
1764426470822,517,521,1
1764426470837,515,519,1
1764426470837,513,516,1
1764426470854,513,513,1
1764426470854,511,509,1
1764426470870,509,506,1
1764426470870,507,501,1
1764426470885,505,498,1
1764426470885,503,494,1
1764426470901,500,489,1
1764426470906,499,484,1
1764426470917,497,481,1
1764426470917,495,478,1
1764426470933,494,474,1
1764426470933,493,471,1
1764426470949,491,467,1
1764426470949,489,462,1
1764426470964,487,458,1
1764426470964,486,453,1
1764426470981,484,449,1
1764426470981,483,444,1
1764426470997,482,440,1
1764426470997,480,436,1
1764426471012,479,433,1
1764426471016,479,429,1
1764426471029,478,425,1
1764426471029,477,421,1
1764426471044,476,416,1
1764426471044,476,412,1
1764426471060,475,408,1
1764426471060,475,403,1
1764426471076,475,397,1
1764426471076,475,392,1
1764426471094,475,386,1
1764426471094,475,381,1
1764426471108,475,374,1
1764426471108,475,369,1
1764426471124,476,363,1
1764426471124,476,358,1
1764426471140,477,352,1
1764426471140,478,348,1
1764426471156,479,342,1
1764426471156,480,336,1
1764426471172,480,331,1
1764426471172,481,325,1
1764426471188,482,320,1
1764426471188,483,314,1
1764426471204,483,310,1
1764426471204,483,306,1
1764426471220,484,301,1
1764426471220,485,298,1
1764426471236,486,294,1
1764426471236,487,291,1
1764426471252,488,288,1
1764426471252,488,283,1
1764426471268,489,280,1
1764426471268,490,277,1
1764426471283,491,274,1
1764426471283,491,271,1
1764426471299,491,268,1
1764426471299,492,265,1
1764426471315,493,263,1
1764426471315,494,261,1
1764426471331,494,258,1
1764426471331,495,255,1
1764426471347,496,254,1
1764426471347,497,252,1
1764426471363,497,250,1
1764426471363,498,247,1
1764426471379,499,245,1
1764426471379,500,243,1
1764426471395,500,241,1
1764426471395,502,238,1
1764426471410,504,234,1
1764426471420,505,231,1
1764426471426,507,228,1
1764426471426,508,226,1
1764426471442,511,222,1
1764426471442,512,220,1
1764426471458,514,218,1
1764426471458,515,215,1
1764426471474,518,212,1
1764426471474,520,209,1
1764426471490,524,205,1
1764426471490,526,203,1
1764426471506,529,200,1
1764426471506,531,197,1
1764426471522,534,195,1
1764426471522,537,192,1
1764426471538,539,190,1
1764426471538,543,187,1
1764426471554,546,185,1
1764426471554,550,182,1
1764426471570,553,178,1
1764426471570,557,176,1
1764426471586,560,173,1
1764426471586,564,171,1
1764426471602,567,169,1
1764426471602,569,167,1
1764426471618,573,166,1
1764426471618,576,164,1
1764426471637,577,163,1
1764426471637,579,161,1
1764426471649,582,160,1
1764426471649,584,158,1
1764426471665,587,157,1
1764426471665,589,156,1
1764426471681,593,154,1
1764426471681,595,153,1
1764426471696,598,151,1
1764426471696,600,150,1
1764426471712,602,149,1
1764426471712,605,148,1
1764426471728,608,147,1
1764426471728,610,146,1
1764426471744,612,145,1
1764426471744,614,145,1
1764426471760,617,144,1
1764426471760,619,143,1
1764426471776,621,142,1
1764426471776,623,141,1
1764426471792,625,140,1
1764426471792,628,139,1
1764426471808,631,139,1
1764426471823,633,138,1
1764426471823,635,137,1
1764426471823,637,136,1
1764426471839,639,136,1
1764426471855,642,135,1
1764426471855,645,134,1
1764426471855,647,133,1
1764426471871,650,132,1
1764426471871,653,130,1
1764426471887,655,130,1
1764426471887,658,130,1
1764426471903,660,129,1
1764426471903,662,128,1
1764426471919,664,128,1
1764426471919,666,127,1
1764426471934,668,127,1
1764426471950,669,127,1
1764426471951,670,127,1
1764426471966,672,126,1
1764426471966,674,126,1
1764426471982,676,125,1
1764426471982,678,125,1
1764426471998,680,124,1
1764426471998,682,124,1
1764426472014,685,124,1
1764426472014,687,124,1
1764426472030,689,124,1
1764426472030,692,124,1
1764426472046,694,124,1
1764426472046,697,124,1
1764426472062,699,124,1
1764426472062,701,124,1
1764426472078,703,124,1
1764426472078,705,124,1
1764426472094,708,124,1
1764426472094,711,124,1
1764426472110,714,124,1
1764426472110,717,124,1
1764426472125,720,124,1
1764426472125,723,124,1
1764426472142,726,124,1
1764426472142,729,124,1
1764426472159,732,125,1
1764426472166,735,125,1
1764426472174,738,126,1
1764426472174,740,127,1
1764426472190,741,127,1
1764426472190,743,127,1
1764426472206,745,127,1
1764426472206,748,127,1
1764426472221,750,127,1
1764426472221,752,128,1
1764426472238,753,128,1
1764426472239,755,129,1
1764426472253,757,129,1
1764426472253,759,130,1
1764426472269,760,130,1
1764426472269,762,130,1
1764426472285,765,130,1
1764426472285,767,131,1
1764426472301,769,131,1
1764426472301,771,132,1
1764426472317,773,132,1
1764426472317,775,132,1
1764426472332,778,133,1
1764426472332,779,133,1
1764426472348,781,133,1
1764426472348,782,134,1
1764426472364,785,135,1
1764426472364,787,135,1
1764426472380,789,136,1
1764426472380,792,137,1
1764426472396,794,138,1
1764426472396,796,138,1
1764426472411,800,139,1
1764426472411,803,141,1
1764426472428,806,142,1
1764426472428,809,144,1
1764426472446,814,146,1
1764426472449,818,148,1
1764426472459,823,150,1
1764426472459,828,151,1
1764426472475,832,154,1
1764426472475,837,156,1
1764426472491,841,158,1
1764426472491,846,160,1
1764426472506,849,161,1
1764426472506,852,163,1
1764426472522,856,165,1
1764426472522,858,166,1
1764426472538,860,168,1
1764426472538,863,169,1
1764426472554,867,171,1
1764426472554,870,172,1
1764426472570,872,174,1
1764426472570,874,175,1
1764426472586,876,176,1
1764426472586,878,178,1
1764426472601,879,179,1
1764426472601,881,180,1
1764426472617,882,181,1
1764426472617,884,183,1
1764426472634,886,183,1
1764426472634,887,185,1
1764426472649,889,186,1
1764426472649,890,188,1
1764426472665,892,189,1
1764426472665,894,190,1
1764426472681,895,192,1
1764426472681,897,193,1
1764426472697,899,195,1
1764426472697,900,196,1
1764426472713,902,198,1
1764426472713,903,199,1
1764426472728,905,201,1
1764426472728,906,202,1
1764426472744,908,204,1
1764426472744,909,207,1
1764426472760,911,209,1
1764426472760,912,211,1
1764426472776,913,212,1
1764426472776,915,215,1
1764426472792,917,218,1
1764426472792,918,220,1
1764426472807,920,222,1
1764426472807,921,226,1
1764426472824,923,229,1
1764426472824,923,231,1
1764426472839,925,233,1
1764426472839,926,236,1
1764426472855,927,238,1
1764426472871,929,241,1
1764426472871,930,243,1
1764426472887,931,245,1
1764426472887,932,248,1
1764426472887,933,250,1
1764426472903,933,252,1
1764426472903,935,255,1
1764426472918,936,258,1
1764426472918,937,261,1
1764426472934,939,264,1
1764426472950,940,267,1
1764426472950,942,270,1
1764426472950,944,275,1
1764426472967,945,278,1
1764426472982,946,283,1
1764426472982,948,286,1
1764426472998,950,289,1
1764426472998,952,294,1
1764426472998,953,298,1
1764426473014,955,301,1
1764426473030,957,306,1
1764426473030,959,309,1
1764426473046,959,312,1
1764426473046,960,317,1
1764426473062,961,320,1
1764426473068,962,323,1
1764426473078,962,326,1
1764426473078,963,329,1
1764426473094,964,332,1
1764426473094,965,335,1
1764426473110,966,337,1
1764426473110,966,340,1
1764426473126,966,343,1
1764426473126,967,346,1
1764426473142,967,348,1
1764426473142,967,350,1
1764426473158,967,353,1
1764426473158,967,355,1
1764426473174,967,358,1
1764426473174,967,361,1
1764426473190,967,364,1
1764426473190,967,367,1
1764426473206,967,370,1
1764426473206,967,373,1
1764426473222,967,376,1
1764426473222,966,380,1
1764426473238,966,383,1
1764426473238,965,387,1
1764426473254,965,390,1
1764426473254,964,395,1
1764426473270,963,398,1
1764426473271,963,402,1
1764426473285,961,406,1
1764426473285,960,411,1
1764426473301,959,415,1
1764426473301,959,418,1
1764426473318,958,423,1
1764426473319,956,426,1
1764426473334,955,430,1
1764426473334,954,433,1
1764426473350,954,436,1
1764426473350,952,440,1
1764426473366,952,443,1
1764426473366,951,445,1
1764426473381,950,447,1
1764426473381,949,450,1
1764426473397,948,452,1
1764426473397,948,455,1
1764426473413,946,457,1
1764426473413,946,459,1
1764426473429,945,462,1
1764426473429,944,464,1
1764426473445,943,467,1
1764426473445,942,469,1
1764426473461,941,472,1
1764426473461,939,474,1
1764426473477,939,476,1
1764426473477,938,478,1
1764426473493,936,482,1
1764426473493,935,484,1
1764426473509,934,486,1
1764426473509,933,488,1
1764426473527,932,491,1
1764426473534,930,493,1
1764426473541,929,495,1
1764426473541,927,497,1
1764426473556,926,500,1
1764426473556,924,502,1
1764426473572,923,504,1
1764426473572,921,506,1
1764426473589,920,508,1
1764426473593,918,511,1
1764426473605,917,513,1
1764426473605,915,514,1
1764426473620,914,517,1
1764426473620,912,518,1
1764426473636,910,520,1
1764426473636,909,523,1
1764426473652,906,525,1
1764426473652,904,527,1
1764426473668,903,529,1
1764426473668,901,532,1
1764426473683,899,534,1
1764426473683,897,536,1
1764426473699,896,538,1
1764426473699,894,540,1
1764426473715,893,541,1
1764426473715,892,543,1
1764426473731,890,545,1
1764426473731,889,546,1
1764426473747,886,549,1
1764426473747,885,550,1
1764426473763,883,552,1
1764426473763,882,554,1
1764426473779,881,555,1
1764426473779,879,557,1
1764426473797,878,558,1
1764426473799,876,560,1
1764426473811,875,561,1
1764426473811,873,562,1
1764426473827,871,564,1
1764426473827,870,565,1
1764426473843,868,567,1
1764426473843,866,568,1
1764426473859,864,570,1
1764426473859,862,571,1
1764426473874,860,573,1
1764426473874,858,574,1
1764426473890,856,576,1
1764426473890,852,577,1
1764426473906,850,578,1
1764426473906,847,580,1
1764426473922,844,580,1
1764426473922,841,582,1
1764426473938,839,583,1
1764426473938,835,584,1
1764426473954,832,585,1
1764426473954,829,587,1
1764426473969,825,588,1
1764426473969,822,588,1
1764426473985,818,589,1
1764426473985,815,591,1
1764426474001,811,592,1
1764426474001,808,592,1
1764426474017,805,593,1
1764426474017,802,594,1
1764426474033,799,595,1
1764426474033,797,595,1
1764426474048,796,595,1
1764426474048,794,595,1
1764426474064,792,596,1
1764426474064,790,597,1
1764426474080,789,597,1
1764426474080,788,597,1
1764426474096,785,597,1
1764426474096,784,598,1
1764426474112,782,598,1
1764426474112,780,598,1
1764426474128,777,598,1
1764426474128,774,598,1
1764426474144,771,598,1
1764426474144,768,598,1
1764426474160,766,598,1
1764426474160,763,598,1
1764426474175,761,598,1
1764426474175,758,598,1
1764426474191,755,598,1
1764426474191,753,598,1
1764426474207,751,598,1
1764426474207,748,598,1
1764426474223,746,598,1
1764426474223,744,598,1
1764426474239,741,598,1
1764426474239,738,598,1
1764426474255,735,598,1
1764426474255,732,598,1
1764426474271,729,598,1
1764426474271,726,598,1
1764426474287,723,598,1
1764426474287,720,598,1
1764426474303,718,598,1
1764426474303,715,598,1
1764426474319,713,598,1
1764426474335,710,598,1
1764426474339,708,598,1
1764426474339,705,598,1
1764426474350,702,598,1
1764426474350,699,598,1
1764426474366,697,598,1
1764426474366,695,598,1
1764426474382,693,598,1
1764426474399,691,598,1
1764426474399,690,598,1
1764426474414,688,598,1
1764426474414,687,598,1
1764426474430,686,598,1
1764426474430,684,598,1
1764426474446,683,598,1
1764426474446,681,598,1
1764426474462,679,598,1
1764426474462,677,598,1
1764426474478,674,598,1
1764426474478,672,598,1
1764426474494,670,598,1
1764426474494,668,598,1
1764426474510,666,598,1
1764426474510,665,598,1
1764426474526,663,598,1
1764426474526,661,598,1
1764426474542,659,598,1
1764426474542,657,598,1
1764426474558,655,597,1
1764426474558,653,597,1
1764426474573,651,596,1
1764426474573,648,595,1
1764426474589,645,595,1
1764426474589,643,595,1
1764426474605,641,594,1
1764426474605,639,594,1
1764426474621,637,594,1
1764426474621,635,593,1
1764426474637,633,593,1
1764426474637,631,592,1
1764426474653,629,592,1
1764426474653,628,592,1
1764426474669,626,592,1
1764426474669,625,592,1
1764426474687,624,591,1
1764426474687,623,591,1
1764426474701,622,591,1
1764426474701,621,590,1
1764426474717,619,589,1
1764426474717,618,588,1
1764426474733,615,587,1
1764426474733,613,585,1
1764426474749,611,584,1
1764426474749,608,582,1
1764426474765,604,581,1
1764426474765,601,578,1
1764426474781,599,576,1
1764426474781,596,575,1
1764426474797,593,572,1
1764426474797,591,571,1
1764426474813,589,569,1
1764426474813,587,568,1
1764426474828,586,567,1
1764426474828,584,566,1
1764426474844,582,564,1
1764426474844,581,563,1
1764426474860,579,562,1
1764426474860,578,562,1
1764426474876,577,560,1
1764426474876,575,559,1
1764426474896,574,558,1
1764426474896,572,557,1
1764426474908,571,555,1
1764426474908,570,554,1
1764426474924,568,552,1
1764426474924,567,551,1
1764426474940,566,550,1
1764426474940,565,548,1
1764426474956,564,548,1
1764426474956,563,546,1
1764426474972,561,545,1
1764426474972,561,544,1
1764426474989,559,542,1
1764426475003,558,540,1
1764426475003,556,539,1
1764426475019,556,538,1
1764426475019,554,536,1
1764426475035,554,535,1
1764426475035,552,533,1
1764426475051,551,532,1
1764426475051,550,531,1
1764426475067,549,529,1
1764426475067,548,528,1
1764426475083,547,526,1
1764426475083,545,525,1
1764426475099,544,523,1
1764426475099,543,521,1
0,0,0,0
1764426475115,542,520,1
1764426475115,541,518,1
1764426475131,540,517,1
1764426475131,538,516,1
1764426475148,537,514,1
1764426475148,537,513,1
1764426475162,535,512,1
1764426475162,535,509,1
1764426475178,533,508,1
1764426475178,532,507,1
1764426475197,531,505,1
1764426475199,529,503,1
1764426475210,529,501,1
1764426475210,527,500,1
1764426475225,526,498,1
1764426475225,524,496,1
1764426475241,523,493,1
1764426475241,521,491,1
1764426475257,520,489,1
1764426475257,518,487,1
1764426475273,516,484,1
1764426475273,515,482,1
1764426475289,513,480,1
1764426475289,512,478,1
1764426475305,510,475,1
1764426475305,509,473,1
1764426475320,508,471,1
1764426475320,507,469,1
1764426475336,506,466,1
1764426475336,505,464,1
1764426475352,503,461,1
1764426475352,503,459,1
1764426475368,503,457,1
1764426475384,502,455,1
1764426475384,501,453,1
1764426475400,501,451,1
1764426475400,501,450,1
1764426475400,501,448,1
1764426475416,501,445,1
1764426475416,501,443,1
1764426475432,501,441,1
1764426475432,501,439,1
1764426475448,501,436,1
1764426475448,501,433,1
1764426475464,501,430,1
1764426475464,501,428,1
1764426475480,501,425,1
1764426475480,501,423,1
1764426475496,501,420,1
1764426475496,501,417,1
1764426475512,501,414,1
1764426475512,501,410,1
1764426475528,501,407,1
1764426475528,501,403,1
1764426475544,501,399,1
1764426475559,501,395,0
1764426475559,501,390,0
1764426475559,501,387,0
1764426475575,501,384,0
1764426475575,501,380,0
1764426475591,501,377,0
1764426475607,501,374,0
1764426475607,501,371,0
1764426475623,501,369,0
1764426475623,501,366,0
1764426475623,501,364,0
1764426475639,501,362,0
1764426475639,501,360,0
1764426475655,501,358,0
1764426475655,501,356,0
1764426475671,501,353,0
1764426475671,501,350,0
1764426475687,501,348,0
1764426475687,501,345,0
1764426475702,501,343,0
1764426475702,501,341,0
1764426475718,501,339,0
1764426475734,501,336,1
1764426475734,501,334,1
1764426475750,501,332,1
1764426475750,501,329,1
1764426475766,501,326,1
1764426475766,501,323,1
1764426475782,501,321,1
1764426475782,501,318,1
1764426475798,501,315,1
1764426475798,501,313,1
1764426475814,501,310,1
1764426475814,501,307,1
1764426475830,501,304,1
1764426475830,501,301,1
1764426475846,501,298,1
1764426475846,501,295,1
1764426475862,501,292,1
1764426475862,501,289,1
1764426475878,501,286,1
1764426475878,501,283,1
1764426475894,501,280,1
1764426475894,501,277,1
1764426475910,501,274,1
1764426475910,501,271,1
1764426475926,501,268,1
1764426475926,502,265,1
1764426475942,503,262,1
1764426475942,503,259,1
1764426475958,504,256,1
1764426475958,504,253,1
1764426475974,505,250,1
1764426475974,506,247,1
1764426475990,508,244,1
1764426475990,509,240,1
1764426476006,511,236,1
1764426476006,513,233,1
1764426476022,514,228,1
1764426476022,517,223,1
1764426476040,520,220,1
1764426476040,522,217,1
1764426476054,524,213,1
1764426476054,526,210,1
1764426476070,528,206,1
1764426476070,531,203,1
1764426476086,535,199,1
1764426476086,538,196,1
1764426476102,541,193,1
1764426476102,543,191,1
1764426476118,545,189,1
1764426476118,547,186,1
1764426476134,549,185,1
1764426476134,550,184,1
1764426476149,551,183,1
1764426476149,552,182,1
1764426476165,553,181,1
1764426476181,554,180,1
1764426476181,554,179,1
1764426476197,555,178,1
1764426476197,556,177,1
1764426476213,557,177,1
1764426476213,558,176,1
1764426476229,559,175,1
1764426476229,561,172,1
1764426476247,565,166,1
1764426476255,572,158,1
1764426476261,581,148,1
1764426476261,595,134,1
1764426476277,615,117,0
1764426476277,637,99,0
1764426477439,645,92,0
1764426477439,648,86,0
1764426477455,644,84,0
1764426477470,636,89,0
1764426477470,623,91,0
1764426477486,617,92,0
1764426477486,615,92,0
1764426477502,617,93,0
1764426477519,619,93,0
1764426477519,622,94,0
1764426477535,626,94,0
1764426477535,631,93,0
1764426477551,634,93,0
1764426477551,636,92,0
1764426477566,637,92,0
1764426477582,637,91,0
1764426477582,636,89,0
1764426477582,634,87,0
1764426477598,631,84,0
1764426477615,629,81,0
1764426478114,630,81,0
1764426478129,634,81,0
1764426478129,640,82,0
1764426478145,650,84,0
1764426478145,663,86,0
1764426478161,679,90,0
1764426478161,698,95,0
1764426478177,722,101,1
1764426478177,751,108,1
1764426478196,780,113,1
1764426478196,807,119,1
1764426478209,826,123,1
1764426478209,835,125,1
1764426478225,841,125,1
1764426478225,843,123,0
1764426478241,844,118,0
1764426478241,845,110,0
1764426478257,845,100,0
1764426478257,845,90,0
1764426478273,845,81,0
1764426478273,845,73,0
1764426478289,845,65,0
1764426478289,843,59,0
1764426478305,840,53,0
1764426478321,837,48,0
1764426478321,834,45,0
1764426478337,831,43,0
1764426478337,830,43,0
1764426478369,829,43,0
1764426478578,829,44,0
1764426478614,830,44,0
1764426478642,829,44,0
1764426478642,828,44,0
1764426478836,827,44,0
1764426478836,826,44,0
1764426479480,825,44,0
1764426479496,824,44,0
1764426479496,823,44,0
1764426479512,821,44,0
1764426479512,815,45,0
1764426479528,806,45,0
1764426479528,792,45,0
1764426479544,774,45,0
1764426479544,760,45,0
1764426479559,745,45,0
1764426479559,734,43,0
1764426479575,727,41,0
1764426479591,724,39,0
1764426479623,723,39,0
1764426479623,723,37,0
1764426479639,723,34,0
1764426479655,726,26,0
1764426479655,734,8,0
1764426479831,948,3,0
1764426479831,948,13,0
1764426479847,948,25,0
1764426479847,947,37,0
1764426479863,946,47,0
1764426479863,944,58,0
1764426479879,941,65,0
1764426480121,939,68,0
1764426480121,937,67,0
1764426480138,935,65,0
1764426480138,933,62,0
1764426480153,935,61,0
1764426480153,935,60,0
1764426480168,933,60,0
1764426480168,931,61,0
1764426480184,928,62,0
1764426480184,926,63,0
1764426480362,925,65,0
1764426480586,925,66,0
1764426480602,925,67,0
1764426480602,925,69,0
1764426480618,924,73,0
1764426480618,922,78,0
1764426480634,918,81,0
1764426480634,913,86,0
1764426480650,907,90,0
1764426480650,900,94,0
1764426480666,892,98,0
1764426480666,885,101,0
1764426480682,879,103,0
1764426480682,873,106,0
1764426480697,868,107,0
1764426480697,865,109,0
1764426480713,862,112,0
1764426480713,857,113,0
1764426480729,852,116,0
1764426480729,848,118,0
1764426480745,842,120,0
1764426480745,838,122,0
1764426480761,833,123,1
1764426480761,830,123,1
1764426480777,828,124,1
1764426480777,826,124,1
1764426480793,824,125,1
1764426480793,822,125,1
1764426480808,820,126,1
1764426480808,819,126,1
1764426480826,818,126,1
1764426480826,817,126,1
1764426480840,816,126,1
1764426480856,815,126,1
1764426480890,814,126,1
1764426480936,813,126,1
1764426480936,812,126,1
1764426480952,811,126,1
1764426480952,809,126,1
1764426480967,806,126,1
1764426480983,801,126,1
1764426480983,795,126,1
1764426480999,785,126,1
1764426480999,775,126,1
1764426481015,766,127,1
1764426481531,762,127,1
1764426481531,760,127,1
1764426481548,758,125,1
1764426481548,756,123,1
1764426481564,754,122,1
1764426481564,752,120,1
1764426481580,750,119,1
1764426481580,747,117,1
1764426481596,743,116,1
1764426481596,741,113,1
1764426481612,739,111,1
1764426481612,736,109,1
1764426481628,735,107,1
1764426481628,734,105,1
1764426481645,734,104,1
1764426481661,734,103,1
1764426482241,733,103,1
1764426482262,732,104,1
1764426482266,731,105,1
1764426482273,730,106,1
1764426482273,728,107,1
1764426482289,727,108,1
1764426482289,726,109,1
1764426482305,724,111,1
1764426482321,723,112,1
1764426482321,723,113,1
1764426482477,722,114,1
1764426484625,722,115,1
1764426484641,723,117,1
1764426484641,727,121,1
1764426484657,733,126,1
1764426484657,740,133,1
1764426484673,750,142,1
1764426484673,762,153,0
1764426484688,777,167,0
1764426484688,797,184,0
1764426484705,822,202,0
1764426484705,850,225,0
1764426484720,881,250,0
1764426484720,909,273,0
1764426484736,940,298,1
1764426484736,968,321,1
1764426484752,993,341,0
1764426484752,1011,357,0
1764426484768,1026,371,0
1764426484768,1036,381,0
1764426484784,1045,390,0
1764426484784,1052,399,0
1764426484799,1060,406,0
1764426484799,1067,414,0
1764426484815,1076,421,0
1764426484831,1084,430,0
1764426484831,1091,437,0
1764426484847,1099,445,0
1764426484847,1106,454,0
1764426484863,1114,461,0
1764426484863,1123,470,0
1764426484879,1133,479,0
1764426484879,1143,488,0
1764426484895,1156,499,0
1764426484895,1171,511,0
1764426484911,1185,523,0
1764426484911,1203,537,0
1764426484927,1215,548,0
1764426484927,1227,560,0
1764426484943,1236,567,0
1764426484945,1244,574,0
1764426484945,1250,579,0
1764426484959,1255,582,0
1764426484975,1258,585,0
1764426484975,1261,588,0
1764426484991,1264,589,0
1764426484991,1266,591,0
1764426485007,1267,592,0
1764426485007,1269,593,0
1764426485022,1270,594,0
1764426485022,1272,596,0
1764426485040,1273,597,0
1764426485040,1275,599,0
1764426485054,1279,603,0
1764426485054,1283,607,0
1764426485070,1287,612,0
1764426485070,1292,616,0
1764426485070,1297,620,0
1764426485086,1302,624,0
1764426485086,1307,628,0
1764426485102,1312,632,0
1764426485118,1316,636,0
1764426485118,1320,639,0
1764426485135,1325,642,0
1764426485135,1328,645,0
1764426485151,1330,647,0
1764426485151,1334,650,0
1764426485167,1337,652,0
1764426485167,1340,654,0
1764426485182,1343,657,0
1764426485182,1347,660,0
1764426485182,1350,663,0
1764426485198,1352,666,0
1764426485214,1355,668,0
1764426485214,1356,669,0
1764426485214,1358,670,0
1764426485230,1359,671,0
1764426485230,1360,672,0
1764426485247,1360,673,0
1764426485262,1361,674,0
1764426485262,1363,676,0
1764426485278,1365,678,0
1764426485278,1368,681,0
1764426485294,1370,684,0
1764426485294,1372,687,0
1764426485310,1375,689,0
1764426485310,1377,691,0
1764426485325,1379,693,0
1764426485341,1380,694,0
1764426485405,1381,695,0
1764426485421,1382,695,0
1764426485421,1383,695,0
1764426485437,1385,695,0
1764426485437,1388,695,0
1764426485453,1391,695,0
1764426485453,1394,695,0
1764426485469,1396,694,0
1764426485469,1399,693,0
1764426485485,1402,693,0
1764426485485,1405,693,0
1764426485502,1406,693,0
1764426485502,1407,693,0
1764426485517,1408,693,0
1764426485631,1409,692,0
1764426485679,1410,692,0
1764426485679,1411,692,0
1764426485711,1413,693,0
1764426485711,1416,694,0
1764426485727,1418,695,0
1764426485727,1421,697,0
1764426485743,1424,698,0
1764426486273,1425,698,0
1764426486725,1424,698,0
1764426486902,1423,698,0
1764426486918,1422,698,0
1764426486934,1421,698,0
1764426486934,1420,698,0
1764426486952,1418,698,0
1764426486952,1417,699,0
1764426486952,1415,699,0
1764426486966,1414,700,0
1764426486982,1412,700,0
1764426486998,1412,701,0
1764426486998,1411,701,0
1764426487014,1410,701,0
1764426487031,1409,701,0
1764426487031,1409,702,0
1764426487047,1408,702,0
1764426487047,1408,703,0
1764426487063,1407,703,0
1764426487063,1406,703,0
1764426487079,1405,703,0
1764426487079,1405,704,0
1764426487095,1404,704,0
1764426487143,1403,704,0
1764426487274,1402,704,0
1764426493263,1401,704,0
1764426493280,1400,704,0
1764426493295,1399,704,0
1764426493311,1398,704,0
1764426493327,1397,704,0
1764426493343,1396,704,0
1764426493359,1396,703,0
1764426493359,1395,703,0
1764426493374,1394,703,0
1764426493374,1393,702,0
1764426493390,1392,701,0
1764426493390,1391,700,0
1764426493390,1389,699,0
1764426493406,1387,698,0
1764426493422,1386,698,0
1764426493454,1385,697,0
1764426494274,1384,697,0
1764426495449,1385,696,0
1764426495465,1388,694,0
1764426495465,1391,693,0
1764426495481,1395,692,0
1764426495481,1398,690,0
1764426495497,1401,689,0
1764426495497,1403,689,0
1764426495513,1404,688,0
1764426495513,1406,688,0
1764426495529,1406,687,0
1764426495529,1407,687,0
1764426495708,1406,686,0
1764426495722,1404,685,0
1764426495722,1400,684,0
1764426495738,1393,682,0
1764426495738,1383,680,0
1764426495754,1369,676,0
1764426495754,1354,673,0
1764426495770,1336,669,0
1764426495770,1306,662,0
1764426495786,1279,656,0
1764426495786,1250,649,0
1764426495802,1218,643,0
1764426495802,1187,638,0
1764426495817,1157,631,0
1764426495817,1128,626,0
1764426495834,1105,622,0
1764426495834,1081,617,0
1764426495849,1060,613,0
1764426495849,1036,609,0
1764426495865,1010,606,0
1764426495865,985,603,0
1764426495881,959,600,0
1764426495881,931,596,0
1764426495897,902,593,0
1764426495897,874,590,1
1764426495913,849,589,1
1764426495913,824,587,1
1764426495929,798,584,1
1764426495929,770,583,0
1764426495945,742,579,0
1764426495945,717,578,0
1764426495960,694,577,0
1764426495960,677,575,0
1764426495976,663,574,0
1764426495976,653,574,0
1764426495995,643,574,0
1764426495995,635,574,1
1764426496008,629,574,1
1764426496008,623,574,1
1764426496024,619,574,1
1764426496024,616,574,1
1764426496040,613,574,1
1764426496040,611,574,1
1764426496056,609,575,1
1764426496056,607,576,1
1764426496071,604,576,1
1764426496071,602,577,1
1764426496087,600,578,1
1764426496087,598,579,1
1764426496103,595,579,1
1764426496103,592,581,1
1764426496119,588,582,1
1764426496119,585,583,1
1764426496135,582,583,1
1764426496135,579,585,1
1764426496151,576,586,1
1764426496151,574,587,1
1764426496167,571,587,1
1764426496176,570,587,1
1764426496183,568,588,1
1764426496199,567,588,1
1764426496215,566,588,1
1764426496231,564,588,0
1764426496252,563,588,0
1764426496252,562,588,0
1764426496263,560,588,0
1764426496279,559,588,0
1764426496279,558,588,0
1764426496295,557,588,0
1764426496295,555,587,0
1764426496295,554,587,0
1764426496310,553,586,0
1764426496310,551,585,0
1764426496326,550,584,0
1764426496326,548,582,0
1764426496358,547,581,0
1764426496358,546,580,0
1764426496374,544,578,0
1764426496374,543,577,0
1764426496374,542,575,0
1764426496390,541,573,0
1764426496390,539,572,0
1764426496406,539,570,0
1764426496406,537,568,0
1764426496422,537,566,0
1764426496438,536,564,1
1764426496438,535,562,1
1764426496438,534,560,1
1764426496454,533,558,1
1764426496454,532,556,1
1764426496470,531,554,1
1764426496488,531,552,1
1764426496488,530,549,1
1764426496501,528,546,1
1764426496501,528,544,1
1764426496517,527,541,1
1764426496517,526,539,1
1764426496534,525,536,1
1764426496534,523,532,1
1764426496549,522,530,1
1764426496549,521,527,1
1764426496565,520,524,1
1764426496565,519,519,1
1764426496581,517,516,1
1764426496581,516,513,1
1764426496597,514,508,1
1764426496597,512,504,1
1764426496613,510,500,1
1764426496613,509,496,1
1764426496629,507,493,1
1764426496629,505,488,1
1764426496645,504,486,1
1764426496645,502,484,1
1764426496661,501,480,1
1764426496661,500,478,1
1764426496677,498,475,1
1764426496677,497,473,1
1764426496694,496,470,1
1764426496698,494,466,1
1764426496709,493,463,1
1764426496709,493,461,1
1764426496725,491,458,1
1764426496725,490,456,1
1764426496741,489,453,1
1764426496741,489,451,1
1764426496757,487,448,1
1764426496757,487,446,1
1764426496772,487,443,1
1764426496772,486,440,1
1764426496788,485,437,1
1764426496788,484,435,1
1764426496804,484,432,1
1764426496804,484,429,1
1764426496820,484,428,1
1764426496820,484,426,1
1764426496836,484,423,1
1764426496836,484,420,1
1764426496852,484,417,1
1764426496852,484,414,1
1764426496868,484,411,1
1764426496868,484,408,1
1764426496884,484,405,1
1764426496884,484,402,1
1764426496900,484,399,1
1764426496900,484,395,1
1764426496916,484,392,1
1764426496916,485,388,1
1764426496932,486,384,1
1764426496932,487,379,1
1764426496948,488,375,1
1764426496948,489,372,1
1764426496964,489,368,1
1764426496964,490,363,1
1764426496980,491,359,1
1764426496980,491,355,1
1764426496998,491,351,1
1764426496998,491,347,1
1764426497012,492,343,1
1764426497012,492,339,1
1764426497027,493,336,1
1764426497027,493,333,1
1764426497043,493,330,1
1764426497043,493,327,1
1764426497059,493,324,1
1764426497059,493,321,1
1764426497075,493,318,1
1764426497075,494,315,1
1764426497091,494,311,1
1764426497091,494,308,1
1764426497106,494,305,1
1764426497106,494,302,1
1764426497122,495,299,1
1764426497122,495,296,1
1764426497138,495,293,1
1764426497138,496,290,1
1764426497154,496,288,1
1764426497154,496,285,1
1764426497170,496,282,1
1764426497170,497,279,1
1764426497186,497,276,1
1764426497186,498,273,1
1764426497202,498,270,1
1764426497202,498,267,1
1764426497218,499,264,1
1764426497218,500,262,1
1764426497234,500,260,1
1764426497234,501,258,1
1764426497249,502,256,1
1764426497249,502,253,1
1764426497265,503,251,1
1764426497265,504,249,1
1764426497282,505,247,1
1764426497282,505,245,1
1764426497299,506,242,1
1764426497299,508,239,1
1764426497313,509,237,1
1764426497313,510,235,1
1764426497329,511,233,1
1764426497329,513,230,1
1764426497345,514,228,1
1764426497345,516,226,1
1764426497361,517,224,1
1764426497361,519,222,1
1764426497377,520,221,1
1764426497377,522,219,1
1764426497393,523,217,1
1764426497393,525,215,1
1764426497409,528,213,1
1764426497409,529,211,1
1764426497425,531,209,1
1764426497425,532,207,1
1764426497441,534,205,1
1764426497441,536,204,1
1764426497457,538,201,1
1764426497457,540,200,1
1764426497473,542,198,1
1764426497473,544,196,1
1764426497488,545,195,1
1764426497488,548,193,1
1764426497509,549,192,1
1764426497510,551,191,1
1764426497520,551,190,1
1764426497520,553,189,1
1764426497536,555,188,1
1764426497536,556,186,1
1764426497551,558,185,1
1764426497551,560,183,1
1764426497567,562,182,1
1764426497567,564,181,1
1764426497583,566,180,1
1764426497583,568,178,1
1764426497599,569,177,1
1764426497599,572,176,1
1764426497615,574,175,1
1764426497615,576,174,1
1764426497631,578,173,1
1764426497631,580,172,1
1764426497646,582,171,1
1764426497646,584,169,1
1764426497662,586,168,1
1764426497678,589,167,1
1764426497678,590,166,1
1764426497694,592,165,1
1764426497694,593,165,1
1764426497694,595,164,1
1764426497726,596,164,1
1764426497726,597,164,1
1764426497742,597,163,1
1764426497742,598,162,1
1764426497758,601,161,1
1764426497758,603,160,1
1764426497774,606,159,1
1764426497790,609,157,1
1764426497790,612,156,1
1764426497805,615,155,1
1764426497805,619,155,1
1764426497821,621,153,1
1764426497821,624,152,1
1764426497837,627,152,1
1764426497837,630,150,1
1764426497853,634,148,1
1764426497854,637,148,1
1764426497868,640,146,1
1764426497868,643,145,1
1764426497884,646,144,1
1764426497884,651,143,1
1764426497900,654,142,1
1764426497900,657,141,1
1764426497916,660,140,1
1764426497916,663,139,1
1764426497932,666,138,1
1764426497932,669,137,1
1764426497948,672,136,1
1764426497948,676,136,1
1764426497964,680,134,1
1764426497964,683,133,1
1764426497980,686,132,1
1764426497980,691,131,1
1764426497996,694,131,1
1764426497996,697,129,1
1764426498011,699,129,1
1764426498011,701,128,1
1764426498027,703,128,1
1764426498027,705,128,1
1764426498043,707,127,1
1764426498043,709,127,1
1764426498061,710,127,1
1764426498069,712,127,1
1764426498075,714,126,1
1764426498075,716,126,1
1764426498091,718,126,1
1764426498091,720,126,1
1764426498107,722,126,1
1764426498107,725,126,1
1764426498123,727,126,1
1764426498123,730,126,1
1764426498139,734,126,1
1764426498139,738,126,1
1764426498155,741,127,1
1764426498155,745,128,1
1764426498171,748,128,1
1764426498171,753,129,1
1764426498187,757,130,1
1764426498187,761,131,1
1764426498202,767,133,1
1764426498202,771,134,1
1764426498218,776,135,1
1764426498218,780,136,1
1764426498234,786,138,1
1764426498234,789,138,1
1764426498250,794,140,1
1764426498250,797,141,1
1764426498266,801,143,1
1764426498266,804,143,1
1764426498282,809,145,1
1764426498282,812,147,1
1764426498297,814,148,1
1764426498297,816,148,1
1764426498313,818,149,1
1764426498313,820,150,1
1764426498329,821,150,1
1764426498329,824,151,1
1764426498345,827,153,1
1764426498345,829,154,1
1764426498361,831,154,1
1764426498361,833,155,1
1764426498377,837,157,1
1764426498377,839,157,1
1764426498393,841,159,1
1764426498393,843,160,1
1764426498409,845,161,1
1764426498409,848,162,1
1764426498425,850,163,1
1764426498425,851,163,1
1764426498441,852,164,1
1764426498441,853,164,1
1764426498457,854,165,1
1764426498457,855,165,1
1764426498473,856,166,1
1764426498473,857,166,1
1764426498488,858,167,1
1764426498488,859,168,1
1764426498504,861,168,1
1764426498504,862,169,1
1764426498520,864,170,1
1764426498520,865,172,1
1764426498536,867,173,1
1764426498536,869,175,1
1764426498551,870,175,1
1764426498551,871,177,1
1764426498567,873,178,1
1764426498567,875,180,1
1764426498583,877,181,1
1764426498583,878,183,1
1764426498599,880,184,1
1764426498599,882,186,1
1764426498615,885,189,1
1764426498615,887,190,1
1764426498631,889,192,1
1764426498631,891,195,1
1764426498647,892,197,1
1764426498647,895,198,1
1764426498669,896,200,1
1764426498671,897,201,1
1764426498679,898,203,1
1764426498695,900,204,1
1764426498695,901,206,1
1764426498695,902,208,1
1764426498711,904,209,1
1764426498711,905,211,1
1764426498726,907,213,1
1764426498726,908,215,1
1764426498742,911,217,1
1764426498742,912,220,1
1764426498758,915,223,1
1764426498774,917,225,1
1764426498774,918,228,1
1764426498774,920,230,1
1764426498790,921,231,1
1764426498790,922,233,1
1764426498806,923,234,1
1764426498806,924,235,1
1764426498822,925,237,1
1764426498822,926,238,1
1764426498838,928,240,1
1764426498854,928,241,1
1764426498854,930,242,1
1764426498870,930,245,1
1764426498870,931,246,1
1764426498870,933,248,1
1764426498886,934,250,1
1764426498902,936,253,1
1764426498902,937,254,1
1764426498902,938,256,1
1764426498918,939,259,1
1764426498934,940,262,1
1764426498934,942,264,1
1764426498950,942,267,1
1764426498950,944,270,1
1764426498966,946,272,1
1764426498966,946,275,1
1764426498982,947,277,1
1764426498983,948,279,1
1764426498983,948,282,1
1764426498999,950,285,1
1764426498999,951,290,1
1764426499015,953,293,1
1764426499015,953,296,1
1764426499031,954,299,1
1764426499031,955,302,1
1764426499047,956,305,1
1764426499047,956,309,1
1764426499063,957,312,1
1764426499063,957,315,1
1764426499079,957,317,1
1764426499079,957,320,1
1764426499094,958,323,1
1764426499094,958,326,1
1764426499110,958,329,1
1764426499126,958,332,1
1764426499126,958,334,1
1764426499126,958,336,1
1764426499142,958,339,1
1764426499142,958,341,1
1764426499157,958,343,1
1764426499173,958,346,1
1764426499173,958,349,1
1764426499189,958,351,1
1764426499189,958,354,1
1764426499205,958,357,1
1764426499205,958,361,1
1764426499221,957,366,1
1764426499222,956,370,1
1764426499237,956,374,1
1764426499237,955,379,1
1764426499252,954,384,1
1764426499252,953,390,1
1764426499268,952,396,1
1764426499268,951,401,1
1764426499284,950,407,1
1764426499284,949,412,1
1764426499300,949,418,1
1764426499300,948,423,1
1764426499316,947,428,1
1764426499316,946,433,1
1764426499332,946,437,1
1764426499332,945,442,1
1764426499348,945,446,1
1764426499348,945,449,1
1764426499363,944,452,1
1764426499363,944,455,1
1764426499379,944,458,1
1764426499379,943,461,1
1764426499395,942,464,1
1764426499395,942,467,1
1764426499411,941,470,1
1764426499411,941,473,1
1764426499429,940,476,1
1764426499429,940,479,1
1764426499443,939,484,1
1764426499443,938,487,1
1764426499458,937,490,1
1764426499458,936,493,1
1764426499474,935,496,1
1764426499474,935,499,1
1764426499490,934,501,1
1764426499490,934,504,1
1764426499506,933,507,1
1764426499506,932,511,1
1764426499522,931,515,1
1764426499522,929,518,1
1764426499538,929,520,1
1764426499538,928,524,1
1764426499553,927,526,1
1764426499553,926,528,1
1764426499569,926,530,1
1764426499569,924,532,1
1764426499585,923,535,1
1764426499585,922,537,1
1764426499601,921,539,1
1764426499601,920,541,1
1764426499616,919,543,1
1764426499616,918,546,1
1764426499632,916,547,1
1764426499632,915,548,1
1764426499648,914,551,1
1764426499648,912,552,1
1764426499664,911,554,1
1764426499664,910,556,1
1764426499684,907,558,1
1764426499686,905,560,1
1764426499696,903,563,1
1764426499696,900,565,1
1764426499711,898,567,1
1764426499711,896,569,1
1764426499727,892,571,1
1764426499727,890,573,1
1764426499743,887,575,1
1764426499743,884,577,1
1764426499759,880,579,1
1764426499759,877,581,1
1764426499775,874,583,1
1764426499775,870,584,1
1764426499791,867,586,1
1764426499791,864,588,1
1764426499807,860,589,1
1764426499807,857,591,1
1764426499823,854,593,1
1764426499823,849,595,1
1764426499839,846,596,1
1764426499855,841,598,1
1764426499855,838,600,1
1764426499855,834,601,1
1764426499870,831,601,1
1764426499870,826,603,1
1764426499886,822,605,1
1764426499902,817,607,1
1764426499902,813,608,1
1764426499917,808,609,1
1764426499917,804,610,1
1764426499934,799,612,1
1764426499934,794,614,1
1764426499949,788,616,1
1764426499949,784,617,1
1764426499949,778,618,1
1764426499965,772,619,1
1764426499981,765,620,1
1764426499981,759,621,1
1764426499997,752,623,1
1764426499997,745,624,1
1764426500013,738,625,1
1764426500013,730,626,1
1764426500029,721,627,1
1764426500029,715,628,1
1764426500045,708,628,1
1764426500045,702,629,1
1764426500061,697,629,1
1764426500061,691,629,1
1764426500077,687,629,1
1764426500077,683,629,1
1764426500093,679,629,1
1764426500093,676,630,1
1764426500109,673,630,1
1764426500109,670,630,1
1764426500125,668,630,1
1764426500125,665,630,1
1764426500141,662,630,1
1764426500141,660,630,1
1764426500157,659,630,1
1764426500157,658,630,1
1764426500173,657,630,1
1764426500173,656,630,1
1764426500188,655,630,1
1764426500188,654,630,1
1764426500204,652,630,0
1764426500204,650,628,1
1764426500221,648,627,1
1764426500221,644,625,1
1764426500236,642,624,1
1764426500236,639,622,1
1764426500252,636,620,1
1764426500252,633,618,1
1764426500268,630,615,1
1764426500268,626,613,1
1764426500284,623,610,1
1764426500284,621,608,1
1764426500300,617,605,1
1764426500300,615,603,1
1764426500316,611,600,1
1764426500316,608,598,1
1764426500331,605,595,1
1764426500331,603,593,1
1764426500347,601,591,1
1764426500347,599,588,1
1764426500363,596,586,1
1764426500363,594,584,1
1764426500379,593,583,1
1764426500379,591,581,1
1764426500395,590,579,1
1764426500395,588,578,1
1764426500411,587,576,1
1764426500411,585,575,1
1764426500427,584,574,1
1764426500427,582,572,1
1764426500443,581,571,1
1764426500443,579,569,1
1764426500461,577,568,1
1764426500461,575,566,1
1764426500475,574,563,1
1764426500475,572,562,1
1764426500490,572,561,1
1764426500490,571,559,1
1764426500506,570,559,1
1764426500506,570,557,1
1764426500522,569,556,1
1764426500522,567,554,1
1764426500538,566,552,1
1764426500538,564,549,1
1764426500554,561,547,1
1764426500554,560,545,1
1764426500571,557,541,1
1764426500571,554,538,1
1764426500585,551,534,1
1764426500585,549,531,1
1764426500601,546,527,1
1764426500601,543,524,1
1764426500620,541,520,1
1764426500628,539,517,1
1764426500636,538,515,1
1764426500642,536,513,1
1764426500648,535,511,1
1764426500648,533,509,1
1764426500664,532,507,1
1764426500664,531,504,1
1764426500680,530,501,1
1764426500680,529,498,1
1764426500696,527,495,1
1764426500696,526,490,1
1764426500712,524,486,1
1764426500712,522,481,1
1764426500727,520,476,1
1764426500727,519,470,1
1764426500743,518,466,1
1764426500743,516,460,1
1764426500759,514,454,1
1764426500759,512,448,1
1764426500775,511,443,1
1764426500775,509,438,1
1764426500791,507,432,1
1764426500791,506,427,1
1764426500806,505,421,1
1764426500822,504,417,1
1764426500822,503,412,1
1764426500822,501,408,1
1764426500838,500,403,1
1764426500855,499,398,1
1764426500860,498,393,1
1764426500870,497,389,1
1764426500870,496,384,1
1764426500870,495,379,1
1764426500886,494,375,1
1764426500901,493,370,1
1764426500901,492,366,1
1764426500917,492,363,1
1764426500917,491,360,1
1764426500933,491,357,1
1764426500933,490,354,1
1764426500949,490,351,1
1764426500949,490,348,1
1764426500965,490,345,1
1764426500965,489,342,1
1764426500981,489,339,1
1764426500981,489,336,1
1764426500996,489,333,1
1764426500996,489,330,1
1764426501012,489,327,1
1764426501012,489,324,1
1764426501028,489,321,1
1764426501028,489,319,1
1764426501044,489,316,1
1764426501044,489,314,1
1764426501060,489,311,1
1764426501060,489,308,1
1764426501076,489,305,1
1764426501076,490,302,1
1764426501092,491,299,1
1764426501092,492,296,1
1764426501108,494,293,1
1764426501108,496,288,1
1764426501124,497,285,1
1764426501124,499,280,1
1764426501140,501,277,1
1764426501140,504,272,1
1764426501156,506,268,1
1764426501156,509,264,1
1764426501171,511,261,1
1764426501171,513,257,1
1764426501187,516,254,1
1764426501187,519,249,1
1764426501203,522,246,1
1764426501203,525,242,1
1764426501219,527,239,1
1764426501219,530,236,1
1764426501235,532,234,1
1764426501235,534,232,1
1764426501250,536,228,1
1764426501250,537,226,1
1764426501266,540,224,1
1764426501266,542,222,1
1764426501282,544,219,1
1764426501282,547,216,1
1764426501298,550,212,1
1764426501298,551,211,1
1764426501314,553,209,1
1764426501314,555,206,1
1764426501330,557,205,1
1764426501330,559,203,1
1764426501346,562,200,1
1764426501346,564,199,1
1764426501362,566,197,1
1764426501362,568,196,1
1764426501378,570,194,1
1764426501378,572,193,1
1764426501394,574,191,1
1764426501394,577,189,1
1764426501410,579,188,1
1764426501410,580,186,1
1764426501426,582,185,1
1764426501426,583,184,1
1764426501441,585,183,1
1764426501441,588,181,1
1764426501457,590,180,1
1764426501457,591,178,1
1764426501475,594,177,1
1764426501475,595,176,1
1764426501489,597,174,1
1764426501489,598,174,1
1764426501505,600,172,1
1764426501505,601,171,1
1764426501521,604,170,1
1764426501521,605,169,1
1764426501537,607,168,1
1764426501537,609,167,1
1764426501552,611,165,1
1764426501552,613,164,1
1764426501568,614,163,1
1764426501568,616,162,1
1764426501584,618,162,1
1764426501584,620,160,1
1764426501599,622,159,1
1764426501599,624,159,1
1764426501615,626,158,1
1764426501615,628,156,1
1764426501631,630,155,1
1764426501631,633,154,1
1764426501652,635,153,1
1764426501652,638,152,1
1764426501663,641,151,1
1764426501663,644,150,1
1764426501682,647,150,1
1764426501682,650,149,1
1764426501694,655,148,1
1764426501694,659,147,1
1764426501710,663,146,1
1764426501710,668,146,1
1764426501726,672,145,1
1764426501726,676,145,1
1764426501742,681,145,1
1764426501742,686,144,1
1764426501758,691,144,1
1764426501758,697,144,1
1764426501774,702,143,1
1764426501785,708,143,1
1764426501789,713,143,1
1764426501805,719,143,1
1764426501805,724,143,1
1764426501805,729,143,1
1764426501821,734,143,1
1764426501821,738,143,1
1764426501837,742,143,1
1764426501853,745,143,1
1764426501853,748,143,1
1764426501869,750,143,1
1764426501869,752,143,1
1764426501869,754,143,1
1764426501885,756,143,1
1764426501885,758,143,1
1764426501901,761,144,1
1764426501901,762,145,1
1764426501917,764,146,1
1764426501933,766,146,1
1764426501933,768,147,1
1764426501949,769,147,1
1764426501949,771,148,1
1764426501965,774,149,1
1764426501965,776,149,1
1764426501981,779,150,1
1764426501981,781,152,0
1764426501997,783,152,1
1764426501997,785,153,0
1764426502013,788,154,0
1764426502013,790,154,1
1764426502029,792,155,0
1764426502029,794,156,0
1764426502045,796,157,0
1764426502045,799,158,0
1764426502061,803,160,0
1764426502061,805,161,0
1764426502076,808,161,0
1764426502076,811,163,0
1764426502092,813,164,0
1764426502092,817,165,0
1764426502108,819,166,0
1764426502108,822,167,1
1764426502124,824,168,1
1764426502124,826,169,1
1764426502140,829,170,1
1764426502140,833,171,1
1764426502156,836,173,1
1764426502156,839,175,1
1764426502172,842,175,1
1764426502172,844,177,1
1764426502188,845,178,1
1764426502188,847,178,1
1764426502203,849,179,1
1764426502203,850,180,1
1764426502219,851,180,1
1764426502219,852,181,1
1764426502235,853,181,1
1764426502239,854,182,1
1764426502251,855,182,1
1764426502267,856,183,1
1764426502267,858,183,1
1764426502283,858,184,1
1764426502283,859,185,1
1764426502299,861,185,1
1764426502299,862,186,1
1764426502315,863,187,1
1764426502315,866,188,1
1764426502331,867,190,1
1764426502331,869,191,1
1764426502347,871,193,1
1764426502347,872,194,1
1764426502363,874,195,1
1764426502363,875,197,1
1764426502378,876,198,1
1764426502378,879,200,1
1764426502394,880,201,1
1764426502394,882,203,1
1764426502410,883,204,1
1764426502410,885,205,1
1764426502426,887,207,1
1764426502426,888,208,1
1764426502442,890,210,1
1764426502442,891,211,1
1764426502458,893,213,1
1764426502458,895,214,1
1764426502474,896,216,1
1764426502474,898,218,1
1764426502490,900,220,1
1764426502490,901,222,1
1764426502506,903,225,1
1764426502506,904,226,1
1764426502522,907,228,1
1764426502522,908,230,1
1764426502538,910,232,1
1764426502538,912,234,1
1764426502554,913,236,1
1764426502554,915,238,1
1764426502570,916,239,1
1764426502570,918,241,1
1764426502586,919,243,1
1764426502586,921,245,1
1764426502602,922,247,1
1764426502602,924,250,1
1764426502618,925,252,1
1764426502618,926,254,1
1764426502634,928,256,1
1764426502634,929,259,1
1764426502650,931,262,1
1764426502650,933,265,1
1764426502665,934,268,1
1764426502665,936,273,1
1764426502681,938,276,1
1764426502681,940,281,1
1764426502697,941,285,1
1764426502697,942,290,1
1764426502713,944,294,1
1764426502713,946,299,1
1764426502732,947,302,1
1764426502732,947,305,1
1764426502745,948,308,1
1764426502745,950,311,1
1764426502761,951,314,1
1764426502761,952,318,1
1764426502777,954,321,1
1764426502777,955,324,1
1764426502793,956,327,1
1764426502793,956,330,1
1764426502811,957,333,1
1764426502811,958,336,1
1764426502825,959,339,1
1764426502825,959,342,1
1764426502840,959,345,1
1764426502840,960,348,1
1764426502856,960,351,1
1764426502856,961,354,1
1764426502872,961,357,1
1764426502872,961,361,1
1764426502888,961,365,1
1764426502888,961,369,1
1764426502904,962,373,1
1764426502911,962,378,1
1764426502919,962,382,1
1764426502919,962,387,1
1764426502935,962,391,1
1764426502935,962,395,1
1764426502951,962,398,1
1764426502951,962,401,1
1764426502967,962,404,1
1764426502967,962,407,1
1764426502983,962,410,1
1764426502983,962,412,1
1764426502999,962,415,1
1764426502999,962,418,1
1764426503014,961,420,1
1764426503014,961,422,1
1764426503030,960,425,1
1764426503030,960,427,1
1764426503046,960,430,1
1764426503046,959,433,1
1764426503062,958,436,1
1764426503062,957,439,1
1764426503078,956,443,1
1764426503078,955,446,1
1764426503094,955,449,1
1764426503094,953,452,1
1764426503110,952,455,1
1764426503110,952,457,1
1764426503126,951,460,1
1764426503126,949,464,1
1764426503142,948,467,1
1764426503142,948,470,1
1764426503158,946,472,1
1764426503158,946,474,1
1764426503173,945,476,1
1764426503189,944,480,1
1764426503189,943,483,1
1764426503205,942,485,1
1764426503205,942,487,1
1764426503221,940,489,1
1764426503221,940,492,1
1764426503221,939,495,1
1764426503237,938,497,1
1764426503237,937,499,1
1764426503253,936,501,1
1764426503269,936,503,1
1764426503276,935,505,1
1764426503285,935,506,1
1764426503285,934,507,1
1764426503301,934,509,1
1764426503316,934,511,1
1764426503316,933,512,1
1764426503332,932,513,1
1764426503348,932,514,1
1764426503348,931,514,1
1764426503364,931,515,1
1764426503380,931,516,1
1764426503384,931,517,1
1764426503396,930,519,1
1764426503412,930,520,1
1764426503412,928,522,1
1764426503428,927,524,1
1764426503904,926,524,1
1764426503920,925,524,1
1764426503920,926,523,1
1764426503935,927,522,1
1764426503935,929,521,1
1764426503952,932,521,1
1764426503952,934,521,1
1764426503968,935,520,1
1764426504159,936,520,1
1764426504175,936,521,1
1764426504191,936,522,1
1764426504207,935,523,1
1764426504207,934,525,1
1764426504229,934,526,1
1764426504230,933,527,1
1764426504239,931,529,1
1764426504239,930,530,1
1764426504255,929,532,1
1764426504255,928,533,1
1764426504271,927,535,1
1764426504271,926,536,1
1764426504286,924,537,1
1764426504286,922,538,1
1764426504303,921,539,1
1764426504303,919,541,1
1764426504318,918,542,1
1764426504318,917,544,1
1764426504338,915,545,1
1764426504338,914,546,1
1764426504350,912,547,1
1764426504350,911,547,1
1764426504366,910,549,1
1764426504366,907,550,1
1764426504382,905,552,1
1764426504382,903,553,1
1764426504398,901,555,1
1764426504398,898,556,1
1764426504414,896,558,1
1764426504414,894,559,1
1764426504430,891,561,1
1764426504445,888,562,1
1764426504445,885,564,1
1764426504445,882,565,1
1764426504461,879,567,1
1764426504477,875,569,1
1764426504477,872,571,1
1764426504493,868,574,1
1764426504493,865,576,1
1764426504509,862,578,1
1764426504509,857,580,1
1764426504525,854,582,1
1764426504525,851,583,1
1764426504541,846,585,1
1764426504541,843,587,1
1764426504557,838,589,1
1764426504557,835,590,1
1764426504573,832,591,1
1764426504573,829,593,1
1764426504589,825,593,1
1764426504589,822,595,1
1764426504605,819,596,1
1764426504605,816,598,1
1764426504621,812,599,1
1764426504621,808,600,1
1764426504637,804,602,1
1764426504637,799,604,1
1764426504653,795,605,1
1764426504653,792,605,1
1764426504669,787,606,1
1764426504669,783,607,1
1764426504685,779,608,1
1764426504685,774,608,1
1764426504701,770,609,1
1764426504701,766,609,1
1764426504717,762,609,1
1764426504717,758,609,1
1764426504733,752,610,1
1764426504733,747,610,1
1764426504748,740,610,1
1764426504748,735,610,1
1764426504764,728,610,1
1764426504770,721,610,1
1764426504781,714,610,1
1764426504781,708,610,1
1764426504796,700,610,1
1764426504796,693,610,1
1764426504812,686,610,1
1764426504812,681,610,1
1764426504828,675,609,1
1764426504828,670,609,1
1764426504844,665,608,1
1764426504844,661,608,1
1764426504860,657,607,1
1764426504860,654,607,1
1764426504877,651,607,1
1764426504879,648,606,1
1764426504892,645,605,1
1764426504892,642,605,1
1764426504908,638,605,1
1764426504908,633,604,1
1764426504923,629,603,1
1764426504923,623,602,1
1764426504939,619,601,1
1764426504939,615,600,1
1764426504955,610,599,1
1764426504955,605,597,1
1764426504971,602,597,1
1764426504971,598,596,1
1764426504986,595,594,1
1764426504986,592,594,1
1764426505002,590,593,1
1764426505002,587,591,1
1764426505018,584,590,1
1764426505018,579,589,1
1764426505034,575,587,1
1764426505034,571,585,1
1764426505050,568,583,1
1764426505050,564,581,1
1764426505066,561,579,1
1764426505066,559,577,1
1764426505082,557,575,1
1764426505082,553,573,1
1764426505098,551,571,1
1764426505098,549,569,1
1764426505114,546,567,1
1764426505114,544,565,1
1764426505130,542,563,1
1764426505130,540,562,1
1764426505146,539,559,1
1764426505146,537,557,1
1764426505162,534,555,1
1764426505162,532,551,1
1764426505178,529,548,1
1764426505178,527,544,1
1764426505193,524,541,1
1764426505205,522,538,1
1764426505209,521,534,1
1764426505209,519,531,1
1764426505225,517,528,1
1764426505225,516,523,1
1764426505241,514,519,1
1764426505241,512,515,1
1764426505257,510,511,1
1764426505257,507,506,1
1764426505273,505,501,1
1764426505273,503,497,1
1764426505289,501,491,1
1764426505289,499,487,1
1764426505304,497,482,1
1764426505304,496,478,1
1764426505320,495,475,1
1764426505320,494,471,1
1764426505336,492,467,1
1764426505336,491,464,1
1764426505352,490,459,1
1764426505352,488,455,1
1764426505367,487,450,1
1764426505367,486,446,1
1764426505383,485,442,1
1764426505383,484,439,1
1764426505399,484,436,1
1764426505399,483,433,1
1764426505417,482,429,1
1764426505417,481,426,1
1764426505431,481,423,1
1764426505431,481,420,1
1764426505447,481,417,1
1764426505447,481,414,1
1764426505463,481,411,1
1764426505463,481,408,1
1764426505478,481,405,1
1764426505478,481,401,1
1764426505494,481,398,1
1764426505494,481,394,1
1764426505510,481,390,1
1764426505526,481,386,1
1764426505526,481,382,1
1764426505541,481,378,1
1764426505541,481,374,1
1764426505557,481,371,1
1764426505557,481,368,1
1764426505573,481,364,1
1764426505573,481,361,1
1764426505589,481,357,1
1764426505589,482,352,1
1764426505589,483,348,1
1764426505605,484,344,1
1764426505621,485,341,1
1764426505621,485,336,1
1764426505637,486,333,1
1764426505637,486,330,1
1764426505653,487,327,1
1764426505653,488,324,1
1764426505669,489,321,1
1764426505669,489,317,1
1764426505685,489,313,1
1764426505685,490,309,1
1764426505701,490,306,1
1764426505701,491,303,1
1764426505716,492,301,1
1764426505716,492,299,1
1764426505732,493,296,1
1764426505732,494,293,1
1764426505748,496,291,1
1764426505748,497,287,1
1764426505764,499,284,1
1764426505773,500,281,1
1764426505780,502,276,1
1764426505780,504,272,1
1764426505795,506,268,1
1764426505795,508,265,1
1764426505811,511,261,1
1764426505811,513,258,1
1764426505827,515,255,1
1764426505827,518,251,1
1764426505843,520,248,1
1764426505847,523,244,1
1764426505858,526,241,1
1764426505858,528,239,1
1764426505874,530,236,1
1764426505874,534,233,1
1764426505890,536,230,1
1764426505890,540,227,1
1764426505906,543,223,1
1764426505906,547,220,1
1764426505922,550,217,1
1764426505922,554,213,1
1764426505938,556,211,1
1764426505938,560,207,1
1764426505954,563,204,1
1764426505954,565,201,1
1764426505970,568,198,1
1764426505970,571,194,1
1764426505986,575,191,1
1764426505986,577,188,1
1764426506004,579,186,1
1764426506006,583,184,1
1764426506018,585,181,1
1764426506018,587,179,1
1764426506033,590,177,1
1764426506033,593,174,1
1764426506049,597,171,1
1764426506049,600,169,1
1764426506065,604,166,1
1764426506065,607,164,1
1764426506081,611,161,1
1764426506081,614,157,1
1764426506097,617,155,1
1764426506097,619,154,1
1764426506113,622,151,1
1764426506113,624,150,1
1764426506128,627,147,1
1764426506128,630,146,1
1764426506144,632,144,1
1764426506144,634,143,1
1764426506160,638,141,1
1764426506160,640,140,1
1764426506176,642,138,1
1764426506176,644,137,1
1764426506192,646,135,1
1764426506192,648,134,1
1764426506207,649,133,1
1764426506207,652,131,1
1764426506223,654,130,1
1764426506223,656,129,1
1764426506240,659,128,1
1764426506240,663,126,1
1764426506255,666,124,1
1764426506255,668,124,1
1764426506271,671,123,1
1764426506271,674,121,1
1764426506287,678,120,1
1764426506287,681,120,1
1764426506303,684,119,1
1764426506303,686,117,1
1764426506319,689,116,1
1764426506319,693,116,1
1764426506335,698,115,1
1764426506335,702,114,1
1764426506351,706,114,1
1764426506351,711,113,1
1764426506366,715,113,1
1764426506366,719,112,1
1764426506382,722,112,1
1764426506382,726,112,1
1764426506398,730,112,1
1764426506398,733,112,1
1764426506414,737,112,1
1764426506414,741,112,1
1764426506430,745,112,1
1764426506446,751,112,1
1764426506446,755,112,1
1764426506446,759,113,1
1764426506462,762,114,1
1764426506462,765,115,1
1764426506478,769,115,1
1764426506478,771,116,1
1764426506493,774,118,1
1764426506509,777,118,1
1764426506509,780,120,1
1764426506525,784,122,1
1764426506525,787,123,1
1764426506541,791,125,1
1764426506541,796,127,1
1764426506557,800,129,1
1764426506557,805,131,1
1764426506573,810,132,1
1764426506573,814,135,1
1764426506573,817,137,1
1764426506589,822,140,1
1764426506605,825,141,1
1764426506605,829,144,1
1764426506621,831,145,1
1764426506621,833,147,1
1764426506621,837,149,1
1764426506638,840,151,1
1764426506654,843,154,1
1764426506654,847,156,1
1764426506654,850,159,1
1764426506670,854,161,1
1764426506670,857,164,1
1764426506686,861,167,1
1764426506702,864,169,1
1764426506702,868,173,1
1764426506718,871,175,1
1764426506718,874,178,1
1764426506734,876,180,1
1764426506734,879,184,1
1764426506734,881,186,1
1764426506749,884,189,1
1764426506749,886,192,1
1764426506765,887,194,1
1764426506765,889,196,1
1764426506781,891,198,1
1764426506781,893,201,1
1764426506803,895,203,1
1764426506803,896,204,1
1764426506813,898,206,1
1764426506829,899,207,1
1764426506829,900,209,1
1764426506845,901,210,1
1764426506845,902,211,1
1764426506861,903,213,1
1764426506861,905,215,1
1764426506876,906,217,1
1764426506876,908,219,1
1764426506892,909,221,1
1764426506892,911,222,1
1764426506908,912,224,1
1764426506908,914,225,1
1764426506924,915,228,1
1764426506924,917,229,1
1764426506940,918,230,1
1764426506940,919,233,1
1764426506956,921,235,1
1764426506956,922,236,1
1764426506972,924,239,1
1764426506972,926,241,1
1764426506988,928,243,1
1764426506988,929,245,1
1764426507004,931,248,1
1764426507004,933,249,1
1764426507020,934,251,1
1764426507020,936,253,1
1764426507035,937,255,1
1764426507035,939,257,1
1764426507051,940,259,1
1764426507051,942,261,1
1764426507067,943,263,1
1764426507067,945,265,1
1764426507083,945,267,1
1764426507083,947,269,1
1764426507099,948,271,1
1764426507099,949,273,1
1764426507115,951,277,1
1764426507115,952,279,1
1764426507131,953,281,1
1764426507131,955,284,1
1764426507147,956,286,1
1764426507147,958,289,1
1764426507165,958,292,1
1764426507173,959,294,1
1764426507179,960,296,1
1764426507179,960,298,1
1764426507195,962,300,1
1764426507195,963,301,1
1764426507211,963,303,1
1764426507211,964,306,1
1764426507226,965,308,1
1764426507226,966,310,1
1764426507242,966,312,1
1764426507242,967,314,1
1764426507258,967,316,1
1764426507258,968,319,1
1764426507274,968,322,1
1764426507274,968,324,1
1764426507290,969,326,1
1764426507290,969,328,1
1764426507306,969,330,1
1764426507306,969,332,1
1764426507322,970,335,1
1764426507322,970,337,1
1764426507338,970,339,1
1764426507338,971,342,1
1764426507354,971,344,1
1764426507354,971,347,1
1764426507370,971,350,1
1764426507370,971,353,1
1764426507386,971,356,1
1764426507386,971,359,1
1764426507402,971,363,1
1764426507402,971,366,1
1764426507417,971,370,1
1764426507417,971,374,1
1764426507433,971,378,1
1764426507433,971,383,1
1764426507449,971,387,1
1764426507449,971,391,1
1764426507465,971,395,1
1764426507465,970,399,1
1764426507481,970,404,1
1764426507481,968,407,1
1764426507497,967,410,1
1764426507497,966,414,1
1764426507513,966,417,1
1764426507513,965,422,1
1764426507529,963,426,1
1764426507529,961,431,1
1764426507545,960,433,1
1764426507545,959,436,1
1764426507561,957,439,1
1764426507561,957,442,1
1764426507577,956,444,1
1764426507577,955,446,1
1764426507592,954,448,1
1764426507592,953,451,1
1764426507610,951,454,1
1764426507610,951,456,1
1764426507624,950,459,1
1764426507624,950,461,1
1764426507639,948,463,1
1764426507639,947,466,1
1764426507655,947,468,1
1764426507655,946,470,1
1764426507671,945,472,1
1764426507671,944,474,1
1764426507687,944,477,1
1764426507687,942,479,1
1764426507703,941,481,1
1764426507703,940,483,1
1764426507718,939,486,1
1764426507718,938,490,1
1764426507734,937,492,1
1764426507734,935,495,1
1764426507750,934,498,1
1764426507750,933,500,1
1764426507766,931,504,1
1764426507782,929,508,1
1764426507782,928,513,1
1764426507782,926,517,1
1764426507798,923,522,1
1764426507798,921,526,1
1764426507819,918,532,1
1764426507819,916,538,1
1764426507829,914,543,1
1764426507829,911,547,1
1764426507845,909,551,1
1764426507861,906,554,1
1764426507861,905,558,1
1764426507877,902,561,1
1764426507877,899,566,1
1764426507893,897,569,1
1764426507893,895,572,1
1764426507909,893,576,1
1764426507909,890,579,1
1764426507925,887,583,1
1764426507925,886,586,0
1764426507941,883,590,0
1764426507941,882,592,0
1764426507956,880,594,0
1764426507956,878,596,0
1764426507972,876,598,0
1764426507972,875,599,0
1764426507988,874,601,0
1764426507988,871,602,0
1764426508004,870,604,0
1764426508004,868,604,0
1764426508020,865,606,0
1764426508020,862,607,0
1764426508036,859,608,0
1764426508036,855,609,0
1764426508052,850,611,0
1764426508052,845,612,0
1764426508068,838,613,1
1764426508068,831,614,1
1764426508084,824,615,1
1764426508084,816,617,1
1764426508100,808,618,1
1764426508100,801,619,1
1764426508116,794,620,1
1764426508116,787,621,1
1764426508132,780,621,1
1764426508132,775,622,1
1764426508148,768,622,1
1764426508148,762,623,1
1764426508163,757,623,1
1764426508163,753,623,1
1764426508179,748,624,1
1764426508179,744,624,1
1764426508195,740,624,1
1764426508195,736,624,1
1764426508211,732,624,1
1764426508211,729,624,1
1764426508227,725,624,1
1764426508227,721,624,1
1764426508243,717,624,1
1764426508243,714,624,1
1764426508259,710,624,1
1764426508259,707,624,1
1764426508275,704,624,1
1764426508275,701,624,1
1764426508291,698,624,1
1764426508291,695,624,1
1764426508307,692,624,1
1764426508307,689,624,1
1764426508323,686,624,1
1764426508323,683,624,1
1764426508338,681,624,1
1764426508338,678,624,1
1764426508354,676,624,1
1764426508354,674,624,1
1764426508370,672,624,1
1764426508370,670,624,1
1764426508386,668,624,1
1764426508386,666,624,1
1764426508402,663,623,1
1764426508402,661,622,1
1764426508417,658,621,1
1764426508417,655,620,1
1764426508433,652,619,1
1764426508433,649,617,1
1764426508449,645,616,1
1764426508449,641,615,1
1764426508465,636,613,1
1764426508465,632,609,1
1764426508480,627,605,1
1764426508480,621,601,1
1764426508496,615,596,1
1764426508496,610,592,1
1764426508512,605,588,1
1764426508512,600,583,1
1764426508527,596,580,1
1764426508544,594,576,1
1764426508544,592,574,1
1764426508544,588,570,1
1764426508559,584,567,1
1764426508559,582,563,1
1764426508575,579,560,1
1764426508575,577,558,1
1764426508591,574,554,1
1764426508591,572,551,1
1764426508607,568,547,1
1764426508607,565,544,1
1764426508623,561,540,1
1764426508623,557,536,1
1764426508639,553,533,1
1764426508639,551,530,1
1764426508655,549,528,1
1764426508655,546,524,1
1764426508671,544,522,1
1764426508671,541,518,1
1764426508687,540,516,1
1764426508687,537,514,1
1764426508703,535,512,1
1764426508703,532,508,1
1764426508719,531,506,1
1764426508719,529,504,1
1764426508735,527,501,1
1764426508735,526,499,1
1764426508752,524,497,1
1764426508752,523,495,1
1764426508766,520,491,1
1764426508766,518,488,1
1764426508782,517,486,1
1764426508782,514,482,1
1764426508798,513,480,1
1764426508798,511,477,1
1764426508814,510,474,1
1764426508814,508,470,1
1764426508830,507,467,1
1764426508830,507,464,1
1764426508846,506,461,1
1764426508846,505,458,1
1764426508862,504,455,1
1764426508878,503,452,1
1764426508878,503,449,1
1764426508894,503,446,1
1764426508894,502,443,1
1764426508910,502,439,1
1764426508910,502,434,1
1764426508926,502,431,1
1764426508926,502,427,1
1764426508926,502,423,1
1764426508942,502,419,1
1764426508959,503,415,1
1764426508960,503,411,1
1764426508960,504,405,0
1764426508974,505,400,0
1764426508974,506,394,0
1764426508990,507,388,0
1764426509006,509,381,0
1764426509006,510,376,0
1764426509021,512,370,0
1764426509021,513,364,0
1764426509038,515,358,0
1764426509038,517,353,0
1764426509038,519,348,0
1764426509053,521,342,0
1764426509053,523,338,0
1764426509069,524,333,0
1764426509085,526,329,0
1764426509085,528,324,0
1764426509101,530,320,0
1764426509101,532,315,0
1764426509117,533,312,0
1764426509117,535,307,0
1764426509133,537,303,0
1764426509133,539,298,0
1764426509149,540,295,0
1764426509149,542,292,0
1764426509165,544,288,0
1764426509165,545,285,0
1764426509181,547,281,0
1764426509181,549,277,0
1764426509196,552,273,0
1764426509196,553,269,0
1764426509212,556,265,0
1764426509212,558,261,0
1764426509228,561,257,0
1764426509228,562,253,0
1764426509244,564,249,0
1764426509244,566,246,0
1764426509260,568,241,0
1764426509260,570,238,0
1764426509276,572,234,0
1764426509276,573,231,0
1764426509292,575,228,0
1764426509292,577,224,0
1764426509308,578,221,0
1764426509308,580,218,0
1764426509325,582,215,0
1764426509325,583,211,0
1764426509341,585,209,0
1764426509341,586,207,0
1764426509357,587,205,0
1764426509357,589,202,0
1764426509372,589,200,0
1764426509372,591,198,0
1764426509389,592,196,0
1764426509389,593,193,0
1764426509404,594,191,0
1764426509404,595,188,0
1764426509423,596,187,0
1764426509423,598,184,0
1764426509437,599,182,0
1764426509437,600,180,1
1764426509452,602,178,1
1764426509452,603,175,1
1764426509468,606,173,1
1764426509468,607,170,1
1764426509484,609,168,1
1764426509484,611,165,1
1764426509500,614,163,1
1764426509500,615,161,1
1764426509516,617,159,1
1764426509516,619,156,1
1764426509532,620,155,1
1764426509532,623,153,1
1764426509548,624,152,1
1764426509548,626,150,1
1764426509563,628,149,1
1764426509563,631,147,1
1764426509579,634,147,1
1764426509579,637,145,1
1764426509595,640,144,1
1764426509595,643,143,1
1764426509611,646,142,1
1764426509611,651,141,1
1764426509627,654,140,1
1764426509627,658,139,1
1764426509643,663,138,1
1764426509643,668,137,1
1764426509659,674,137,1
1764426509659,679,137,1
1764426509675,686,137,1
1764426509675,693,137,1
1764426509691,699,137,1
1764426509691,706,137,1
1764426509707,713,137,1
1764426509707,721,137,1
1764426509722,728,137,1
1764426509722,734,137,1
1764426509741,741,137,1
1764426509742,746,137,1
1764426509754,752,137,1
1764426509754,756,137,1
1764426509770,760,137,1
1764426509770,764,137,1
1764426509786,768,137,1
1764426509786,773,137,1
1764426509802,777,137,1
1764426509802,780,137,1
1764426509818,784,137,1
1764426509818,788,137,1
1764426509834,792,138,1
1764426509834,796,138,1
1764426509850,801,139,1
1764426509850,806,140,1
1764426509866,811,141,1
1764426509866,817,143,1
1764426509882,821,144,1
1764426509882,825,145,1
1764426509897,830,145,1
1764426509897,833,147,1
1764426509913,837,148,1
1764426509913,840,149,1
1764426509929,844,150,1
1764426509929,847,151,1
1764426509945,850,153,1
1764426509945,853,154,1
1764426509961,856,155,1
1764426509961,859,156,1
1764426509977,862,158,1
1764426509977,864,158,1
1764426509993,866,159,1
1764426509993,868,160,1
1764426510008,871,161,1
1764426510008,873,162,1
1764426510024,874,163,1
1764426510024,875,163,1
1764426510040,876,163,1
1764426510040,877,164,1
1764426510056,878,165,1
1764426510072,880,166,1
1764426510072,881,167,1
1764426510088,884,169,1
1764426510088,887,171,1
1764426510103,889,174,1
1764426510103,893,176,1
1764426510121,895,179,1
1764426510121,897,181,1
1764426510135,900,184,1
1764426510135,902,187,1
1764426510151,905,190,1
1764426510151,907,193,1
1764426510167,909,195,1
1764426510167,911,198,1
1764426510183,913,201,1
1764426510183,914,204,1
1764426510198,916,207,1
1764426510198,918,209,1
1764426510214,920,212,1
1764426510214,921,215,1
1764426510230,923,217,1
1764426510245,924,219,1
1764426510245,925,221,1
1764426510261,926,223,1
1764426510261,927,225,1
1764426510277,928,227,1
1764426510279,929,229,1
1764426510293,930,232,1
1764426510293,931,234,1
1764426510309,932,236,1
1764426510309,934,239,1
1764426510326,935,241,1
1764426510331,936,245,1
1764426510341,937,248,1
1764426510341,938,250,1
1764426510357,939,252,1
1764426510357,939,255,1
1764426510372,940,257,1
1764426510372,941,260,1
1764426510389,942,263,1
1764426510390,942,266,1
1764426510405,943,269,1
1764426510405,944,271,1
1764426510421,945,274,1
1764426510421,945,277,1
1764426510437,946,280,1
1764426510437,946,283,1
1764426510453,947,287,1
1764426510453,948,292,1
1764426510469,949,296,1
1764426510469,950,302,1
1764426510485,950,306,1
1764426510485,951,312,1
1764426510501,952,317,1
1764426510501,953,323,1
1764426510516,953,328,1
1764426510516,954,335,1
1764426510532,954,340,1
1764426510532,954,347,1
1764426510548,955,353,1
1764426510548,955,358,1
1764426510564,955,364,1
1764426510564,955,369,1
1764426510579,956,375,1
1764426510579,956,379,1
1764426510596,956,384,1
1764426510604,956,390,1
1764426510611,956,395,1
1764426510611,956,401,1
1764426510627,956,405,1
1764426510627,957,410,1
1764426510643,957,416,1
1764426510643,958,421,1
1764426510659,959,427,1
1764426510659,959,432,1
1764426510674,960,438,1
1764426510674,960,442,1
1764426510690,961,446,1
1764426510690,961,449,1
1764426510706,961,452,1
1764426510706,961,455,1
1764426510722,961,458,1
1764426510722,961,460,1
1764426510737,961,462,1
1764426510737,961,464,1
1764426510754,961,466,1
1764426510754,961,467,1
1764426510770,961,469,1
1764426510770,961,472,1
1764426510786,961,474,1
1764426510786,961,476,1
1764426510802,961,479,1
1764426510802,960,482,1
1764426510817,959,484,1
1764426510817,958,487,1
1764426510834,957,490,1
1764426510834,956,492,1
1764426510849,955,495,1
1764426510849,953,498,1
1764426510865,951,500,1
1764426510865,950,504,1
1764426510881,948,507,1
1764426510881,947,509,1
1764426510897,945,511,1
1764426510897,944,515,1
1764426510913,940,518,1
1764426510913,937,522,1
1764426510929,935,524,1
1764426510929,931,528,1
1764426510945,928,530,1
1764426510945,924,533,1
1764426510961,922,535,1
1764426510961,920,537,1
1764426510977,918,539,1
1764426510977,914,541,1
1764426510993,911,542,1
1764426510993,908,544,1
1764426511009,905,546,1
1764426511009,902,547,1
1764426511025,900,548,1
1764426511025,898,550,1
1764426511041,896,551,1
1764426511041,893,553,1
1764426511057,892,554,1
1764426511057,890,555,1
1764426511073,888,557,1
1764426511073,887,557,1
1764426511088,885,559,1
1764426511088,883,559,1
1764426511104,882,561,1
1764426511104,880,562,1
1764426511120,877,563,1
1764426511120,875,565,1
1764426511136,873,565,1
1764426511136,871,567,1
1764426511152,868,568,1
1764426511152,864,570,1
1764426511168,861,572,1
1764426511168,858,573,1
1764426511184,853,575,1
1764426511184,849,577,1
1764426511200,845,579,1
1764426511200,841,580,1
1764426511216,836,582,1
1764426511216,832,584,1
1764426511232,827,586,1
1764426511232,821,588,1
1764426511247,817,590,1
1764426511263,812,591,1
1764426511263,808,593,1
1764426511279,803,595,1
1764426511279,799,597,1
1764426511295,794,599,1
1764426511295,790,599,1
1764426511295,786,600,1
1764426511311,782,602,1
1764426511311,778,604,1
1764426511327,775,605,1
1764426511327,772,605,1
1764426511342,767,606,1
1764426511342,764,607,1
1764426511358,761,608,1
1764426511358,758,609,1
1764426511374,755,609,1
1764426511374,752,610,1
1764426511390,749,611,1
1764426511406,746,612,1
1764426511406,743,612,1
1764426511422,740,613,1
1764426511422,736,614,1
1764426511438,733,614,1
1764426511438,730,614,1
1764426511438,727,614,1
1764426511454,724,614,1
1764426511454,721,614,1
1764426511470,718,614,1
1764426511470,715,614,1
1764426511487,711,614,1
1764426511501,707,614,1
1764426511501,703,612,1
1764426511517,697,610,1
1764426511517,691,609,1
1764426511517,686,607,1
1764426511533,680,605,1
1764426511549,674,603,1
1764426511549,667,601,1
1764426511565,661,600,1
1764426511565,656,598,1
1764426511581,651,597,1
1764426511581,647,596,1
1764426511597,641,594,1
1764426511597,637,592,1
1764426511613,632,591,1
1764426511613,627,589,1
1764426511629,622,588,1
1764426511629,616,586,1
1764426511644,611,584,1
1764426511644,605,582,1
1764426511661,599,581,1
1764426511661,593,579,1
1764426511677,589,577,1
1764426511677,584,575,1
1764426511693,580,574,1
1764426511693,577,572,1
1764426511709,573,571,1
1764426511709,570,569,1
1764426511725,567,568,1
1764426511725,565,567,1
1764426511741,562,566,1
1764426511741,559,565,1
1764426511757,556,563,1
1764426511757,554,562,1
1764426511772,551,560,1
1764426511772,548,559,1
1764426511790,546,556,1
1764426511793,544,555,1
1764426511804,541,552,1
1764426511804,539,551,1
1764426511820,537,549,1
1764426511820,533,546,1
1764426511836,531,544,1
1764426511836,528,540,1
1764426511852,526,537,1
1764426511852,523,533,1
1764426511868,521,530,1
1764426511868,517,524,1
1764426511884,513,518,1
1764426511888,509,512,1
1764426511900,505,506,1
1764426511900,500,498,1
1764426511916,498,493,1
1764426511916,495,487,1
1764426511932,492,481,1
1764426511932,489,475,1
1764426511947,487,470,1
1764426511947,485,465,1
1764426511963,483,459,1
1764426511963,482,453,1
1764426511979,480,447,1
1764426511979,479,443,1
1764426511995,477,437,1
1764426511995,475,432,1
1764426512011,474,427,1
1764426512011,474,424,1
1764426512027,473,421,1
1764426512027,473,418,1
1764426512043,473,414,1
1764426512043,473,411,1
1764426512059,473,407,1
1764426512059,472,404,1
1764426512075,472,401,1
1764426512075,472,396,1
1764426512090,472,392,1
1764426512090,472,388,1
1764426512106,472,385,1
1764426512106,471,381,1
1764426512122,471,376,1
1764426512122,471,373,1
1764426512138,471,369,1
1764426512138,471,365,1
1764426512153,471,362,1
1764426512153,471,359,1
1764426512169,471,356,1
1764426512169,471,353,1
1764426512185,472,349,1
1764426512185,473,345,1
1764426512201,474,342,1
1764426512201,475,337,1
1764426512217,475,333,1
1764426512217,476,329,1
1764426512233,477,324,1
1764426512233,478,320,1
1764426512249,480,318,1
1764426512249,480,315,1
1764426512265,481,312,1
1764426512265,482,310,1
1764426512281,483,307,1
1764426512281,483,305,1
1764426512296,485,302,1
1764426512296,487,299,1
1764426512312,488,295,1
1764426512312,490,292,1
1764426512329,491,289,1
1764426512329,493,285,1
1764426512343,495,281,1
1764426512343,497,276,1
1764426512359,499,273,1
1764426512359,502,269,1
1764426512375,505,266,1
1764426512375,507,263,1
1764426512391,510,259,1
1764426512391,511,256,1
1764426512406,514,252,1
1764426512406,516,249,1
1764426512422,517,246,1
1764426512438,520,243,1
1764426512438,521,241,1
1764426512438,524,238,1
1764426512454,526,234,1
1764426512454,529,231,1
1764426512470,531,227,1
1764426512470,534,225,1
1764426512486,536,223,1
1764426512502,539,219,1
1764426512502,542,216,1
1764426512518,546,212,1
1764426512518,549,209,1
1764426512518,553,206,1
1764426512533,557,202,1
1764426512549,559,199,1
1764426512549,563,196,1
1764426512549,565,193,1
1764426512573,569,190,1
1764426512575,571,188,1
1764426512581,573,185,1
1764426512597,576,183,1
1764426512597,578,182,1
1764426512613,580,179,1
1764426512613,582,178,1
1764426512613,584,176,1
1764426512629,585,175,1
1764426512645,588,173,1
1764426512645,589,172,1
1764426512661,590,171,1
1764426512661,592,169,1
1764426512676,594,168,1
1764426512676,596,166,1
1764426512692,597,165,1
1764426512692,599,163,1
1764426512708,602,161,1
1764426512708,604,159,1
1764426512724,606,157,1
1764426512724,608,156,1
1764426512740,611,154,1
1764426512740,613,152,1
1764426512756,616,150,1
1764426512756,618,149,1
1764426512773,621,147,1
1764426512773,623,146,1
1764426512788,624,144,1
1764426512788,626,143,1
1764426512804,628,141,1
1764426512804,629,141,1
1764426512821,632,139,1
1764426512821,633,139,1
1764426512836,635,138,1
1764426512836,637,137,1
1764426512853,639,136,1
1764426512854,641,135,1
1764426512868,643,134,1
1764426512868,645,133,1
1764426512884,648,132,1
1764426512890,650,131,1
1764426512900,652,131,1
1764426512900,654,130,1
1764426512916,656,129,1
1764426512916,659,128,1
1764426512932,661,128,1
1764426512932,663,127,1
1764426512948,665,126,1
1764426512948,668,125,1
1764426512964,671,125,1
1764426512964,674,125,1
1764426512980,677,125,1
1764426512980,680,124,1
1764426512996,683,124,1
1764426512996,686,123,1
1764426513012,689,123,1
1764426513012,692,123,1
1764426513027,695,123,1
1764426513027,697,123,1
1764426513043,699,123,1
1764426513043,701,123,1
1764426513059,703,123,1
1764426513059,705,123,1
1764426513075,707,123,1
1764426513075,709,123,1
1764426513091,712,123,1
1764426513091,714,123,1
1764426513106,716,123,1
1764426513106,719,123,1
1764426513125,721,123,1
1764426513133,723,124,1
1764426513138,725,124,1
1764426513138,728,125,1
1764426513154,729,125,1
1764426513154,731,125,1
1764426513170,734,126,1
1764426513170,736,127,1
1764426513186,739,128,1
1764426513186,743,129,1
1764426513202,747,131,1
1764426513202,750,132,1
1764426513218,755,134,1
1764426513218,759,135,1
1764426513234,762,137,1
1764426513234,767,139,1
1764426513250,770,140,1
1764426513250,774,142,1
1764426513266,777,144,1
1764426513266,781,146,1
1764426513281,784,147,1
1764426513281,786,148,1
1764426513297,789,149,1
1764426513297,791,150,1
1764426513313,793,151,1
1764426513313,796,152,1
1764426513329,797,153,1
1764426513329,798,154,1
1764426513345,800,154,1
1764426513345,801,155,1
1764426513361,803,156,1
1764426513361,806,157,1
1764426513377,808,158,1
1764426513377,810,160,1
1764426513393,812,161,1
1764426513393,814,162,1
1764426513408,816,162,1
1764426513408,818,163,1
1764426513424,819,164,1
1764426513424,822,165,1
1764426513440,824,166,1
1764426513440,825,167,1
1764426513456,827,168,1
1764426513456,831,169,1
1764426513472,834,170,1
1764426513472,836,171,1
1764426513488,839,172,1
1764426513488,841,174,1
1764426513504,843,174,1
1764426513504,846,175,1
1764426513520,848,177,1
1764426513520,850,177,1
1764426513536,852,179,1
1764426513536,854,179,1
1764426513552,857,181,1
1764426513552,859,182,1
1764426513567,861,183,1
1764426513567,863,185,1
1764426513583,866,186,1
1764426513583,868,188,1
1764426513599,869,189,1
1764426513615,872,191,1
1764426513615,874,192,1
1764426513615,876,194,1
1764426513630,878,196,1
1764426513630,881,198,1
1764426513646,883,201,1
1764426513646,885,202,1
1764426513662,887,204,1
1764426513678,890,206,1
1764426513678,893,208,1
1764426513694,895,210,1
1764426513694,897,211,1
1764426513694,899,213,1
1764426513710,901,214,1
1764426513710,903,217,1
1764426513725,905,219,1
1764426513725,907,220,1
1764426513741,909,223,1
1764426513758,910,224,1
1764426513758,912,226,1
1764426513774,913,228,1
1764426513774,915,230,1
1764426513774,916,232,1
1764426513790,918,234,1
1764426513790,919,237,1
1764426513805,921,239,1
1764426513805,922,241,1
1764426513821,924,243,1
1764426513837,925,246,1
1764426513837,927,248,1
1764426513837,928,250,1
1764426513853,930,252,1
1764426513853,930,254,1
1764426513869,931,255,1
1764426513869,932,256,1
1764426513885,933,259,1
1764426513885,934,260,1
1764426513907,935,262,1
1764426513917,935,264,1
1764426513917,936,265,1
1764426513917,937,266,1
1764426513933,937,269,1
1764426513949,938,270,1
1764426513949,940,272,1
1764426513965,940,274,1
1764426513965,941,277,1
1764426513981,942,279,1
1764426513982,942,280,1
1764426513998,943,282,1
1764426513998,944,284,1
1764426514014,945,285,1
1764426514014,945,287,1
1764426514030,946,289,1
1764426514030,947,292,1
1764426514046,947,294,1
1764426514046,947,296,1
1764426514062,948,298,1
1764426514062,949,301,1
1764426514062,949,304,1
1764426514078,949,307,1
1764426514094,949,310,1
1764426514094,950,314,1
1764426514110,950,317,1
1764426514110,950,321,1
1764426514110,950,325,1
1764426514126,951,330,1
1764426514143,951,333,1
1764426514143,951,336,1
1764426514158,951,339,1
1764426514158,951,341,1
1764426514173,952,343,1
1764426514173,952,345,1
1764426514173,952,347,1
1764426514189,952,349,1
1764426514206,952,351,1
1764426514207,952,353,1
1764426514207,952,355,1
1764426514221,952,357,1
1764426514221,952,359,1
1764426514237,952,362,1
1764426514253,952,365,1
1764426514253,952,367,1
1764426514269,952,369,1
1764426514269,952,372,1
1764426514285,953,374,1
1764426514285,953,377,1
1764426514301,953,379,1
1764426514301,953,381,1
1764426514317,953,384,1
1764426514319,953,387,1
1764426514333,953,389,1
1764426514333,953,392,1
1764426514349,954,395,1
1764426514349,954,398,1
1764426514365,954,400,1
1764426514365,954,402,1
1764426514381,954,405,1
1764426514381,954,407,1
1764426514397,954,409,1
1764426514397,954,412,1
1764426514416,954,414,1
1764426514420,954,416,1
1764426514428,954,419,1
1764426514428,954,421,1
1764426514444,954,423,1
1764426514444,954,425,1
1764426514460,954,427,1
1764426514460,954,429,1
1764426514476,954,431,1
1764426514476,954,434,1
1764426514492,953,437,1
1764426514492,952,440,1
1764426514508,951,443,1
1764426514513,951,446,1
1764426514524,950,449,1
1764426514524,948,453,1
1764426514540,946,457,1
1764426514540,946,461,1
1764426514556,944,466,1
1764426514556,942,469,1
1764426514572,940,472,1
1764426514572,939,475,1
1764426514588,936,479,1
1764426514588,933,484,1
1764426514603,931,487,1
1764426514603,928,491,1
1764426514619,925,494,1
1764426514619,921,498,1
1764426514635,917,501,1
1764426514635,914,505,1
1764426514651,910,508,1
1764426514651,907,511,1
1764426514667,903,514,1
1764426514667,900,516,1
1764426514683,896,519,1
1764426514683,893,522,1
1764426514699,889,524,1
1764426514699,886,527,1
1764426514715,882,528,1
1764426514715,879,530,1
1764426514731,876,533,1
1764426514731,872,535,0
1764426514747,869,537,0
1764426514747,865,540,0
1764426514763,862,542,0
1764426514763,859,544,0
1764426514778,856,546,0
1764426514778,854,548,0
1764426514794,852,550,0
1764426514794,850,551,0
1764426514810,847,553,0
1764426514810,846,554,0
1764426514826,844,556,0
1764426514826,842,557,0
1764426514842,841,558,0
1764426514842,839,559,0
1764426514857,838,559,0
1764426514857,837,561,1
1764426514873,835,561,0
1764426514873,833,563,0
1764426514889,832,564,1
1764426514889,830,564,0
1764426514906,828,566,1
1764426514906,827,566,0
1764426514921,825,567,0
1764426514921,825,568,1
1764426514936,824,568,1
1764426514936,822,569,1
1764426514952,822,570,1
1764426514952,820,570,1
1764426514968,819,571,1
1764426514968,818,572,1
1764426514984,816,572,1
1764426514984,815,573,1
1764426514999,814,574,1
1764426514999,812,574,1
1764426515015,810,575,1
1764426515015,809,576,1
1764426515031,807,576,1
1764426515031,806,577,1
1764426515047,805,578,1
1764426515063,804,579,1
1764426515063,803,579,1
1764426515079,802,579,1
1764426515079,800,580,1
1764426515095,798,581,1
1764426515095,796,582,1
1764426515112,794,582,1
1764426515112,791,583,1
1764426515127,788,585,1
1764426515127,785,585,1
0,0,0,0
1764426515142,784,586,1
1764426515156,781,587,1
1764426515160,779,588,1
1764426515160,776,588,1
1764426515174,774,589,1
1764426515190,771,590,1
1764426515190,768,591,1
1764426515206,765,591,1
1764426515206,763,592,1
1764426515222,760,593,1
1764426515222,757,594,1
1764426515222,755,594,1
1764426515238,752,594,1
1764426515238,749,595,1
1764426515254,747,595,1
1764426515270,744,596,1
1764426515270,742,596,1
1764426515286,739,597,1
1764426515286,737,597,1
1764426515302,734,597,1
1764426515302,731,597,1
1764426515318,728,597,1
1764426515318,725,598,1
1764426515334,721,598,1
1764426515336,717,598,1
1764426515350,712,598,1
1764426515350,706,598,1
1764426515366,701,598,1
1764426515366,694,598,1
1764426515382,687,595,1
1764426515382,679,594,1
1764426515398,671,593,1
1764426515398,663,591,1
1764426515414,654,589,1
1764426515414,646,587,1
1764426515429,638,584,1
1764426515429,632,582,1
1764426515429,625,580,1
1764426515446,619,578,1
1764426515446,614,576,1
1764426515461,610,575,1
1764426515477,605,573,1
1764426515477,602,571,1
1764426515477,599,570,1
1764426515493,596,569,1
1764426515509,594,568,1
1764426515509,591,567,1
1764426515525,588,566,1
1764426515525,586,565,1
1764426515541,584,563,1
1764426515541,582,563,1
1764426515557,579,562,1
1764426515557,577,561,1
1764426515574,576,561,1
1764426515575,575,561,1
1764426515991,576,561,1
1764426515991,577,561,1
1764426516007,578,561,1
1764426516007,580,561,1
1764426516023,583,561,1
1764426516023,587,561,1
1764426516038,591,561,1
1764426516054,597,561,1
1764426516054,604,562,1
1764426516054,612,563,1
1764426516070,623,564,0
1764426516086,634,566,0
1764426516086,647,568,0
1764426516102,662,570,0
1764426516102,680,573,0
1764426516118,701,577,0
1764426516118,727,580,0
1764426516134,756,585,0
1764426516134,787,590,1
1764426516150,821,593,1
1764426516150,857,597,1
1764426516165,893,600,0
1764426516165,927,604,0
1764426516181,960,607,0
1764426516181,991,610,0
1764426516197,1023,615,0
1764426516197,1051,618,0
1764426516213,1080,623,0
1764426516213,1106,628,0
1764426516229,1133,632,0
1764426516229,1162,637,0
1764426516245,1193,642,0
1764426516245,1222,649,0
1764426516261,1252,655,0
1764426516261,1279,662,0
1764426516277,1305,668,0
1764426516277,1332,674,0
1764426516293,1359,680,0
1764426516293,1391,687,0
1764426516309,1415,693,0
1764426516309,1440,701,0
1764426516325,1459,706,0
1764426516518,1462,719,0
1764426516534,1461,719,0
1764426516534,1459,719,0
1764426516550,1455,719,0
1764426516566,1450,719,0
1764426516566,1443,718,0
1764426516582,1437,717,0
1764426516582,1430,716,0
1764426516598,1425,715,0
1764426516598,1420,715,0
1764426516598,1416,714,0
1764426516613,1412,714,0
1764426516629,1409,713,0
1764426516629,1407,713,0
1764426516645,1406,713,0
1764426516645,1404,713,0
1764426516661,1403,713,0
1764426516726,1402,713,0
1764426516969,1401,713,0
1764426516983,1400,714,0
1764426517000,1398,716,0
1764426517000,1393,720,0
1764426517016,1389,721,0
1764426517581,1388,721,0
1764426517581,1388,717,0
1764426517597,1388,709,0
1764426517597,1389,701,0
1764426517612,1389,696,0
1764426517612,1389,692,0
1764426517628,1390,688,0
1764426517628,1391,686,0
1764426517869,1392,685,0
1764426517885,1393,685,0
1764426517901,1394,685,0
1764426517918,1395,685,0
1764426517933,1396,685,0
1764426517933,1397,685,0
1764426517949,1398,686,0
1764426517949,1399,686,0
1764426517965,1401,687,0
1764426517981,1402,688,0
1764426518013,1403,689,0
1764426518013,1404,689,0
1764426518029,1404,690,0
1764426518029,1405,690,0
1764426518045,1405,691,0
1764426518077,1406,692,0
1764426518093,1407,692,0
1764426518109,1407,693,0
1764426518109,1408,693,0
1764426518125,1408,694,0
1764426518399,1408,695,0
1764426518415,1408,696,0
1764426518415,1408,697,0
1764426518431,1408,698,0
1764426520844,1408,699,0
1764426521134,1407,699,0
1764426521973,1406,699,0
1764426522326,1405,699,0
1764426525714,1400,697,0
1764426525730,1388,694,0
1764426525730,1369,691,0
1764426525746,1347,686,0
1764426525746,1329,674,0
1764426525762,1319,664,0
1764426525762,1315,658,0
1764426526501,1313,656,0
1764426526501,1313,653,0
1764426526517,1313,652,0
1764426526517,1313,651,0
1764426526533,1313,650,0
1764426526533,1312,650,0
1764426526549,1311,648,0
1764426526565,1309,647,0
1764426526565,1309,646,0
1764426526565,1309,645,0
1764426526581,1311,645,0
1764426526597,1313,645,0
1764426526597,1316,645,0
1764426526612,1319,645,0
1764426526612,1321,645,0
1764426526628,1322,645,0
1764426526628,1323,646,0
1764426526644,1325,647,0
1764426526644,1326,648,0
1764426526660,1328,650,0
1764426526660,1328,651,0
1764426526678,1329,652,0
1764426526685,1330,653,0
1764426526692,1330,654,0
1764426526692,1331,656,0
1764426526708,1332,656,0
1764426526773,1332,657,0
1764426526773,1334,657,0
1764426526788,1340,657,0
1764426526794,1352,657,0
1764426526804,1368,657,0
1764426526804,1388,656,0
1764426526821,1409,653,0
1764426526821,1427,650,0
1764426526836,1442,648,0
1764426526836,1453,646,0
1764426526852,1461,644,0
1764426526852,1462,644,0
1764426526932,1462,653,0
1764426526980,1462,721,0
1764426527267,1382,743,0
1764426527283,1379,731,0
1764426527283,1377,724,0
1764426527299,1375,721,0
1764426527299,1374,719,0
1764426527363,1374,718,0
1764426527395,1373,717,0
1764426527395,1372,717,0
1764426527412,1371,716,0
1764426527412,1370,715,0
1764426527427,1368,713,0
1764426527444,1367,712,0
1764426527446,1366,711,0
1764426527604,1367,711,0
1764426527604,1369,711,0
1764426527620,1371,712,0
1764426527620,1372,712,0
1764426527636,1374,712,0
1764426527636,1376,713,0
1764426527652,1377,713,0
1764426527652,1378,713,0
1764426527668,1379,713,0
1764426527700,1380,713,0
1764426527717,1382,713,0
1764426527732,1383,713,0
1764426527732,1385,713,0
1764426527748,1387,713,0
1764426527748,1388,713,0
1764426527764,1389,712,0
1764426527764,1390,712,0
1764426527812,1391,712,0
1764426527846,1391,711,0
1764426527860,1392,711,0
1764426527860,1392,710,0
1764426527876,1393,709,0
1764426527876,1394,709,0
1764426527892,1394,708,0
1764426527892,1395,708,0
1764426527908,1396,707,0
1764426527941,1397,707,0
1764426528906,1397,706,0
1764426528922,1396,706,0
1764426528922,1395,706,0
1764426528938,1394,706,0
1764426528938,1393,706,0
1764426528970,1392,705,0
1764426529422,1393,705,0
1764426529567,1394,705,0
1764426529583,1395,705,0
1764426529599,1396,705,0
1764426529599,1398,705,0
1764426529614,1401,705,0
1764426529614,1405,705,0
1764426529630,1408,705,0
1764426529646,1410,705,0
1764426529646,1412,705,0
1764426529872,1412,704,0
1764426529887,1411,704,0
1764426529903,1410,703,0
1764426529903,1409,703,0
1764426529919,1408,703,0
1764426529936,1407,703,0
1764426529952,1406,703,0
1764426529968,1405,702,0
1764426529984,1404,702,0
1764426529984,1402,701,0
1764426530000,1401,701,0
1764426530000,1400,701,0
1764426531948,1401,701,0
1764426532013,1402,701,0
1764426532028,1403,701,0
1764426532046,1404,702,0
1764426532060,1405,702,0
1764426532076,1406,702,0
1764426532092,1407,702,0
1764426532092,1408,703,0
1764426532108,1409,704,0
1764426532108,1410,704,0
1764426532124,1411,704,0
1764426532146,1412,704,0
1764426532165,1412,705,0
1764426532172,1413,705,0
1764426532188,1414,705,0
1764426532204,1415,706,0
1764426532220,1416,706,0
1764426535772,1414,707,0
1764426535772,1411,708,0
1764426535788,1407,708,0
1764426535788,1400,709,0
1764426535804,1392,709,0
1764426535804,1382,709,0
1764426535820,1371,709,0
1764426535820,1358,709,0
1764426535836,1345,709,0
1764426535836,1331,709,0
1764426535852,1319,708,0
1764426535852,1307,705,0
1764426535867,1295,704,0
1764426535867,1283,702,0
1764426535883,1271,701,0
1764426535883,1259,700,0
1764426535899,1248,699,0
1764426535899,1238,698,0
1764426535915,1226,697,0
1764426535915,1213,696,0
1764426535931,1200,693,0
1764426535931,1184,692,0
1764426535947,1166,690,0
1764426535947,1150,687,0
1764426535963,1132,685,0
1764426535963,1112,682,0
1764426535979,1095,681,0
1764426535979,1074,678,0
1764426535995,1054,677,0
1764426535995,1037,676,0
1764426536012,1019,673,0
1764426536012,1002,672,0
1764426536026,985,670,0
1764426536026,969,668,0
1764426536042,955,667,0
1764426536042,940,666,0
1764426536058,923,663,0
1764426536058,908,661,0
1764426536074,890,659,0
1764426536074,872,656,0
1764426536090,855,655,0
1764426536090,838,654,0
1764426536106,822,651,0
1764426536106,808,650,0
1764426536122,794,648,0
1764426536122,781,647,0
1764426536139,768,646,0
1764426536139,756,644,0
1764426536155,742,642,0
1764426536155,731,641,0
1764426536171,721,640,0
1764426536171,710,640,0
1764426536187,701,639,0
1764426536187,690,637,0
1764426536202,680,635,1
1764426536202,671,634,0
1764426536221,663,633,0
1764426536226,656,631,0
1764426536234,650,630,0
1764426536234,646,629,0
1764426536250,641,627,0
1764426536250,638,627,0
1764426536265,636,626,0
1764426536265,634,625,0
1764426536281,632,624,0
1764426536281,630,623,0
1764426536297,628,623,0
1764426536297,627,622,0
1764426536313,624,621,0
1764426536313,622,620,0
1764426536329,620,618,1
1764426536329,618,617,1
1764426536344,614,615,1
1764426536344,612,614,1
1764426536360,610,613,1
1764426536360,608,611,1
1764426536376,606,611,1
1764426536376,605,611,1
1764426536392,604,610,1
1764426536538,603,610,1
1764426536554,603,609,1
1764426536554,602,609,1
1764426536570,601,608,1
1764426536570,600,608,1
1764426536586,598,606,1
1764426536586,596,605,1
1764426536601,594,603,1
1764426536601,591,602,1
1764426536618,589,600,1
1764426536618,587,599,1
1764426536634,585,597,1
1764426536634,582,596,1
1764426536649,579,594,1
1764426536649,577,593,1
1764426536665,575,591,1
1764426536665,572,589,1
1764426536681,570,588,1
1764426536681,568,586,1
1764426536697,567,585,1
1764426536697,565,583,1
1764426536713,563,581,1
1764426536713,561,579,1
1764426536729,560,577,1
1764426536729,559,576,1
1764426536745,557,574,1
1764426536745,556,573,1
1764426536761,553,571,1
1764426536761,551,568,1
1764426536777,550,567,1
1764426536777,547,565,1
1764426536793,546,562,1
1764426536793,544,560,1
1764426536808,541,558,1
1764426536808,539,555,1
1764426536824,537,553,1
1764426536824,536,551,1
1764426536840,534,549,1
1764426536847,531,546,1
1764426536856,529,544,1
1764426536856,527,542,1
1764426536872,524,538,1
1764426536872,521,535,1
1764426536888,519,531,1
1764426536888,517,529,1
1764426536904,515,527,1
1764426536904,513,524,1
1764426536920,511,521,1
1764426536920,508,518,1
1764426536936,507,515,1
1764426536936,505,512,1
1764426536952,502,509,1
1764426536952,500,506,1
1764426536968,498,503,1
1764426536968,496,501,1
1764426536984,494,499,1
1764426536984,493,496,1
1764426536999,491,494,1
1764426536999,490,492,1
1764426537015,489,490,1
1764426537015,488,488,1
1764426537031,487,487,1
1764426537031,486,485,1
1764426537047,485,482,1
1764426537047,484,481,1
1764426537067,483,480,1
1764426537069,483,478,1
1764426537078,481,477,1
1764426537078,481,475,1
1764426537094,480,473,1
1764426537094,480,471,1
1764426537110,479,470,1
1764426537110,478,468,1
1764426537126,478,466,1
1764426537126,478,464,1
1764426537142,477,463,1
1764426537142,476,461,1
1764426537158,476,458,1
1764426537158,476,456,1
1764426537174,475,454,1
1764426537174,475,451,1
1764426537190,475,449,1
1764426537190,475,446,1
1764426537206,475,444,1
1764426537206,475,442,1
1764426537221,475,439,1
1764426537221,475,436,1
1764426537237,475,433,1
1764426537253,475,431,1
1764426537253,475,428,1
1764426537253,475,425,1
1764426537268,475,421,1
1764426537285,475,416,1
1764426537285,475,412,1
1764426537301,475,408,1
1764426537301,475,404,1
1764426537317,475,400,1
1764426537317,475,396,1
1764426537333,475,392,1
1764426537333,475,388,1
1764426537349,475,383,1
1764426537349,475,379,1
1764426537349,475,375,1
1764426537366,475,371,1
1764426537381,475,368,1
1764426537381,475,364,1
1764426537397,475,360,1
1764426537397,475,356,1
1764426537413,475,353,1
1764426537413,475,349,1
1764426537429,475,346,1
1764426537429,476,342,1
1764426537444,476,339,1
1764426537444,476,335,1
1764426537460,476,332,1
1764426537460,476,329,1
1764426537476,476,327,1
1764426537476,476,324,1
1764426537492,477,321,1
1764426537492,477,318,1
1764426537508,477,316,1
1764426537508,477,313,1
1764426537524,477,311,1
1764426537524,478,309,1
1764426537540,478,306,1
1764426537540,478,304,1
1764426537556,479,301,1
1764426537556,479,298,1
1764426537572,480,295,1
1764426537572,481,291,1
1764426537588,481,288,1
1764426537588,482,285,1
1764426537604,482,283,1
1764426537604,482,281,1
1764426537620,483,278,1
1764426537620,484,275,1
1764426537636,485,272,1
1764426537636,486,269,1
1764426537652,487,265,1
1764426537652,488,263,1
1764426537667,489,260,1
1764426537667,490,257,1
1764426537683,491,255,1
1764426537683,492,252,1
1764426537699,492,251,1
1764426537699,493,250,1
1764426537715,494,248,1
1764426537715,495,246,1
1764426537732,496,244,1
1764426537732,497,243,1
1764426537748,498,240,1
1764426537748,500,238,1
1764426537764,501,236,1
1764426537769,503,234,1
1764426537780,504,231,1
1764426537780,506,230,1
1764426537796,507,228,1
1764426537796,508,226,1
1764426537812,511,224,1
1764426537812,512,223,1
1764426537828,514,221,1
1764426537828,516,220,1
1764426537844,517,218,1
1764426537844,520,216,1
1764426537860,522,214,1
1764426537860,523,213,1
1764426537876,526,211,1
1764426537876,528,210,1
1764426537892,530,208,1
1764426537892,532,205,1
1764426537908,535,203,1
1764426537908,537,202,1
1764426537924,539,200,1
1764426537924,541,198,1
1764426537940,544,196,1
1764426537940,546,195,1
1764426537955,548,192,1
1764426537955,551,191,1
1764426537971,553,189,1
1764426537971,555,187,1
1764426537987,557,185,1
1764426537987,560,183,1
1764426538003,562,182,1
1764426538003,564,180,1
1764426538019,566,178,1
1764426538019,569,177,1
1764426538035,570,175,1
1764426538035,572,174,1
1764426538051,575,172,1
1764426538051,576,171,1
1764426538066,578,169,1
1764426538066,580,168,1
1764426538082,583,166,1
1764426538082,585,165,1
1764426538098,587,163,1
1764426538098,589,162,1
1764426538114,592,160,1
1764426538114,594,159,1
1764426538130,596,157,1
1764426538130,598,156,1
1764426538147,600,154,1
1764426538147,601,154,1
1764426538162,603,153,1
1764426538162,605,152,1
1764426538178,606,152,1
1764426538178,607,151,1
1764426538194,609,150,1
1764426538194,610,150,1
1764426538210,612,148,1
1764426538210,614,148,1
1764426538226,616,147,1
1764426538226,618,146,1
1764426538242,620,145,1
1764426538242,622,144,1
1764426538258,624,144,1
1764426538258,626,143,1
1764426538274,628,141,1
1764426538274,631,141,1
1764426538290,632,140,1
1764426538290,634,140,1
1764426538306,636,139,1
1764426538306,638,139,1
1764426538322,641,138,1
1764426538322,643,137,1
1764426538338,645,136,1
1764426538338,647,136,1
1764426538353,649,135,1
1764426538353,653,134,1
1764426538369,655,133,1
1764426538369,657,133,1
1764426538385,659,132,1
1764426538385,662,131,1
1764426538401,665,131,1
1764426538401,667,130,1
1764426538417,670,129,1
1764426538417,672,128,1
1764426538433,675,128,1
1764426538433,677,127,1
1764426538449,679,127,1
1764426538449,681,127,1
1764426538465,684,126,1
1764426538465,686,125,1
1764426538481,688,125,1
1764426538481,690,125,1
1764426538497,692,124,1
1764426538497,694,124,1
1764426538513,697,124,1
1764426538513,699,123,1
1764426538529,700,123,1
1764426538529,702,123,1
1764426538545,704,122,1
1764426538545,706,122,1
1764426538560,709,122,1
1764426538560,711,122,1
1764426538576,713,122,1
1764426538576,715,122,1
1764426538592,717,122,1
1764426538592,720,122,1
1764426538608,723,122,1
1764426538608,726,122,1
1764426538624,730,122,1
1764426538624,733,122,1
1764426538639,737,122,1
1764426538639,740,122,1
1764426538655,743,122,1
1764426538655,746,122,1
1764426538671,749,122,1
1764426538671,751,122,1
1764426538687,753,123,1
1764426538687,756,123,1
1764426538702,758,123,1
1764426538702,760,124,1
1764426538718,762,124,1
1764426538718,764,125,1
1764426538734,766,125,1
1764426538752,769,126,1
1764426538752,771,126,1
1764426538752,773,127,1
1764426538766,776,127,1
1764426538766,779,128,1
1764426538782,782,129,1
1764426538798,785,130,1
1764426538798,790,132,1
1764426538798,794,133,1
1764426538813,799,135,1
1764426538813,802,136,1
1764426538830,806,138,1
1764426538845,811,140,1
1764426538845,815,140,1
1764426538861,820,142,1
1764426538861,823,143,1
1764426538861,826,144,1
1764426538877,829,145,1
1764426538893,831,145,1
1764426538893,833,146,1
1764426538908,836,147,1
1764426538908,838,148,1
1764426538924,840,148,1
1764426538924,842,149,1
1764426538940,844,150,1
1764426538940,845,150,1
1764426538956,847,152,1
1764426538957,849,153,1
1764426538972,852,154,1
1764426538972,854,155,1
1764426538988,856,156,1
1764426538988,859,158,1
1764426539003,861,159,1
1764426539003,864,160,1
1764426539019,865,161,1
1764426539019,867,162,1
1764426539035,868,164,1
1764426539035,870,165,1
1764426539051,872,167,1
1764426539051,874,168,1
1764426539067,876,170,1
1764426539067,878,171,1
1764426539083,880,172,1
1764426539083,881,174,1
1764426539099,883,175,1
1764426539099,885,177,1
1764426539115,886,179,1
1764426539115,888,181,1
1764426539131,889,182,1
1764426539131,891,183,1
1764426539147,892,185,1
1764426539147,893,186,1
1764426539163,895,188,1
1764426539163,896,190,1
1764426539179,898,192,1
1764426539179,899,194,1
1764426539195,901,196,1
1764426539195,902,198,1
1764426539211,905,203,1
1764426539227,907,204,1
1764426539227,908,206,1
1764426539243,910,208,1
1764426539243,910,210,1
1764426539259,911,211,1
1764426539259,913,213,1
1764426539275,914,215,1
1764426539275,915,216,1
1764426539291,915,218,1
1764426539291,917,219,1
1764426539306,917,220,1
1764426539306,918,222,1
1764426539322,920,223,1
1764426539322,920,225,1
1764426539338,921,226,1
1764426539338,922,228,1
1764426539354,923,229,1
1764426539354,925,232,1
1764426539370,925,233,1
1764426539370,926,235,1
1764426539386,928,238,1
1764426539386,928,240,1
1764426539402,930,242,1
1764426539402,930,244,1
1764426539417,931,246,1
1764426539417,933,248,1
1764426539433,933,249,1
1764426539433,934,251,1
1764426539449,935,253,1
1764426539449,936,254,1
1764426539466,937,256,1
1764426539466,938,259,1
1764426539482,939,261,1
1764426539482,940,262,1
1764426539498,941,264,1
1764426539498,942,266,1
1764426539513,943,268,1
1764426539513,944,270,1
1764426539529,945,272,1
1764426539529,946,275,1
1764426539545,946,277,1
1764426539545,948,280,1
1764426539561,949,282,1
1764426539561,949,284,1
1764426539577,950,287,1
1764426539577,951,290,1
1764426539593,952,292,1
1764426539593,952,294,1
1764426539609,953,296,1
1764426539609,954,298,1
1764426539624,954,300,1
1764426539624,955,301,1
1764426539640,955,303,1
1764426539640,955,304,1
1764426539656,955,307,1
1764426539672,955,309,1
1764426539672,955,311,1
1764426539672,955,313,1
1764426539688,956,316,1
1764426539688,956,319,1
1764426539703,956,321,1
1764426539703,956,323,1
1764426539719,957,326,1
1764426539719,957,329,1
1764426539735,957,332,1
1764426539735,958,335,1
1764426539750,958,338,1
1764426539750,958,341,1
1764426539766,958,343,1
1764426539766,958,345,1
1764426539782,958,347,1
1764426539782,959,349,1
1764426539798,959,351,1
1764426539798,959,354,1
1764426539814,959,357,1
1764426539814,960,360,1
1764426539830,961,363,1
1764426539830,961,366,1
1764426539845,961,368,1
1764426539845,962,371,1
1764426539861,963,374,1
1764426539861,964,376,1
1764426539877,964,379,1
1764426539877,964,382,1
1764426539893,964,383,1
1764426539893,965,384,1
1764426539909,965,385,1
1764426539909,966,387,1
1764426539924,966,388,1
1764426539924,967,390,1
1764426539941,967,392,1
1764426539941,967,393,1
1764426539956,967,395,1
1764426539972,967,396,1
1764426539972,967,398,1
1764426539988,967,401,1
1764426539988,967,403,1
1764426540004,967,405,1
1764426540012,967,407,1
1764426540020,967,409,1
1764426540022,968,411,1
1764426540036,968,413,1
1764426540036,968,416,1
1764426540052,968,418,1
1764426540052,968,420,1
1764426540067,968,422,1
1764426540067,968,424,1
1764426540083,968,426,1
1764426540083,968,428,1
1764426540101,968,430,1
1764426540101,968,432,1
1764426540115,968,434,1
1764426540115,968,436,1
1764426540131,967,438,1
1764426540131,966,441,1
1764426540147,966,443,1
1764426540147,966,445,1
1764426540163,965,448,1
1764426540163,964,450,1
1764426540179,963,453,1
1764426540179,962,456,1
1764426540195,961,459,1
1764426540195,960,461,1
1764426540210,959,464,1
1764426540210,957,467,1
1764426540226,956,470,1
1764426540226,955,473,1
1764426540242,953,475,1
1764426540242,953,478,1
1764426540258,951,480,1
1764426540258,950,483,1
1764426540274,948,485,1
1764426540274,947,486,1
1764426540290,946,488,1
1764426540290,944,490,1
1764426540308,944,491,1
1764426540308,943,493,1
1764426540322,942,495,1
1764426540322,940,496,1
1764426540337,939,498,1
1764426540337,937,501,1
1764426540354,936,503,1
1764426540354,933,505,1
1764426540369,932,508,1
1764426540369,930,509,1
1764426540385,929,510,1
1764426540385,928,513,1
1764426540401,926,514,1
1764426540401,925,516,1
1764426540417,923,519,1
1764426540417,921,521,1
1764426540433,919,523,1
1764426540433,917,525,1
1764426540449,916,528,1
1764426540449,914,529,1
1764426540465,913,531,1
1764426540465,910,534,1
1764426540481,908,536,1
1764426540481,905,539,1
1764426540496,903,542,1
1764426540496,902,544,1
1764426540514,899,546,1
1764426540516,897,549,1
1764426540528,895,551,1
1764426540538,892,553,1
1764426540544,890,555,1
1764426540544,889,558,1
1764426540559,886,560,1
1764426540559,884,562,1
1764426540575,882,564,1
1764426540575,880,565,1
1764426540591,878,568,1
1764426540591,876,570,1
1764426540607,873,572,1
1764426540607,871,574,1
1764426540622,869,575,1
1764426540622,867,577,1
1764426540638,864,578,1
1764426540638,862,580,1
1764426540654,860,581,1
1764426540654,858,583,1
1764426540670,855,584,1
1764426540670,854,586,1
1764426540686,853,586,1
1764426540702,851,587,1
1764426540702,849,588,1
1764426540702,848,589,1
1764426540718,845,591,1
1764426540718,843,591,1
1764426540734,841,593,1
1764426540734,840,594,1
1764426540754,837,595,1
1764426540754,835,596,1
1764426540766,834,596,1
1764426540766,832,597,1
1764426540782,831,598,1
1764426540782,830,598,1
1764426540798,828,599,1
1764426540798,826,600,1
1764426540814,824,601,1
1764426540814,822,602,1
1764426540830,819,603,1
1764426540830,817,604,1
1764426540846,815,605,1
1764426540846,813,606,1
1764426540862,811,607,1
1764426540862,808,607,1
1764426540878,807,608,1
1764426540878,805,609,1
1764426540893,803,609,1
1764426540909,801,610,1
1764426540909,800,610,1
1764426540925,798,611,1
1764426540925,796,611,1
1764426540925,793,612,1
1764426540941,791,612,1
1764426540956,789,612,1
1764426540956,787,612,1
1764426540972,785,612,1
1764426540972,783,613,1
1764426540988,781,613,1
1764426540988,778,613,1
1764426541004,775,613,1
1764426541004,772,613,1
1764426541020,768,613,1
1764426541020,763,613,1
1764426541036,759,613,1
1764426541036,755,613,1
1764426541052,750,613,1
1764426541052,746,613,1
1764426541068,742,613,1
1764426541068,737,613,1
1764426541083,733,613,1
1764426541083,729,613,1
1764426541099,725,613,1
1764426541099,722,613,1
1764426541115,719,613,1
1764426541115,715,613,1
1764426541131,711,613,1
1764426541131,707,613,1
1764426541147,703,613,1
1764426541147,699,613,1
1764426541163,694,613,1
1764426541167,690,612,1
1764426541179,686,612,1
1764426541179,681,612,1
1764426541195,675,612,1
1764426541195,671,611,1
1764426541211,667,611,1
1764426541211,664,611,1
1764426541227,660,611,1
1764426541227,657,611,1
1764426541243,654,611,1
1764426541243,651,611,1
1764426541259,646,610,1
1764426541259,643,609,1
1764426541275,640,609,1
1764426541275,637,608,1
1764426541290,634,607,1
1764426541290,632,607,1
1764426541307,630,606,1
1764426541307,628,605,1
1764426541323,625,604,1
1764426541323,622,604,1
1764426541338,619,602,1
1764426541338,616,600,1
1764426541354,611,600,1
1764426541354,607,598,1
1764426541372,602,596,1
1764426541373,598,594,1
1764426541386,593,591,1
1764426541386,587,589,1
1764426541402,583,587,1
1764426541402,579,585,1
1764426541418,575,582,1
1764426541418,571,580,1
1764426541434,568,578,1
1764426541434,565,576,1
1764426541450,562,575,1
1764426541450,559,572,1
1764426541467,557,571,1
1764426541467,554,568,1
1764426541482,550,566,1
1764426541482,547,564,1
1764426541498,545,562,1
1764426541498,541,559,1
1764426541514,539,557,1
1764426541514,535,554,1
1764426541529,533,552,1
1764426541529,531,550,1
1764426541546,528,547,1
1764426541546,526,545,1
1764426541562,524,543,1
1764426541562,521,541,1
1764426541578,519,539,1
1764426541578,518,537,1
1764426541593,515,535,1
1764426541593,513,533,1
1764426541609,512,531,1
1764426541609,509,528,1
1764426541625,507,525,1
1764426541625,504,521,1
1764426541640,502,518,1
1764426541640,499,516,1
1764426541656,497,512,1
1764426541656,494,509,1
1764426541675,493,506,1
1764426541680,491,503,1
1764426541688,489,500,1
1764426541688,489,498,1
1764426541703,487,495,1
1764426541703,486,492,1
1764426541719,485,490,1
1764426541719,485,489,1
1764426541735,483,487,1
1764426541735,483,484,1
1764426541751,483,483,1
1764426541751,483,482,1
1764426541767,482,480,1
1764426541767,481,477,1
1764426541783,481,475,1
1764426541783,480,473,1
1764426541798,480,471,1
1764426541798,480,468,1
1764426541814,479,465,1
1764426541814,479,463,1
1764426541830,479,460,1
1764426541830,479,457,1
1764426541846,479,454,1
1764426541862,479,451,1
1764426541862,479,448,1
1764426541862,479,445,1
1764426541877,479,442,1
1764426541877,479,439,1
1764426541900,479,436,1
1764426541901,479,433,1
1764426541909,479,429,1
1764426541909,479,426,1
1764426541925,479,422,1
1764426541925,479,418,1
1764426541941,479,413,1
1764426541957,479,409,1
1764426541957,479,405,1
1764426541973,479,401,1
1764426541973,479,397,1
1764426541973,479,393,1
1764426541989,479,389,1
1764426542005,479,385,1
1764426542005,479,380,1
1764426542020,479,378,1
1764426542020,479,375,1
1764426542036,479,372,1
1764426542036,479,369,1
1764426542052,479,366,1
1764426542052,479,363,1
1764426542068,479,361,1
1764426542068,479,359,1
1764426542084,479,357,1
1764426542084,479,354,1
1764426542100,479,351,1
1764426542100,479,349,1
1764426542116,479,347,1
1764426542116,479,345,1
1764426542132,479,342,1
1764426542132,479,339,1
1764426542148,479,337,1
1764426542148,479,335,1
1764426542164,480,332,1
1764426542164,480,330,1
1764426542180,480,327,1
1764426542180,480,325,1
1764426542196,480,323,1
1764426542196,481,320,1
1764426542212,481,317,1
1764426542212,482,315,1
1764426542227,483,313,1
1764426542227,483,310,1
1764426542243,484,308,1
1764426542243,485,306,1
1764426542259,486,303,1
1764426542259,486,299,1
1764426542275,488,296,1
1764426542275,490,293,1
1764426542291,491,290,1
1764426542291,493,286,1
1764426542306,494,283,1
1764426542306,495,280,1
1764426542322,497,277,1
1764426542322,499,273,1
1764426542338,500,270,1
1764426542338,502,268,1
1764426542354,503,266,1
1764426542354,504,263,1
1764426542372,505,261,1
1764426542372,506,259,1
1764426542386,508,257,1
1764426542386,508,254,1
1764426542402,510,252,1
1764426542402,511,251,1
1764426542418,513,249,1
1764426542418,514,247,1
1764426542434,515,245,1
1764426542434,516,243,1
1764426542450,517,241,1
1764426542450,519,239,1
1764426542466,520,237,1
1764426542466,522,235,1
1764426542482,523,232,1
1764426542482,525,231,1
1764426542498,526,229,1
1764426542498,528,226,1
1764426542514,529,224,1
1764426542514,531,222,1
1764426542529,533,220,1
1764426542529,535,217,1
1764426542545,537,215,1
1764426542545,538,213,1
1764426542561,540,211,1
1764426542561,542,210,1
1764426542577,543,208,1
1764426542577,546,205,1
1764426542593,547,203,1
1764426542593,549,202,1
1764426542609,550,199,1
1764426542609,552,197,1
1764426542625,554,196,1
1764426542625,556,194,1
1764426542642,558,192,1
1764426542642,560,191,1
1764426542660,561,189,1
1764426542663,563,187,1
1764426542673,565,185,1
1764426542673,566,184,1
1764426542689,568,183,1
1764426542689,569,181,1
1764426542705,571,180,1
1764426542705,572,180,1
1764426542721,573,178,1
1764426542721,575,178,1
1764426542737,576,176,1
1764426542737,577,176,1
1764426542753,579,174,1
1764426542753,580,173,1
1764426542769,582,172,1
1764426542769,584,170,1
1764426542785,585,169,1
1764426542785,587,168,1
1764426542801,589,167,1
1764426542801,590,165,1
1764426542817,592,165,1
1764426542817,594,163,1
1764426542834,596,163,1
1764426542834,598,162,1
1764426542849,599,161,1
1764426542849,601,160,1
1764426542865,603,160,1
1764426542865,604,159,1
1764426542880,605,159,1
1764426542880,606,159,1
1764426542896,608,157,1
1764426542896,609,156,1
1764426542912,611,156,1
1764426542912,614,154,1
1764426542928,616,153,1
1764426542928,618,153,1
1764426542944,620,152,1
1764426542944,622,151,1
1764426542960,624,151,1
1764426542960,626,150,1
1764426542976,627,150,1
1764426542976,630,148,1
1764426542992,631,148,1
1764426542992,633,147,1
1764426543008,635,147,1
1764426543008,638,145,1
1764426543024,641,144,1
1764426543024,645,144,1
1764426543044,648,143,1
1764426543048,651,142,1
1764426543055,654,141,1
1764426543055,656,141,1
1764426543071,659,140,1
1764426543071,662,139,1
1764426543087,664,138,1
1764426543087,667,138,1
1764426543103,670,137,1
1764426543103,672,137,1
1764426543119,674,136,1
1764426543119,676,136,1
1764426543135,678,135,1
1764426543135,680,135,1
1764426543150,683,135,1
1764426543150,685,135,1
1764426543166,688,135,1
1764426543166,690,134,1
1764426543182,693,134,1
1764426543182,696,134,1
1764426543198,699,134,1
1764426543198,701,134,1
1764426543213,703,133,1
1764426543213,705,133,1
1764426543230,708,133,1
1764426543230,710,133,1
1764426543245,712,133,1
1764426543245,715,133,1
1764426543261,717,133,1
1764426543261,720,133,1
1764426543277,723,133,1
1764426543277,726,133,1
1764426543293,728,133,1
1764426543293,731,133,1
1764426543310,733,133,1
1764426543325,735,133,1
1764426543325,738,133,1
1764426543325,740,133,1
1764426543341,743,133,1
1764426543357,745,133,1
1764426543357,747,133,1
1764426543357,749,133,1
1764426543373,751,133,1
1764426543389,753,133,1
1764426543389,755,133,1
1764426543405,758,133,1
1764426543405,759,133,1
1764426543405,761,133,1
1764426543421,763,133,1
1764426543437,765,133,1
1764426543437,768,134,1
1764426543452,771,135,1
1764426543452,774,135,1
1764426543468,777,135,1
1764426543468,779,136,1
1764426543484,781,137,1
1764426543484,784,138,1
1764426543500,786,138,1
1764426543500,789,138,1
1764426543516,792,139,1
1764426543516,795,140,1
1764426543532,798,141,1
1764426543532,802,142,1
1764426543548,805,143,1
1764426543548,808,144,1
1764426543564,811,146,1
1764426543564,814,146,1
1764426543580,818,148,1
1764426543580,821,149,1
1764426543595,823,150,1
1764426543595,825,151,1
1764426543611,827,152,1
1764426543611,830,152,1
1764426543627,832,153,1
1764426543627,834,154,1
1764426543643,835,155,1
1764426543643,837,155,1
1764426543659,839,157,1
1764426543659,841,158,1
1764426543675,843,160,1
1764426543675,846,161,1
1764426543691,848,162,1
1764426543691,850,164,1
1764426543706,852,165,1
1764426543706,855,167,1
1764426543723,857,168,1
1764426543723,860,170,1
1764426543738,863,172,1
1764426543738,867,175,1
1764426543754,870,177,1
1764426543754,874,179,1
1764426543770,877,181,1
1764426543770,879,182,1
1764426543786,881,184,1
1764426543786,883,185,1
1764426543801,884,186,1
1764426543801,886,188,1
1764426543817,888,189,1
1764426543817,889,190,1
1764426543833,891,192,1
1764426543833,892,194,1
1764426543849,894,195,1
1764426543849,897,197,1
1764426543865,898,198,1
1764426543865,900,200,1
1764426543881,902,201,1
1764426543881,904,203,1
1764426543897,906,204,1
1764426543897,906,205,1
1764426543913,908,207,1
1764426543913,909,208,1
1764426543929,910,210,1
1764426543929,912,211,1
1764426543944,913,213,1
1764426543944,915,216,1
1764426543960,917,217,1
1764426543960,919,219,1
1764426543976,920,222,1
1764426543976,922,224,1
1764426543995,924,225,1
1764426543995,925,228,1
1764426544011,927,230,1
1764426544013,928,231,1
1764426544027,930,233,1
1764426544027,931,235,1
1764426544043,933,237,1
1764426544043,934,239,1
1764426544059,936,242,1
1764426544059,937,244,1
1764426544074,939,246,1
1764426544074,940,248,1
1764426544090,942,251,1
1764426544090,942,253,1
1764426544106,943,254,1
1764426544106,945,256,1
1764426544121,945,259,1
1764426544121,947,261,1
1764426544137,948,263,1
1764426544137,948,264,1
1764426544153,949,267,1
1764426544153,950,269,1
1764426544169,951,270,1
1764426544169,952,272,1
1764426544185,953,274,1
1764426544185,953,275,1
1764426544203,954,277,1
1764426544203,955,279,1
1764426544216,956,281,1
1764426544216,957,282,1
1764426544232,958,284,1
1764426544232,959,287,1
1764426544249,960,289,1
1764426544249,960,291,1
1764426544264,961,293,1
1764426544264,963,296,1
1764426544280,964,298,1
1764426544280,965,301,1
1764426544296,966,304,1
1764426544296,966,306,1
1764426544312,968,309,1
1764426544312,969,312,1
1764426544328,970,314,1
1764426544328,970,317,1
1764426544344,972,320,1
1764426544344,973,323,1
1764426544360,973,326,1
1764426544360,974,329,1
1764426544375,975,332,1
1764426544375,976,335,1
1764426544391,977,338,1
1764426544391,977,340,1
1764426544409,978,342,1
1764426544409,979,345,1
1764426544423,980,348,1
1764426544423,980,351,1
1764426544438,980,354,1
1764426544438,981,357,1
1764426544454,981,360,1
1764426544454,982,363,1
1764426544470,983,367,1
1764426544470,983,370,1
1764426544486,983,373,1
1764426544486,983,375,1
1764426544502,983,378,1
1764426544502,983,381,1
1764426544517,983,384,1
1764426544517,983,387,1
1764426544533,983,390,1
1764426544549,983,392,1
1764426544549,983,394,1
1764426544565,983,396,1
1764426544565,983,398,1
1764426544581,983,400,1
1764426544581,983,402,1
1764426544596,983,405,1
1764426544596,983,407,1
1764426544612,983,409,1
1764426544612,983,411,1
1764426544612,983,413,1
1764426544628,983,414,1
1764426544644,983,417,1
1764426544644,983,419,1
1764426544660,983,421,1
1764426544660,983,423,1
1764426544675,982,425,1
1764426544675,981,427,1
1764426544692,980,430,1
1764426544692,980,433,1
1764426544708,979,436,1
1764426544708,977,439,1
1764426544724,977,441,1
1764426544724,976,443,1
1764426544740,975,445,1
1764426544740,974,448,1
1764426544755,974,451,1
1764426544755,972,453,1
1764426544772,971,455,1
1764426544772,971,457,1
1764426544788,970,460,1
1764426544788,968,462,1
1764426544804,968,464,1
1764426544804,966,466,1
1764426544820,965,468,1
1764426544820,965,470,1
1764426544835,963,472,1
1764426544835,963,473,1
1764426544851,961,476,1
1764426544851,960,477,1
1764426544867,958,479,1
1764426544867,957,482,1
1764426544883,955,483,1
1764426544883,954,485,1
1764426544899,953,487,1
1764426544899,952,489,1
1764426544915,950,491,1
1764426544915,949,493,1
1764426544931,947,495,1
1764426544931,946,496,1
1764426544947,944,498,1
1764426544947,943,500,1
1764426544963,941,502,1
1764426544963,940,504,1
1764426544979,938,507,1
1764426544979,937,508,1
1764426544995,935,510,1
1764426544995,932,513,1
1764426545011,931,515,1
1764426545011,929,517,1
1764426545026,927,519,1
1764426545026,926,521,1
1764426545042,923,523,1
1764426545042,921,525,1
1764426545058,919,528,1
1764426545058,916,529,1
1764426545074,914,532,1
1764426545074,913,533,1
1764426545090,910,534,1
1764426545090,909,536,1
1764426545106,907,537,1
1764426545106,905,539,1
1764426545122,904,539,1
1764426545122,903,540,1
1764426545138,901,542,1
1764426545138,900,543,1
1764426545154,898,544,1
1764426545154,897,545,1
1764426545170,895,547,1
1764426545170,892,548,1
1764426545186,890,550,1
1764426545186,888,551,1
1764426545202,886,553,1
1764426545202,884,553,1
1764426545218,881,555,1
1764426545218,880,556,1
1764426545233,878,558,1
1764426545233,875,559,1
1764426545249,873,561,1
1764426545249,871,562,1
1764426545265,869,563,1
1764426545265,866,564,1
1764426545281,864,565,1
1764426545281,862,566,1
1764426545297,860,567,1
1764426545297,858,568,1
1764426545313,856,569,1
1764426545313,854,570,1
1764426545329,852,571,1
1764426545329,850,572,1
1764426545344,848,572,1
1764426545344,846,574,1
1764426545360,844,575,1
1764426545360,841,577,1
1764426545376,838,578,1
1764426545376,835,579,1
1764426545392,833,580,1
1764426545392,830,582,1
1764426545408,828,582,1
1764426545408,824,584,1
1764426545424,822,585,1
1764426545424,820,586,1
1764426545440,818,587,1
1764426545440,816,588,1
1764426545456,813,588,1
1764426545456,811,589,1
1764426545472,808,590,1
1764426545472,806,591,1
1764426545488,804,592,1
1764426545488,802,593,1
1764426545503,798,594,1
1764426545503,796,595,1
1764426545519,794,597,1
1764426545519,792,597,1
1764426545535,790,598,1
1764426545535,786,599,1
1764426545551,784,600,1
1764426545551,781,601,1
1764426545569,779,602,1
1764426545569,777,603,1
1764426545583,773,604,1
1764426545583,771,605,1
1764426545598,769,606,1
1764426545598,767,607,1
1764426545614,764,607,1
1764426545614,762,608,1
1764426545630,759,609,1
1764426545630,756,610,1
1764426545646,753,610,1
1764426545646,751,611,1
1764426545662,748,612,1
1764426545662,745,613,1
1764426545678,742,613,1
1764426545678,739,614,1
1764426545694,737,615,1
1764426545694,733,616,1
1764426545710,730,616,1
1764426545725,728,617,1
1764426545725,725,617,1
1764426545725,723,618,1
1764426545741,721,618,1
1764426545741,719,619,1
1764426545757,717,619,1
1764426545775,714,619,1
1764426545779,712,619,1
1764426545789,710,619,1
1764426545789,708,619,1
1764426545805,705,619,1
1764426545805,703,620,1
1764426545821,701,620,1
1764426545821,698,620,1
1764426545821,695,620,1
1764426545837,693,620,1
1764426545837,691,620,1
1764426545853,688,620,1
1764426545869,686,620,1
1764426545869,683,620,1
1764426545884,680,620,1
1764426545884,677,620,1
1764426545900,675,620,1
1764426545900,672,620,1
1764426545916,669,620,1
1764426545916,665,620,1
1764426545932,662,619,1
1764426545932,659,618,1
1764426545948,656,618,1
1764426545948,653,617,1
1764426545964,650,616,1
1764426545966,645,615,1
1764426545980,642,614,1
1764426545980,639,613,1
1764426545996,634,611,1
1764426545996,631,610,1
1764426546011,628,610,1
1764426546011,625,609,1
1764426546027,622,607,1
1764426546027,620,606,1
1764426546043,617,606,1
1764426546043,615,605,1
1764426546059,612,604,1
1764426546059,610,603,1
1764426546075,608,602,1
1764426546075,605,601,1
1764426546091,602,600,1
1764426546091,599,598,1
1764426546107,596,596,1
1764426546107,593,596,1
1764426546123,589,594,1
1764426546123,587,592,1
1764426546138,584,591,1
1764426546138,582,589,1
1764426546154,579,588,1
1764426546154,577,586,1
1764426546170,574,585,1
1764426546170,572,583,1
1764426546186,569,581,1
1764426546186,567,579,1
1764426546202,564,578,1
1764426546202,561,576,1
1764426546218,558,575,1
1764426546218,556,573,1
1764426546234,554,572,1
1764426546234,551,569,1
1764426546250,548,568,1
1764426546250,546,566,1
1764426546266,544,564,1
1764426546266,542,562,1
1764426546281,539,560,1
1764426546281,537,559,1
1764426546298,536,557,1
1764426546298,533,555,1
1764426546314,531,553,1
1764426546314,529,550,1
1764426546329,526,548,1
1764426546329,525,546,1
1764426546345,523,543,1
1764426546345,521,541,1
1764426546361,519,539,1
1764426546361,517,537,1
1764426546377,516,534,1
1764426546377,514,532,1
1764426546393,512,530,1
1764426546393,510,527,1
1764426546409,509,523,1
1764426546409,507,520,1
1764426546425,505,517,1
1764426546425,504,513,1
1764426546441,502,510,1
1764426546441,501,507,1
1764426546457,499,504,1
1764426546457,497,499,1
1764426546472,496,496,1
1764426546472,494,491,1
1764426546488,493,487,1
1764426546488,491,482,1
1764426546504,490,478,1
1764426546504,488,474,1
1764426546520,487,470,1
1764426546520,486,466,1
1764426546536,485,463,1
1764426546536,484,458,1
1764426546552,483,455,1
1764426546552,483,452,1
1764426546568,482,448,1
1764426546568,482,445,1
1764426546583,481,442,1
1764426546583,480,439,1
1764426546599,480,436,1
1764426546599,478,433,1
1764426546615,478,431,1
1764426546615,478,429,1
1764426546631,478,426,1
1764426546631,477,423,1
1764426546646,477,421,1
1764426546646,476,419,1
1764426546662,476,417,1
1764426546662,476,415,1
1764426546678,476,413,1
1764426546678,475,410,1
1764426546694,475,408,1
1764426546694,475,406,1
1764426546709,475,404,1
1764426546709,475,402,1
1764426546725,475,400,1
1764426546741,475,398,1
1764426546741,475,395,1
1764426546757,475,392,1
1764426546757,475,389,1
1764426546757,475,386,1
1764426546773,475,383,1
1764426546789,475,380,1
1764426546789,475,377,1
1764426546789,475,375,1
1764426546804,475,372,1
1764426546820,475,368,1
1764426546820,475,365,1
1764426546836,475,362,1
1764426546836,475,358,1
1764426546852,475,355,1
1764426546852,475,351,1
1764426546868,475,348,1
1764426546868,475,344,1
1764426546884,476,341,1
1764426546884,476,336,1
1764426546900,476,333,1
1764426546900,477,329,1
1764426546916,477,326,1
1764426546917,478,322,1
1764426546932,479,319,1
1764426546932,480,315,1
1764426546948,480,310,1
1764426546948,481,307,1
1764426546964,482,304,1
1764426546964,483,300,1
1764426546980,484,297,1
1764426546980,485,292,1
1764426546996,486,289,1
1764426546996,488,285,1
1764426547012,490,281,1
1764426547012,490,278,1
1764426547028,491,275,1
1764426547028,493,272,1
1764426547043,494,269,1
1764426547043,495,266,1
1764426547060,497,263,1
1764426547060,498,260,1
1764426547076,500,256,1
1764426547076,502,252,1
1764426547092,503,249,1
1764426547092,505,246,1
1764426547107,507,242,1
1764426547107,508,240,1
1764426547124,510,237,1
1764426547129,511,235,1
1764426547140,513,232,1
1764426547140,514,229,1
1764426547155,516,227,1
1764426547155,517,225,1
1764426547171,519,223,1
1764426547171,520,221,1
1764426547188,522,219,1
1764426547188,523,217,1
1764426547203,525,215,1
1764426547203,526,214,1
1764426547219,528,212,1
1764426547219,529,210,1
1764426547235,530,209,1
1764426547235,531,207,1
1764426547251,533,205,1
1764426547251,534,204,1
1764426547267,536,202,1
1764426547267,538,200,1
1764426547283,539,198,1
1764426547283,541,196,1
1764426547299,543,194,1
1764426547299,544,193,1
1764426547315,546,191,1
1764426547315,547,190,1
1764426547331,549,188,1
1764426547331,550,187,1
1764426547347,552,185,1
1764426547347,555,184,1
1764426547363,556,182,1
1764426547363,557,182,1
1764426547379,560,180,1
1764426547380,561,179,1
1764426547395,563,177,1
1764426547395,566,176,1
1764426547411,568,174,1
1764426547411,570,173,1
1764426547427,572,171,1
1764426547427,575,170,1
1764426547443,579,168,1
1764426547443,583,166,1
1764426547459,586,165,1
1764426547459,589,163,1
1764426547474,592,162,1
1764426547474,595,161,1
1764426547490,597,159,1
1764426547490,600,159,1
1764426547506,603,157,1
1764426547506,606,155,1
1764426547522,609,155,1
1764426547522,612,154,1
1764426547538,614,153,1
1764426547538,618,152,1
1764426547554,620,151,1
1764426547554,622,151,1
1764426547570,624,150,1
1764426547570,626,149,1
1764426547589,628,149,1
1764426547596,631,148,1
1764426547602,634,147,1
1764426547602,636,146,1
1764426547617,639,146,1
1764426547617,641,145,1
1764426547635,644,144,1
1764426547641,646,143,1
1764426547649,650,143,1
1764426547649,652,143,1
1764426547665,654,142,1
1764426547665,656,141,1
1764426547681,658,141,1
1764426547681,660,140,1
1764426547697,662,140,1
1764426547697,664,140,1
1764426547713,666,139,1
1764426547713,668,139,1
1764426547729,671,139,1
1764426547729,675,138,1
1764426547745,678,137,1
1764426547745,683,137,1
1764426547761,686,137,1
1764426547761,689,137,1
1764426547777,692,137,1
1764426547777,696,137,1
1764426547792,699,136,1
1764426547792,703,136,1
1764426547808,706,136,1
1764426547808,710,136,1
1764426547825,714,136,1
1764426547825,718,136,1
1764426547840,722,136,1
1764426547840,725,136,1
1764426547856,728,136,1
1764426547856,731,136,1
1764426547872,734,136,1
1764426547872,736,136,1
1764426547888,738,136,1
1764426547888,741,136,1
1764426547904,743,136,1
1764426547904,745,136,1
1764426547920,748,136,1
1764426547920,750,136,1
1764426547936,752,137,1
1764426547936,754,137,1
1764426547952,756,137,1
1764426547952,758,138,1
1764426547968,760,138,1
1764426547968,763,139,1
1764426547983,765,139,1
1764426547983,768,139,1
1764426547999,770,140,1
1764426547999,773,141,1
1764426548015,776,141,1
1764426548015,780,142,1
1764426548030,783,143,1
1764426548030,787,144,1
1764426548046,790,145,1
1764426548046,795,146,1
1764426548066,798,147,1
1764426548066,802,149,1
1764426548078,805,149,1
1764426548078,808,150,1
1764426548094,811,151,1
1764426548094,815,152,1
1764426548110,818,153,1
1764426548110,821,154,1
1764426548126,824,155,1
1764426548142,827,156,1
1764426548142,830,156,1
1764426548157,834,158,1
1764426548157,837,160,1
1764426548173,839,160,1
1764426548173,841,161,1
1764426548173,843,162,1
1764426548189,846,163,1
1764426548189,848,163,1
1764426548205,849,164,1
1764426548220,851,165,1
1764426548220,853,165,1
1764426548236,854,166,1
1764426548236,856,168,1
1764426548236,857,168,1
1764426548252,859,169,1
1764426548269,861,170,1
1764426548277,863,171,1
1764426548284,865,173,1
1764426548284,866,174,1
1764426548300,869,176,1
1764426548300,871,177,1
1764426548316,873,179,1
1764426548316,875,181,1
1764426548332,877,182,1
1764426548332,879,185,1
1764426548348,881,187,1
1764426548348,884,189,1
1764426548363,886,191,1
1764426548363,888,193,1
1764426548379,890,194,1
1764426548379,891,197,1
1764426548395,894,199,1
1764426548395,896,201,1
1764426548411,897,204,1
1764426548411,899,206,1
1764426548427,901,208,1
1764426548427,903,210,1
1764426548442,905,213,1
1764426548442,907,215,1
1764426548458,909,217,1
1764426548458,910,219,1
1764426548474,912,222,1
1764426548474,913,224,1
1764426548492,915,225,1
1764426548499,916,228,1
1764426548506,918,230,1
1764426548506,918,231,1
1764426548522,920,233,1
1764426548522,921,235,1
1764426548538,922,237,1
1764426548538,923,238,1
1764426548554,924,240,1
1764426548554,925,241,1
1764426548570,925,243,1
1764426548570,927,244,1
1764426548586,928,245,1
1764426548586,928,247,1
1764426548602,929,248,1
1764426548602,930,250,1
1764426548618,931,251,1
1764426548618,932,252,1
1764426548634,932,254,1
1764426548634,933,255,1
1764426548650,934,256,1
1764426548650,934,258,1
1764426548666,935,259,1
1764426548666,936,261,1
1764426548682,937,263,1
1764426548682,938,266,1
1764426548698,939,268,1
1764426548698,940,270,1
1764426548713,941,272,1
1764426548713,943,275,1
1764426548729,943,277,1
1764426548729,944,279,1
1764426548745,945,280,1
1764426548745,946,283,1
1764426548761,947,285,1
1764426548761,948,287,1
1764426548777,948,289,1
1764426548777,949,291,1
1764426548793,951,293,1
1764426548793,951,295,1
1764426548809,952,297,1
1764426548809,953,299,1
1764426548825,953,301,1
1764426548825,954,302,1
1764426548841,955,304,1
1764426548841,956,306,1
1764426548857,956,307,1
1764426548857,957,308,1
1764426548873,957,309,1
1764426548873,957,310,1
1764426548889,957,311,1
1764426548889,958,312,1
1764426548904,958,313,1
1764426548904,959,314,1
1764426548920,959,315,1
1764426548920,959,316,1
1764426548936,959,318,1
1764426548936,959,319,1
1764426548952,959,320,1
1764426548952,959,323,1
1764426548970,959,324,1
1764426548972,959,326,1
1764426548984,960,327,1
1764426548984,960,329,1
1764426549000,960,332,1
1764426549000,960,333,1
1764426549016,960,335,1
1764426549016,960,337,1
1764426549031,960,339,1
1764426549031,960,341,1
1764426549047,960,344,1
1764426549047,960,346,1
1764426549063,960,349,1
1764426549063,960,352,1
1764426549079,960,355,1
1764426549079,960,358,1
1764426549094,960,362,1
1764426549094,960,366,1
1764426549110,960,369,1
1764426549110,959,373,1
1764426549126,958,377,1
1764426549126,958,381,1
1764426549142,958,386,1
1764426549142,957,390,1
1764426549158,957,394,1
1764426549158,957,398,1
1764426549174,957,402,1
1764426549174,956,407,1
1764426549189,956,411,1
1764426549205,956,415,1
1764426549205,956,419,1
1764426549221,956,422,1
1764426549221,955,425,1
1764426549221,955,428,1
1764426549237,955,431,1
1764426549253,954,434,1
1764426549253,953,437,1
1764426549253,953,440,1
1764426549269,953,443,1
1764426549269,952,446,1
1764426549285,952,448,1
1764426549301,952,450,1
1764426549301,952,452,1
1764426549316,951,454,1
1764426549316,951,456,1
1764426549316,951,458,1
1764426549332,950,460,1
1764426549332,949,462,1
1764426549348,948,464,1
1764426549348,948,466,1
1764426549364,947,469,1
1764426549364,947,470,1
1764426549380,945,472,1
1764426549380,945,474,1
1764426549396,944,477,1
1764426549412,942,479,1
1764426549412,942,481,1
1764426549428,940,484,1
1764426549428,939,486,1
1764426549443,938,489,1
1764426549443,936,491,1
1764426549459,935,493,1
1764426549459,933,495,1
1764426549475,933,498,1
1764426549475,931,501,1
1764426549491,930,503,1
1764426549491,928,506,1
1764426549507,927,508,1
1764426549507,925,511,1
1764426549523,923,513,1
1764426549523,921,515,1
1764426549539,919,517,1
1764426549539,916,521,1
1764426549555,914,524,1
1764426549555,911,527,1
1764426549571,909,530,1
1764426549571,905,534,1
1764426549587,903,536,1
1764426549587,900,540,1
1764426549603,898,543,1
1764426549603,895,545,1
1764426549619,893,548,1
1764426549619,891,550,1
1764426549637,888,552,1
1764426549640,886,555,1
1764426549651,884,557,1
1764426549651,881,559,1
1764426549667,879,562,1
1764426549667,877,564,1
1764426549683,875,565,1
1764426549683,872,567,1
1764426549699,870,568,1
1764426549699,869,570,1
1764426549715,866,571,1
1764426549715,864,572,1
1764426549731,862,574,1
1764426549731,860,575,1
1764426549747,857,577,1
1764426549747,853,578,1
1764426549762,849,581,1
1764426549762,845,583,1
1764426549778,842,584,1
1764426549778,839,585,1
1764426549794,836,586,1
1764426549794,833,587,1
1764426549810,831,587,1
1764426549810,827,588,1
1764426549826,825,589,1
1764426549826,822,589,1
1764426549842,819,589,1
1764426549842,816,590,1
1764426549858,813,590,1
1764426549858,811,591,1
1764426549874,809,591,1
1764426549874,808,591,1
1764426549890,805,592,1
1764426549890,804,592,1
1764426549906,803,592,1
1764426549906,802,592,1
1764426549922,801,592,1
1764426549922,800,592,1
1764426549938,799,593,1
1764426549954,797,593,1
1764426549970,796,593,1
1764426549970,795,593,1
1764426549986,794,593,1
1764426549986,793,593,1
1764426550002,792,593,1
1764426550002,791,594,1
1764426550018,789,594,1
1764426550018,788,594,1
1764426550034,787,595,1
1764426550034,785,595,1
1764426550051,784,595,1
1764426550054,783,595,1
1764426550066,781,595,1
1764426550066,780,595,1
1764426550082,779,596,1
1764426550097,778,596,1
1764426550113,777,596,1
1764426550113,775,596,1
1764426550129,774,596,1
1764426550129,773,597,1
1764426550145,771,597,1
1764426550161,770,597,1
1764426550161,769,597,1
1764426550177,768,597,1
1764426550177,767,597,1
1764426550193,766,597,1
1764426550193,765,598,1
1764426550209,763,598,1
1764426550209,762,598,1
1764426550224,761,598,1
1764426550224,759,599,1
1764426550240,758,599,1
1764426550240,757,599,1
1764426550256,755,599,1
1764426550256,753,599,1
1764426550272,751,599,1
1764426550272,749,599,1
1764426550288,747,599,1
1764426550288,745,599,1
1764426550304,743,599,1
1764426550304,741,599,1
1764426550319,738,599,1
1764426550319,735,599,1
1764426550335,732,599,1
1764426550335,730,599,1
1764426550351,727,599,1
1764426550351,724,599,1
1764426550367,721,599,1
1764426550367,718,599,1
1764426550383,714,599,1
1764426550383,711,599,1
1764426550399,707,599,1
1764426550399,703,599,1
1764426550414,699,599,1
1764426550414,695,599,1
1764426550430,691,599,1
1764426550430,688,599,1
1764426550446,685,599,1
1764426550446,682,598,1
1764426550462,679,598,1
1764426550462,676,598,1
1764426550478,673,598,1
1764426550478,670,598,1
1764426550494,667,598,1
1764426550494,664,598,1
1764426550509,661,597,1
1764426550509,658,597,1
1764426550525,654,597,1
1764426550541,651,596,1
1764426550541,648,596,1
1764426550557,645,596,1
1764426550557,642,595,1
1764426550573,639,595,1
1764426550573,636,595,1
1764426550573,634,595,1
1764426550589,632,594,1
1764426550605,630,593,1
1764426550605,629,593,1
1764426550621,626,593,1
1764426550621,624,592,1
1764426550637,622,592,1
1764426550637,620,592,1
1764426550652,618,591,1
1764426550652,615,590,1
1764426550652,613,590,1
1764426550669,610,589,1
1764426550669,608,589,1
1764426550685,606,588,1
1764426550701,604,587,1
1764426550701,602,587,1
1764426550717,599,585,1
1764426550717,597,585,1
1764426550717,595,584,1
1764426550732,593,583,1
1764426550748,590,581,1
1764426550748,586,580,1
1764426550748,583,579,1
1764426550764,581,577,1
1764426550780,578,576,1
1764426550780,574,574,1
1764426550780,571,572,1
1764426550796,568,571,1
1764426550812,566,569,1
1764426550812,562,568,1
1764426550812,559,566,1
1764426550828,557,565,1
1764426550844,555,562,1
1764426550844,551,560,1
1764426550860,548,557,1
1764426550860,545,556,1
1764426550875,543,554,1
1764426550875,540,552,1
1764426550892,537,549,1
1764426550892,535,548,1
1764426550908,533,546,1
1764426550908,531,544,1
1764426550923,529,543,1
1764426550923,528,540,1
1764426550939,526,538,1
1764426550939,525,537,1
1764426550955,523,534,1
1764426550955,522,532,1
1764426550971,520,530,1
1764426550971,519,527,1
1764426550987,517,524,1
1764426550987,515,522,1
1764426551003,513,519,1
1764426551003,511,515,1
1764426551021,509,512,1
1764426551021,506,509,1
1764426551035,505,505,1
1764426551035,503,501,1
1764426551051,501,497,1
1764426551051,500,493,1
1764426551066,498,490,1
1764426551066,496,485,1
1764426551082,494,481,1
1764426551082,493,477,1
1764426551098,491,473,1
1764426551098,489,468,1
1764426551114,488,464,1
1764426551114,486,459,1
1764426551130,485,455,1
1764426551130,483,450,1
1764426551146,482,446,1
1764426551146,481,440,1
1764426551161,479,435,1
1764426551161,478,430,1
1764426551177,477,426,1
1764426551177,477,422,1
1764426551193,476,418,1
1764426551193,476,413,1
1764426551209,476,409,1
1764426551209,475,405,1
1764426551227,474,400,1
1764426551230,474,397,1
1764426551241,474,394,1
1764426551241,473,390,1
1764426551257,473,387,1
1764426551257,472,383,1
1764426551273,472,380,1
1764426551273,471,377,1
1764426551288,471,373,1
1764426551288,471,369,1
1764426551304,471,365,1
1764426551304,471,362,1
1764426551320,471,358,1
1764426551320,471,355,1
1764426551336,471,352,1
1764426551336,471,348,1
1764426551352,471,345,1
1764426551352,471,341,1
1764426551368,471,338,1
1764426551368,472,335,1
1764426551384,473,330,1
1764426551384,474,327,1
1764426551400,475,324,1
1764426551400,475,321,1
1764426551416,476,318,1
1764426551416,477,315,1
1764426551432,478,312,1
1764426551432,478,309,1
1764426551448,479,307,1
1764426551448,480,304,1
1764426551463,481,301,1
1764426551463,482,298,1
1764426551479,483,296,1
1764426551479,484,293,1
1764426551495,485,291,1
1764426551495,486,288,1
1764426551511,487,285,1
1764426551511,488,283,1
1764426551526,490,281,1
1764426551526,491,279,1
1764426551542,492,276,1
1764426551542,494,274,1
1764426551558,495,272,1
1764426551558,496,270,1
1764426551574,497,267,1
1764426551574,499,265,1
1764426551590,500,263,1
1764426551605,502,261,1
1764426551605,503,259,1
1764426551605,505,257,1
1764426551621,506,255,1
1764426551621,508,252,1
1764426551637,510,250,1
1764426551637,511,249,1
1764426551653,513,247,1
1764426551669,515,244,1
1764426551669,517,242,1
1764426551669,519,240,1
1764426551685,521,237,1
1764426551685,524,234,1
1764426551701,526,232,1
1764426551717,528,229,1
1764426551717,531,227,1
1764426551732,533,225,1
1764426551732,535,222,1
1764426551732,539,220,1
1764426551748,541,217,1
1764426551764,544,215,1
1764426551764,546,213,1
1764426551780,549,210,1
1764426551780,553,207,1
1764426551796,557,203,1
1764426551796,561,199,1
1764426551812,566,196,1
1764426551812,570,194,1
1764426551828,574,191,1
1764426551828,579,187,1
1764426551844,584,184,1
1764426551844,587,182,1
1764426551860,591,179,1
1764426551860,594,176,1
1764426551876,598,174,1
1764426551876,600,172,1
1764426551891,603,169,1
1764426551891,607,166,1
1764426551907,609,165,1
1764426551907,612,163,1
1764426551923,614,162,1
1764426551923,617,160,1
1764426551939,619,159,1
1764426551939,621,157,1
1764426551955,623,156,1
1764426551955,626,154,1
1764426551971,628,154,1
1764426551971,630,152,1
1764426551987,632,151,1
1764426551987,635,150,1
1764426552003,637,149,1
1764426552003,639,148,1
1764426552019,641,147,1
1764426552019,643,147,1
1764426552035,645,146,1
1764426552035,646,145,1
1764426552050,647,145,1
1764426552050,650,144,1
1764426552066,652,144,1
1764426552066,654,143,1
1764426552082,656,143,1
1764426552082,658,142,1
1764426552098,661,142,1
1764426552098,663,141,1
1764426552114,665,141,1
1764426552114,668,140,1
1764426552130,671,140,1
1764426552130,674,140,1
1764426552146,677,140,1
1764426552146,680,140,1
1764426552161,683,140,1
1764426552161,686,140,1
1764426552177,689,140,1
1764426552177,692,140,1
1764426552193,695,140,1
1764426552193,698,140,1
1764426552209,700,140,1
1764426552209,702,140,1
1764426552226,704,140,1
1764426552226,706,140,1
1764426552242,708,140,1
1764426552242,709,140,1
1764426552258,710,140,1
1764426552258,712,140,1
1764426552273,714,140,1
1764426552273,715,140,1
1764426552289,716,140,1
1764426552289,718,140,1
1764426552305,719,140,1
1764426552305,720,140,1
1764426552321,721,140,1
1764426552321,723,140,1
1764426552337,724,140,1
1764426552337,726,140,1
1764426552353,728,140,1
1764426552353,730,140,1
1764426552371,733,141,1
1764426552371,735,141,1
1764426552385,737,141,1
1764426552385,739,142,1
1764426552401,741,142,1
1764426552401,743,142,1
1764426552417,746,143,1
1764426552417,750,144,1
1764426552433,752,145,1
1764426552433,755,145,1
1764426552448,757,145,1
1764426552448,760,146,1
1764426552464,762,147,1
1764426552464,764,147,1
1764426552480,767,148,1
1764426552480,770,148,1
1764426552496,773,149,1
1764426552496,775,149,1
1764426552512,778,150,1
1764426552512,781,151,1
1764426552528,784,152,1
1764426552528,787,152,1
1764426552544,790,152,1
1764426552544,793,153,1
1764426552559,796,154,1
1764426552559,799,155,1
1764426552576,802,155,1
1764426552576,806,156,1
1764426552596,809,157,1
1764426552601,812,158,1
1764426552607,815,159,1
1764426552607,817,159,1
1764426552623,820,159,1
1764426552623,822,160,1
1764426552639,824,161,1
1764426552639,827,162,1
1764426552654,830,162,1
1764426552654,833,162,1
1764426552670,835,163,1
1764426552670,838,164,1
1764426552686,840,165,1
1764426552686,842,165,1
1764426552702,845,166,1
1764426552702,847,167,1
1764426552718,849,167,1
1764426552718,851,168,1
1764426552734,853,169,1
1764426552750,855,170,1
1764426552750,857,170,1
1764426552765,858,171,1
1764426552765,860,172,1
1764426552765,861,172,1
1764426552781,862,173,1
1764426552781,865,175,1
1764426552797,867,176,1
1764426552813,869,177,1
1764426552813,870,178,1
1764426552813,872,179,1
1764426552828,874,180,1
1764426552844,875,181,1
1764426552844,878,183,1
1764426552844,879,184,1
1764426552860,881,185,1
1764426552876,884,187,1
1764426552876,886,189,1
1764426552892,888,192,1
1764426552892,890,193,1
1764426552908,893,195,1
1764426552908,894,197,1
1764426552908,896,199,1
1764426552924,899,201,1
1764426552940,900,203,1
1764426552940,902,205,1
1764426552956,903,207,1
1764426552956,905,208,1
1764426552972,907,210,1
1764426552972,908,212,1
1764426552988,910,214,1
1764426552988,911,215,1
1764426553004,913,217,1
1764426553004,914,219,1
1764426553020,916,220,1
1764426553020,916,222,1
1764426553036,918,223,1
1764426553036,918,225,1
1764426553052,920,226,1
1764426553052,920,227,1
1764426553068,921,229,1
1764426553068,923,230,1
1764426553083,923,232,1
1764426553083,924,232,1
1764426553099,924,233,1
1764426553099,925,234,1
1764426553115,926,235,1
1764426553115,927,236,1
1764426553131,927,237,1
1764426553131,928,238,1
1764426553147,929,239,1
1764426553147,929,240,1
1764426553163,930,242,1
1764426553163,931,243,1
1764426553179,932,244,1
1764426553179,933,245,1
1764426553194,933,246,1
1764426553194,934,248,1
1764426553210,935,249,1
1764426553210,936,250,1
1764426553226,937,253,1
1764426553226,938,254,1
1764426553242,938,255,1
1764426553242,939,257,1
1764426553258,940,260,1
1764426553258,941,261,1
1764426553274,942,263,1
1764426553274,943,266,1
1764426553290,944,268,1
1764426553290,945,270,1
1764426553306,946,273,1
1764426553306,948,276,1
1764426553322,949,279,1
1764426553322,950,282,1
1764426553338,950,284,1
1764426553338,951,286,1
1764426553354,952,289,1
1764426553354,953,292,1
1764426553370,953,294,1
1764426553370,954,297,1
1764426553385,955,299,1
1764426553385,955,301,1
1764426553401,955,302,1
1764426553401,956,304,1
1764426553417,956,306,1
1764426553417,957,308,1
1764426553433,957,310,1
1764426553433,958,312,1
1764426553449,958,314,1
1764426553449,958,316,1
1764426553465,958,317,1
1764426553465,958,318,1
1764426553480,958,320,1
1764426553480,958,321,1
1764426553496,958,323,1
1764426553496,958,324,1
1764426553512,958,326,1
1764426553512,958,327,1
1764426553528,958,329,1
1764426553528,958,330,1
1764426553544,958,332,1
1764426553544,958,335,1
1764426553559,958,337,1
1764426553559,958,339,1
1764426553575,958,341,1
1764426553575,958,343,1
1764426553591,958,345,1
1764426553591,958,348,1
1764426553607,958,351,1
1764426553607,958,353,1
1764426553622,958,356,1
1764426553622,958,359,1
1764426553638,958,362,1
1764426553638,958,365,1
1764426553654,958,368,1
1764426553654,958,371,1
1764426553670,958,375,1
1764426553670,958,380,1
1764426553685,958,384,1
1764426553685,957,388,1
1764426553701,957,391,1
1764426553701,956,395,1
1764426553717,956,399,1
1764426553733,955,402,1
1764426553739,955,405,1
1764426553741,954,408,1
1764426553749,953,412,1
1764426553749,953,415,1
1764426553765,953,417,1
1764426553781,952,419,1
1764426553781,951,421,1
1764426553797,951,423,1
1764426553797,950,426,1
1764426553813,949,429,1
1764426553813,949,431,1
1764426553828,948,433,1
1764426553828,948,435,1
1764426553828,946,437,1
1764426553844,946,439,1
1764426553844,945,442,1
1764426553860,944,444,1
1764426553876,943,446,1
1764426553876,942,448,1
1764426553893,941,451,1
1764426553893,940,453,1
1764426553908,939,455,1
1764426553908,939,457,1
1764426553924,938,459,1
1764426553924,936,462,1
1764426553941,935,465,1
1764426553942,934,467,1
1764426553956,933,469,1
1764426553956,933,471,1
1764426553972,931,474,1
1764426553972,930,476,1
1764426553988,929,478,1
1764426553988,928,480,1
1764426554004,927,483,1
1764426554004,926,485,1
1764426554020,925,487,1
1764426554020,924,489,1
1764426554036,922,491,1
1764426554036,922,494,1
1764426554052,920,496,1
1764426554052,919,498,1
1764426554068,917,500,1
1764426554068,916,503,1
1764426554084,914,505,1
1764426554084,913,507,1
1764426554099,911,509,1
1764426554099,909,512,1
1764426554116,906,514,1
1764426554116,905,516,1
1764426554132,903,518,1
1764426554132,900,521,1
1764426554148,898,523,1
1764426554148,896,525,1
1764426554163,893,527,1
1764426554163,892,528,1
1764426554179,890,531,1
1764426554179,887,533,1
1764426554196,885,535,1
1764426554196,883,537,1
1764426554211,881,538,1
1764426554211,878,540,1
1764426554228,876,542,1
1764426554228,874,544,1
1764426554243,869,547,1
1764426554260,867,549,1
1764426554260,865,550,1
1764426554275,863,552,1
1764426554275,861,553,1
1764426554291,859,555,1
1764426554291,857,556,1
1764426554307,855,558,1
1764426554307,853,559,1
1764426554323,851,560,1
1764426554323,849,561,1
1764426554339,847,563,1
1764426554339,845,564,1
1764426554355,843,566,1
1764426554357,841,566,1
1764426554371,839,568,1
1764426554371,837,569,1
1764426554387,835,570,1
1764426554388,832,572,1
1764426554402,831,572,1
1764426554402,829,573,1
1764426554418,827,574,1
1764426554418,824,575,1
1764426554434,823,576,1
1764426554434,822,577,1
1764426554450,820,577,1
1764426554450,818,578,1
1764426554466,817,579,1
1764426554466,815,579,1
1764426554482,814,580,1
1764426554482,813,581,1
1764426554497,811,582,1
1764426554497,810,582,1
1764426554513,808,583,1
1764426554513,806,584,1
1764426554529,804,584,1
1764426554529,803,585,1
1764426554545,801,586,1
1764426554545,798,587,1
1764426554561,796,587,1
1764426554561,794,588,1
1764426554577,792,589,1
1764426554577,790,589,1
1764426554596,787,589,1
1764426554601,786,590,1
1764426554609,785,590,1
1764426554609,783,591,1
1764426554625,782,591,1
1764426554625,781,591,1
1764426554641,779,591,1
1764426554641,778,592,1
1764426554656,777,592,1
1764426554656,776,592,1
1764426554673,774,593,1
1764426554673,773,594,1
1764426554688,772,594,1
1764426554688,770,594,1
1764426554704,769,594,1
1764426554704,768,594,1
1764426554720,766,594,1
1764426554720,765,594,1
1764426554736,763,594,1
1764426554736,762,595,1
1764426554752,760,595,1
1764426554752,758,595,1
1764426554768,757,595,1
1764426554768,756,595,1
1764426554784,753,596,1
1764426554784,752,596,1
1764426554799,751,596,1
1764426554815,749,596,1
1764426554815,747,596,1
1764426554815,744,596,1
1764426554831,743,596,1
1764426554831,741,596,1
1764426554847,739,596,1
1764426554847,738,596,1
1764426554863,735,596,1
1764426554863,733,596,1
1764426554879,731,596,1
1764426554879,729,596,1
1764426554895,726,596,1
1764426554895,724,596,1
1764426554910,721,596,1
1764426554910,718,596,1
1764426554926,715,596,1
1764426554926,712,596,1
1764426554942,710,595,1
1764426554942,708,595,1
1764426554957,705,595,1
1764426554957,702,595,1
1764426554973,699,594,1
1764426554973,697,594,1
1764426554989,695,594,1
1764426554989,693,593,1
1764426555005,691,593,1
1764426555005,689,593,1
1764426555021,687,593,1
1764426555021,684,593,1
1764426555037,682,593,1
1764426555037,680,593,1
1764426555053,677,593,1
1764426555053,674,592,1
1764426555069,671,592,1
1764426555069,668,592,1
1764426555085,665,591,1
1764426555085,662,591,1
1764426555102,660,590,1
1764426555102,657,590,1
1764426555116,654,589,1
1764426555116,651,588,1
1764426555132,647,587,1
1764426555148,644,586,1
1764426555148,640,585,1
0,0,0,0
1764426555164,635,584,1
1764426555164,632,582,1
1764426555164,629,581,1
1764426555180,626,580,1
1764426555196,622,578,1
1764426555196,619,577,1
1764426555212,616,576,1
1764426555212,613,575,1
1764426555227,610,573,1
1764426555227,606,572,1
1764426555244,603,571,1
1764426555244,600,569,1
1764426555260,598,568,1
1764426555260,595,567,1
1764426555275,592,566,1
1764426555275,590,565,1
1764426555292,588,564,1
1764426555292,587,563,1
1764426555309,585,563,1
1764426555312,584,562,1
1764426555324,583,561,1
1764426555324,581,561,1
1764426555339,579,560,1
1764426555339,578,560,1
1764426555356,576,558,1
1764426555356,574,558,1
1764426555371,573,557,1
1764426555371,572,557,1
1764426555387,571,556,1
1764426555404,570,556,1
1764426555420,569,556,1
1764426555420,569,555,1
1764426555435,567,554,1
1764426555435,566,553,1
1764426555451,565,552,1
1764426555451,563,552,1
1764426555467,562,550,1
1764426555467,560,549,1
1764426555483,558,547,1
1764426555483,557,546,1
1764426555499,555,544,1
1764426555499,554,543,1
1764426555515,553,542,1
1764426555515,552,541,1
1764426555531,551,540,1
1764426555531,550,538,1
1764426555546,549,538,1
1764426555546,549,537,1
1764426555563,548,536,1
1764426555563,548,535,1
1764426555579,547,535,1
1764426555579,546,534,1
1764426555595,545,533,1
1764426555595,545,532,1
1764426555610,543,529,1
1764426555610,542,528,1
1764426555627,541,527,1
1764426555627,540,524,1
1764426555642,539,522,1
1764426555642,537,521,1
1764426555659,536,518,1
1764426555659,536,517,1
1764426555675,534,516,1
1764426555675,534,514,1
1764426555691,534,513,1
1764426555691,533,512,1
1764426555707,532,510,1
1764426555707,532,509,1
1764426555723,532,508,1
1764426555723,532,506,1
1764426555739,531,505,1
1764426555739,530,504,1
1764426555755,530,502,1
1764426555755,529,500,1
1764426555771,528,498,1
1764426555771,527,496,1
1764426555787,526,493,1
1764426555787,525,488,1
1764426555803,523,484,1
1764426555803,521,477,1
1764426555819,519,470,1
1764426555819,517,463,1
1764426555835,515,456,1
1764426555835,513,450,1
1764426555851,511,442,1
1764426555851,510,433,0
1764426555867,509,425,0
1764426555867,508,417,0
1764426555883,508,408,0
1764426555883,508,398,0
1764426555899,508,389,0
1764426555899,508,377,0
1764426555915,508,367,0
1764426555915,508,355,0
1764426555931,508,344,0
1764426555931,508,332,0
1764426555947,508,321,0
1764426555947,508,311,0
1764426555963,508,300,1
1764426555963,509,289,1
1764426555979,510,279,1
1764426555979,512,269,1
1764426555995,514,261,1
1764426555995,518,252,1
1764426556011,521,245,1
1764426556011,523,238,1
1764426556028,526,232,1
1764426556028,527,227,1
1764426556043,530,221,1
1764426556043,533,215,1
1764426556060,536,210,1
1764426556060,539,205,1
1764426556076,543,201,1
1764426556076,547,196,1
1764426556092,552,190,1
1764426556092,557,184,1
1764426556108,562,179,1
1764426556108,567,174,1
1764426556124,572,169,1
1764426556124,577,164,1
1764426556139,581,159,1
1764426556139,589,153,1
1764426556156,595,148,1
1764426556156,602,142,1
1764426556172,611,137,1
1764426556172,620,132,1
1764426556187,629,125,1
1764426556187,640,121,1
1764426556203,653,116,1
1764426556203,668,111,1
1764426556220,691,104,1
1764426556220,710,98,1
1764426556235,731,94,0
1764426556235,755,90,0
1764426556251,781,85,0
1764426556251,810,80,0
1764426556268,835,79,0
1764426556268,862,79,0
1764426556283,887,77,0
1764426556283,909,77,0
1764426556299,931,77,0
1764426556299,954,79,0
1764426556315,979,82,0
1764426556315,1005,85,0
1764426556331,1034,90,0
1764426556331,1058,94,0
1764426556347,1082,100,0
1764426556347,1104,106,0
1764426556363,1123,111,0
1764426556363,1147,117,0
1764426556379,1166,123,0
1764426556379,1188,130,0
1764426556395,1211,139,0
1764426556395,1231,148,0
1764426556411,1251,155,0
1764426556411,1269,163,0
1764426556427,1285,173,0
1764426556427,1304,186,0
1764426556443,1320,197,0
1764426556443,1338,211,0
1764426556461,1355,227,0
1764426556461,1374,248,0
1764426556475,1394,271,0
1764426556477,1413,294,0
1764426556492,1434,319,0
1764426556492,1452,344,0
1764426556539,1462,465,0
1764426556539,1462,485,0
1764426556556,1462,516,0
1764426556587,1462,560,0
1764426556650,1462,596,0
1764426556650,1462,604,0
1764426556667,1462,610,0
1764426556672,1462,615,0
1764426556681,1462,622,0
1764426556681,1462,627,0
1764426556697,1462,633,0
1764426556697,1462,640,0
1764426556713,1462,645,0
1764426556713,1462,650,0
1764426556729,1462,656,0
1764426556729,1461,660,0
1764426556745,1461,664,0
1764426556745,1459,668,0
1764426556761,1457,671,0
1764426556761,1457,673,0
1764426556777,1455,676,0
1764426556777,1453,679,0
1764426556793,1453,680,0
1764426556793,1451,682,0
1764426556810,1451,684,0
1764426556810,1449,684,0
1764426556825,1449,685,0
1764426556825,1447,686,0
1764426556841,1447,687,0
1764426556841,1446,687,0
1764426556857,1444,688,0
1764426556857,1442,689,0
1764426556874,1440,690,0
1764426556874,1438,691,0
1764426556889,1435,692,0
1764426556889,1432,693,0
1764426556905,1430,693,0
1764426556905,1427,694,0
1764426556921,1425,695,0
1764426556921,1423,696,0
1764426556938,1421,696,0
1764426556938,1418,696,0
1764426556953,1415,696,0
1764426556953,1412,696,0
1764426556969,1408,697,0
1764426556969,1404,697,0
1764426556985,1398,698,0
1764426556985,1393,698,0
1764426557003,1389,699,0
1764426557003,1386,699,0
1764426557018,1384,699,0
1764426557018,1381,700,0
1764426557034,1379,700,0
1764426557034,1378,700,0
1764426557050,1377,700,0
1764426557195,1376,701,0
1764426557227,1375,702,0
1764426557243,1374,703,0
1764426557243,1373,704,0
1764426557260,1371,704,0
1764426557260,1370,706,0
1764426557275,1370,708,0
1764426557291,1371,708,0
1764426557291,1372,709,0
1764426559937,1373,709,0
1764426559937,1374,708,0
1764426559953,1374,707,0
1764426559986,1375,707,0
1764426560002,1375,708,0
1764426560018,1374,708,0
1764426560034,1372,708,0
1764426560050,1372,706,0
1764426560050,1371,706,0
1764426560065,1370,705,0
1764426560065,1369,703,0
1764426560082,1368,702,0
1764426560082,1366,699,0
1764426560098,1365,697,0
1764426560098,1363,695,0
1764426560113,1362,692,0
1764426560113,1359,687,0
1764426560129,1355,682,0
1764426560129,1350,676,0
1764426560145,1345,671,0
1764426560145,1340,665,0
1764426560161,1336,659,0
1764426560161,1333,653,0
1764426560177,1332,648,0
1764426560177,1332,642,0
1764426560193,1332,637,0
1764426560193,1332,633,0
1764426560209,1332,627,0
1764426560209,1332,622,0
1764426560225,1332,615,0
1764426560225,1332,607,0
1764426560241,1333,599,0
1764426560241,1334,591,0
1764426560257,1335,584,0
1764426560257,1335,577,0
1764426560273,1335,572,0
1764426560273,1335,568,0
1764426560289,1334,563,0
1764426560289,1332,557,0
1764426560305,1330,552,0
1764426560305,1328,546,0
1764426560320,1326,540,0
1764426560320,1324,534,0
1764426560336,1321,527,0
1764426560336,1318,519,0
1764426560352,1315,509,0
1764426560352,1311,498,0
1764426560368,1306,487,0
1764426560368,1301,475,0
1764426560384,1295,461,0
1764426560384,1288,441,0
1764426560400,1278,416,0
1764426560400,1264,385,0
1764426560416,1246,345,0
1764426560416,1222,300,0
1764426560432,1192,252,0
1764426560432,1162,203,0
1764426560447,1132,160,0
1764426560447,1106,127,0
1764426560463,1088,102,0
1764426560463,1074,78,0
1764426560479,1065,64,0
1764426560479,1060,55,0
1764426560495,1055,46,0
1764426560495,1053,40,0
1764426560510,1053,37,0
1764426560510,1053,35,0
1764426560526,1054,33,0
1764426560526,1056,32,0
1764426560542,1058,32,0
1764426560542,1060,32,0
1764426560560,1062,32,0
1764426560560,1064,32,0
1764426560574,1066,34,0
1764426560574,1069,36,0
1764426560590,1071,40,0
1764426560590,1074,43,0
1764426560606,1075,44,0
1764426560606,1075,46,0
1764426560622,1076,47,0
1764426560864,1076,48,0
1764426560864,1077,48,0
1764426560880,1078,49,0
1764426560880,1079,49,0
1764426560896,1082,52,0
1764426560896,1087,56,0
1764426560912,1092,61,0
1764426560912,1099,67,0
1764426560928,1107,73,0
1764426560928,1113,79,0
1764426560944,1118,83,0
1764426560944,1123,87,0
1764426560960,1125,90,0
1764426560960,1127,92,0
1764426560976,1129,94,0
1764426560976,1131,97,0
1764426560992,1134,101,0
1764426560992,1138,106,0
1764426561008,1143,111,0
1764426561008,1149,118,0
1764426561024,1158,126,0
1764426561024,1168,134,0
1764426561040,1179,139,0
1764426561040,1190,145,0
1764426561055,1198,149,0
1764426561055,1204,152,0
1764426561071,1209,154,0
1764426561071,1211,154,0
1764426561087,1212,155,0
1764426561119,1214,156,0
1764426561119,1215,156,0
1764426561135,1216,157,0
1764426561135,1219,159,0
1764426561151,1221,161,0
1764426561151,1222,162,0
1764426561167,1224,164,0
1764426561215,1225,166,0
1764426561231,1227,168,0
1764426561231,1231,172,0
1764426561247,1240,180,0
1764426561247,1252,191,0
1764426561263,1274,208,0
1764426561263,1305,234,0
1764426561278,1343,260,0
1764426561278,1386,290,0
1764426561294,1432,318,0
1764426561310,1462,397,0
1764426561326,1462,419,0
1764426561342,1462,449,0
1764426561389,1462,476,0
1764426561615,1461,479,0
1764426561615,1458,479,0
1764426561615,1452,481,0
1764426561630,1445,484,0
1764426561630,1436,488,0
1764426561646,1423,491,0
1764426561646,1408,493,0
1764426561662,1391,496,0
1764426561662,1367,499,0
1764426561678,1342,500,0
1764426561678,1315,500,0
1764426561694,1285,500,0
1764426561694,1252,500,0
1764426561710,1217,500,0
1764426561710,1184,500,0
1764426561726,1155,500,0
1764426561726,1126,497,0
1764426561742,1100,494,0
1764426561742,1072,491,0
1764426561758,1046,488,0
1764426561758,1021,486,0
1764426561773,998,484,0
1764426561773,980,481,0
1764426561789,968,479,1
1764426561805,959,478,1
1764426561805,950,477,1
1764426561821,946,477,1
1764426561821,944,477,1
1764426561836,943,477,1
1764426561838,942,477,1
1764426561853,942,478,1
1764426561869,943,482,1
1764426561869,946,485,1
1764426561884,951,489,1
1764426561884,957,493,1
1764426561884,963,496,0
1764426561900,971,499,0
1764426561917,979,502,0
1764426561918,989,505,0
1764426561932,1001,509,0
1764426561934,1015,513,0
1764426561934,1027,518,0
1764426561948,1047,523,0
1764426561948,1069,529,0
1764426561964,1090,535,0
1764426561964,1111,539,0
1764426561980,1133,545,0
1764426561980,1155,552,0
1764426561996,1175,559,0
1764426562012,1197,566,0
1764426562012,1217,575,0
1764426562027,1238,584,0
1764426562027,1258,592,0
1764426562043,1275,599,0
1764426562043,1287,604,0
1764426562060,1297,608,0
1764426562060,1303,610,0
1764426562076,1306,611,0
1764426562076,1308,612,0
1764426562107,1309,612,0
1764426562123,1309,613,0
1764426562124,1311,613,0
1764426562139,1313,615,0
1764426562139,1316,616,0
1764426562155,1322,620,0
1764426562155,1328,623,0
1764426562171,1335,628,0
1764426562171,1342,632,0
1764426562187,1348,636,0
1764426562187,1356,641,0
1764426562203,1362,646,0
1764426562203,1369,651,0
1764426562219,1377,657,0
1764426562219,1383,662,0
1764426562235,1389,667,0
1764426562235,1395,671,0
1764426562251,1401,676,0
1764426562251,1407,680,0
1764426562267,1413,684,0
1764426562267,1417,687,0
1764426562283,1420,688,0
1764426562283,1422,690,0
1764426562299,1423,690,0
1764426562443,1422,690,0
1764426562443,1420,690,0
1764426562459,1419,690,0
1764426562459,1418,689,0
1764426562475,1416,689,0
1764426562475,1415,688,0
1764426562491,1414,688,0
1764426562491,1412,687,0
1764426562507,1411,687,0
1764426562684,1412,687,0
1764426563532,1413,687,0
1764426565334,1414,687,0
1764426565350,1415,687,0
1764426565374,1416,687,0
1764426565416,1417,687,0
1764426570591,1417,688,0
1764426570591,1417,689,0
1764426570609,1417,690,0
1764426570622,1416,690,0
1764426570622,1416,691,0
1764426570639,1416,692,0
1764426570655,1415,693,0
1764426570703,1415,694,0
1764426574364,1414,694,0
1764426574380,1413,694,0
1764426574380,1411,694,0
1764426574395,1407,694,0
1764426574397,1403,694,0
1764426574412,1400,694,0
1764426574412,1396,694,0
1764426574426,1393,694,0
1764426574428,1390,694,0
1764426574443,1387,693,0
1764426574443,1384,693,0
1764426574459,1379,692,0
1764426574475,1377,692,0
1764426574475,1375,692,0
1764426574491,1373,692,0
1764426574491,1371,691,0
1764426574507,1370,691,0
1764426574511,1369,691,0
1764426574523,1367,691,0
1764426574523,1366,691,0
1764426574539,1365,691,0
1764426574539,1364,691,0
1764426574555,1362,691,0
1764426574557,1361,691,0
1764426574571,1359,691,0
1764426574571,1358,690,0
1764426574587,1355,690,0
1764426574587,1353,689,0
1764426574603,1351,689,0
1764426574603,1349,689,0
1764426574619,1347,689,0
1764426574630,1345,689,0
1764426574636,1343,689,0
1764426574640,1342,688,0
1764426574651,1341,688,0
1764426574651,1339,688,0
1764426574667,1338,688,0
1764426574667,1337,688,0
1764426574683,1335,687,0
1764426574683,1332,687,0
1764426574699,1329,686,0
1764426574699,1324,686,0
1764426574715,1320,686,0
1764426574715,1316,685,0
1764426574731,1312,685,0
1764426574731,1306,684,0
1764426574747,1302,683,0
1764426574747,1298,683,0
1764426574763,1295,683,0
1764426574763,1292,682,0
1764426574779,1288,681,0
1764426574779,1285,681,0
1764426574795,1281,681,0
1764426574795,1277,681,0
1764426574811,1273,680,0
1764426574811,1269,679,0
1764426574827,1263,678,0
1764426574827,1258,678,0
1764426574843,1252,677,0
1764426574843,1246,677,0
1764426574859,1241,677,0
1764426574859,1235,676,0
1764426574875,1229,675,0
1764426574875,1223,674,0
1764426574891,1216,674,0
1764426574891,1209,673,0
1764426574907,1203,673,0
1764426574907,1197,672,0
1764426574923,1190,672,0
1764426574923,1183,671,0
1764426574939,1177,670,0
1764426574939,1170,669,0
1764426574955,1163,669,0
1764426574955,1157,669,0
1764426574971,1151,668,0
1764426574971,1145,667,0
1764426574987,1140,667,0
1764426574987,1133,666,0
1764426575003,1126,665,0
1764426575003,1120,665,0
1764426575018,1115,664,0
1764426575018,1108,663,0
1764426575034,1102,663,0
1764426575034,1097,663,0
1764426575050,1091,662,0
1764426575050,1086,661,0
1764426575066,1080,660,0
1764426575066,1074,659,0
1764426575082,1069,659,0
1764426575082,1064,659,0
1764426575098,1059,658,0
1764426575098,1054,657,0
1764426575114,1048,656,0
1764426575114,1042,655,0
1764426575130,1037,654,0
1764426575130,1031,653,0
1764426575147,1027,652,0
1764426575147,1023,651,0
1764426575162,1017,651,0
1764426575162,1014,651,0
1764426575178,1011,650,0
1764426575178,1008,649,0
1764426575193,1005,649,0
1764426575199,1001,648,0
1764426575209,997,648,0
1764426575209,993,647,0
1764426575226,989,647,0
1764426575226,985,646,0
1764426575241,980,645,0
1764426575241,976,644,0
1764426575257,972,643,0
1764426575257,967,642,0
1764426575273,962,642,0
1764426575273,958,641,0
1764426575289,953,640,0
1764426575289,949,640,0
1764426575304,943,639,0
1764426575304,938,637,0
1764426575320,932,636,0
1764426575320,926,634,0
1764426575336,921,633,0
1764426575336,915,632,0
1764426575355,909,631,0
1764426575361,905,630,0
1764426575368,901,628,0
1764426575368,896,628,0
1764426575384,892,627,0
1764426575384,886,626,0
1764426575400,882,625,0
1764426575400,877,623,0
1764426575416,873,623,0
1764426575416,867,621,0
1764426575432,863,620,0
1764426575432,859,619,0
1764426575448,856,619,0
1764426575448,853,618,0
1764426575463,848,617,0
1764426575463,845,616,0
1764426575479,842,615,0
1764426575479,838,615,0
1764426575495,833,614,1
1764426575495,830,613,1
1764426575511,827,612,1
1764426575511,823,611,1
1764426575526,820,611,1
1764426575526,815,609,1
1764426575544,811,609,1
1764426575544,808,608,1
1764426575558,805,607,1
1764426575558,802,606,1
1764426575576,799,606,1
1764426575576,797,606,1
1764426575589,795,605,1
1764426575589,792,604,1
1764426575605,791,604,1
1764426575605,790,604,1
1764426575621,788,603,1
1764426575621,786,603,1
1764426575637,784,603,1
1764426575637,782,603,1
1764426575653,781,602,1
1764426575653,778,602,1
1764426575669,776,601,1
1764426575669,773,601,1
1764426575685,771,601,1
1764426575685,769,600,1
1764426575701,766,600,1
1764426575701,763,599,1
1764426575717,760,598,1
1764426575717,757,598,1
1764426575732,754,598,1
1764426575732,750,597,1
1764426575755,747,597,1
1764426575757,743,596,1
1764426575764,740,595,1
1764426575764,737,595,1
1764426575780,734,594,1
1764426575796,732,594,1
1764426575796,730,594,1
1764426575812,727,594,1
1764426575812,725,593,1
1764426575812,723,593,1
1764426575828,720,592,1
1764426575828,718,591,0
1764426575844,715,591,0
1764426575860,712,591,0
1764426575860,710,591,0
1764426575876,707,590,0
1764426575876,704,589,0
1764426575876,701,589,0
1764426575892,699,589,0
1764426575907,696,588,0
1764426575907,693,588,0
1764426575923,690,588,0
1764426575923,685,587,0
1764426575939,682,587,0
1764426575939,678,586,0
1764426575955,674,586,0
1764426575955,670,585,0
1764426575971,666,585,1
1764426575971,661,584,1
1764426575987,657,583,1
1764426575987,654,583,1
1764426576003,650,583,1
1764426576003,647,582,1
1764426576019,644,582,1
1764426576019,641,581,1
1764426576035,638,581,1
1764426576035,635,581,1
1764426576051,633,581,1
1764426576051,630,580,1
1764426576067,629,580,1
1764426576067,627,580,1
1764426576083,625,580,1
1764426576083,623,580,1
1764426576099,620,580,1
1764426576099,618,579,1
1764426576114,615,578,1
1764426576114,611,578,1
1764426576130,608,577,1
1764426576130,605,577,1
1764426576146,602,576,1
1764426576146,600,576,1
1764426576162,598,576,1
1764426576162,595,575,1
1764426576178,594,575,1
1764426576178,593,575,1
1764426576194,592,574,1
1764426576194,591,574,1
1764426576210,590,574,1
1764426576210,589,574,1
1764426576226,589,573,1
1764426576226,587,573,1
1764426576241,586,573,1
1764426576241,585,572,1
1764426576257,584,571,1
1764426576257,583,571,1
1764426576273,582,570,1
1764426576273,579,568,1
1764426576289,577,567,1
1764426576289,575,565,1
1764426576305,573,565,1
1764426576305,570,563,1
1764426576321,568,562,1
1764426576321,567,561,1
1764426576337,565,560,1
1764426576337,562,559,1
1764426576353,561,557,1
1764426576353,559,556,1
1764426576369,557,556,1
1764426576369,556,555,1
1764426576385,555,555,1
1764426576385,554,553,1
1764426576401,553,553,1
1764426576401,551,551,1
1764426576417,550,551,1
1764426576417,549,549,1
1764426576433,547,549,1
1764426576433,546,547,1
1764426576449,544,546,1
1764426576449,543,544,1
1764426576465,541,543,1
1764426576465,539,541,1
1764426576481,537,539,1
1764426576481,535,537,1
1764426576497,533,535,1
1764426576497,532,533,1
1764426576513,530,532,1
1764426576513,528,529,1
1764426576529,526,527,1
1764426576529,524,525,1
1764426576545,522,522,1
1764426576545,520,519,1
1764426576561,518,516,1
1764426576561,516,513,1
1764426576579,514,510,1
1764426576579,512,508,1
1764426576592,511,505,1
1764426576592,509,501,1
1764426576608,507,498,1
1764426576608,506,495,1
1764426576624,504,492,1
1764426576624,502,488,1
1764426576641,501,485,1
1764426576641,499,482,1
1764426576656,497,477,1
1764426576656,496,474,1
1764426576672,494,469,1
1764426576672,493,466,1
1764426576688,491,462,1
1764426576688,491,459,1
1764426576704,489,454,1
1764426576704,489,450,1
1764426576720,488,447,1
1764426576720,486,442,1
1764426576736,485,439,1
1764426576736,485,435,1
1764426576752,485,432,1
1764426576752,485,429,1
1764426576768,485,426,1
1764426576768,484,423,1
1764426576784,483,419,1
1764426576784,483,416,1
1764426576800,482,412,1
1764426576800,481,409,1
1764426576816,481,405,1
1764426576816,481,401,1
1764426576832,481,398,1
1764426576832,481,395,1
1764426576848,480,392,1
1764426576848,480,389,1
1764426576864,480,386,1
1764426576864,480,383,1
1764426576879,479,380,1
1764426576879,479,376,1
1764426576895,479,373,1
1764426576895,479,370,1
1764426576914,479,367,1
1764426576914,479,364,1
1764426576927,479,361,1
1764426576927,479,358,1
1764426576943,479,355,1
1764426576943,479,352,1
1764426576959,479,349,1
1764426576959,479,346,1
1764426576975,479,343,1
1764426576975,479,341,1
1764426576991,479,338,1
1764426576991,479,335,1
1764426577006,479,333,1
1764426577006,479,331,1
1764426577022,479,329,1
1764426577022,479,326,1
1764426577040,479,324,1
1764426577040,479,321,1
1764426577054,479,319,1
1764426577054,479,316,1
1764426577070,479,314,1
1764426577070,479,312,1
1764426577085,479,310,1
1764426577085,479,308,1
1764426577102,479,306,1
1764426577102,479,304,1
1764426577123,479,301,1
1764426577126,479,298,1
1764426577133,479,295,1
1764426577133,479,293,1
1764426577149,479,290,1
1764426577165,479,287,1
1764426577165,480,285,1
1764426577165,480,283,1
1764426577181,480,280,1
1764426577181,480,278,1
1764426577197,481,276,1
1764426577197,482,273,1
1764426577213,483,270,1
1764426577213,483,268,1
1764426577229,483,265,1
1764426577229,483,263,1
1764426577245,484,260,1
1764426577245,485,257,1
1764426577261,486,254,1
1764426577261,487,252,1
1764426577277,487,249,1
1764426577277,488,245,1
1764426577292,489,242,1
1764426577308,490,239,1
1764426577308,490,236,1
1764426577308,491,233,1
1764426577324,492,230,1
1764426577340,493,228,1
1764426577340,493,226,1
1764426577340,494,223,0
1764426577356,495,221,0
1764426577356,496,219,0
1764426577372,496,218,0
1764426577372,497,215,0
1764426577388,498,213,0
1764426577404,498,212,0
1764426577404,499,210,0
1764426577404,501,208,0
1764426577421,501,206,0
1764426577421,503,204,0
1764426577436,504,202,0
1764426577436,505,200,0
1764426577451,506,198,0
1764426577451,508,196,0
1764426577468,509,194,0
1764426577483,511,193,0
1764426577483,512,191,0
1764426577499,514,190,0
1764426577499,514,189,0
1764426577515,516,187,0
1764426577515,517,185,0
1764426577531,520,183,0
1764426577531,521,181,0
1764426577547,523,180,0
1764426577547,526,177,0
1764426577564,527,176,0
1764426577564,529,174,0
1764426577564,531,172,0
1764426577580,533,170,0
1764426577596,534,169,0
1764426577596,536,167,0
1764426577596,537,166,0
1764426577611,538,165,0
1764426577629,539,165,0
1764426577634,540,163,0
1764426577643,542,162,0
1764426577643,543,161,0
1764426577659,545,160,0
1764426577659,546,158,0
1764426577674,547,157,0
1764426577674,549,156,0
1764426577690,551,155,0
1764426577690,553,154,0
1764426577706,555,152,0
1764426577706,556,152,0
1764426577722,557,151,0
1764426577722,559,150,0
1764426577738,560,149,0
1764426577738,563,147,0
1764426577754,564,147,0
1764426577754,566,147,0
1764426577770,567,146,0
1764426577770,569,145,0
1764426577786,570,145,1
1764426577786,571,144,1
1764426577802,573,143,1
1764426577802,574,143,1
1764426577818,576,142,1
1764426577818,577,142,1
1764426577834,579,140,1
1764426577834,580,140,1
1764426577849,583,139,1
1764426577849,584,139,1
1764426577865,586,137,1
1764426577865,588,137,1
1764426577881,590,137,1
1764426577881,593,135,1
1764426577897,595,135,1
1764426577897,597,134,1
1764426577913,599,134,1
1764426577913,601,133,1
1764426577929,604,132,1
1764426577929,606,132,1
1764426577944,608,132,1
1764426577944,610,131,1
1764426577960,613,130,1
1764426577960,615,130,1
1764426577976,618,129,1
1764426577976,621,128,1
1764426577992,624,128,1
1764426577992,627,127,1
1764426578008,630,127,1
1764426578008,634,126,1
1764426578024,638,125,1
1764426578024,644,125,1
1764426578039,649,124,1
1764426578039,655,124,1
1764426578055,661,124,1
1764426578055,667,124,1
1764426578074,671,124,1
1764426578074,675,124,1
1764426578087,679,124,1
1764426578087,682,124,1
1764426578103,685,124,1
1764426578103,687,124,1
1764426578119,690,124,1
1764426578119,692,124,1
1764426578135,695,124,1
1764426578135,696,124,1
1764426578150,698,124,1
1764426578150,700,124,1
1764426578166,702,124,1
1764426578166,704,124,1
1764426578182,707,124,1
1764426578182,710,124,1
1764426578198,713,124,1
1764426578198,716,124,1
1764426578214,719,124,1
1764426578214,723,124,1
1764426578230,727,124,1
1764426578230,731,124,1
1764426578246,734,124,1
1764426578246,738,124,1
1764426578262,741,124,1
1764426578262,744,124,1
1764426578283,747,124,1
1764426578284,750,124,1
1764426578293,753,124,1
1764426578293,755,124,1
1764426578309,757,124,1
1764426578309,759,124,1
1764426578325,761,124,1
1764426578325,764,124,1
1764426578341,767,124,1
1764426578341,769,124,1
1764426578357,772,124,1
1764426578357,775,124,1
1764426578373,778,124,1
1764426578373,780,124,1
1764426578389,782,124,1
1764426578389,783,124,1
1764426578405,785,125,1
1764426578405,787,125,1
1764426578420,788,125,1
1764426578420,789,125,1
1764426578436,791,126,1
1764426578436,793,126,1
1764426578452,795,126,1
1764426578452,797,126,1
1764426578467,798,126,1
1764426578483,799,126,1
1764426578490,801,126,1
1764426578496,802,127,1
1764426578507,803,127,1
1764426578515,805,128,1
1764426578515,807,128,1
1764426578531,808,128,1
1764426578531,810,128,1
1764426578547,811,129,1
1764426578547,812,129,1
1764426578563,814,130,1
1764426578563,815,131,1
1764426578579,816,131,1
1764426578579,818,132,1
1764426578595,821,133,1
1764426578595,822,133,1
1764426578610,824,134,1
1764426578610,826,136,1
1764426578626,828,137,1
1764426578626,830,138,1
1764426578642,832,139,1
1764426578642,835,141,1
1764426578658,837,142,1
1764426578658,839,144,1
1764426578674,841,145,1
1764426578674,844,148,1
1764426578690,847,150,1
1764426578690,849,152,1
1764426578705,851,154,1
1764426578705,853,156,1
1764426578721,855,158,1
1764426578721,858,160,1
1764426578737,859,161,1
1764426578737,861,163,1
1764426578753,862,165,1
1764426578753,863,166,1
1764426578768,865,168,1
1764426578768,866,169,1
1764426578784,868,172,1
1764426578784,869,173,1
1764426578800,872,175,1
1764426578800,873,178,1
1764426578816,875,180,1
1764426578816,876,181,1
1764426578832,878,185,1
1764426578832,881,187,1
1764426578848,883,189,1
1764426578848,884,191,1
1764426578863,886,193,1
1764426578863,888,195,1
1764426578879,890,197,1
1764426578879,891,198,1
1764426578895,893,200,1
1764426578895,894,202,1
1764426578911,895,203,1
1764426578911,896,204,1
1764426578927,898,206,1
1764426578927,899,207,1
1764426578943,900,209,1
1764426578943,902,210,1
1764426578958,903,211,1
1764426578958,903,213,1
1764426578974,905,214,1
1764426578974,905,216,1
1764426578990,907,217,1
1764426578990,908,218,1
1764426579005,910,220,1
1764426579005,911,221,1
1764426579021,912,224,1
1764426579021,914,226,1
1764426579037,915,227,1
1764426579037,916,229,1
1764426579053,917,230,1
1764426579053,918,232,1
1764426579071,920,234,1
1764426579071,921,236,1
1764426579085,922,238,1
1764426579085,923,240,1
1764426579101,924,243,1
1764426579117,925,245,1
1764426579117,926,247,1
1764426579117,927,249,1
1764426579133,928,251,1
1764426579149,929,254,1
1764426579149,930,257,1
1764426579149,931,260,1
1764426579165,932,262,1
1764426579165,932,264,1
1764426579181,933,267,1
1764426579181,934,269,1
1764426579197,935,272,1
1764426579197,935,275,1
1764426579213,936,278,1
1764426579229,938,281,1
1764426579229,939,284,1
1764426579245,939,287,1
1764426579245,940,290,1
1764426579245,941,293,1
1764426579260,942,296,1
1764426579276,942,299,1
1764426579276,943,302,1
1764426579276,944,305,1
1764426579292,945,308,1
1764426579292,946,311,1
1764426579308,946,314,1
1764426579308,946,317,1
1764426579324,946,320,1
1764426579324,946,323,1
1764426579340,946,326,1
1764426579340,947,329,1
1764426579356,947,332,1
1764426579356,948,335,1
1764426579371,948,338,1
1764426579387,948,340,1
1764426579387,948,343,1
1764426579403,948,346,1
1764426579403,949,348,1
1764426579419,949,351,1
1764426579419,949,354,1
1764426579435,949,357,1
1764426579435,949,360,1
1764426579451,949,363,1
1764426579451,949,365,1
1764426579467,949,368,1
1764426579467,949,370,1
1764426579483,949,372,1
1764426579483,949,374,1
1764426579503,949,378,1
1764426579515,949,380,1
1764426579519,949,382,1
1764426579530,949,384,1
1764426579530,949,386,1
1764426579546,949,388,1
1764426579546,949,390,1
1764426579562,949,393,1
1764426579562,949,394,1
1764426579578,949,396,1
1764426579578,949,398,1
1764426579594,948,400,1
1764426579594,948,402,1
1764426579610,948,405,1
1764426579610,947,407,1
1764426579626,947,409,1
1764426579626,946,411,1
1764426579644,946,413,1
1764426579644,946,415,1
1764426579658,946,417,1
1764426579658,946,419,1
1764426579674,946,421,1
1764426579674,945,423,1
1764426579690,945,425,1
1764426579690,944,428,1
1764426579705,943,430,1
1764426579705,943,433,1
1764426579721,942,435,1
1764426579721,941,438,1
1764426579737,940,441,1
1764426579737,940,444,1
1764426579753,940,446,1
1764426579753,938,450,1
1764426579769,937,453,1
1764426579769,936,456,1
1764426579785,936,459,1
1764426579785,935,462,1
1764426579801,934,465,1
1764426579801,933,468,1
1764426579817,933,472,1
1764426579817,932,476,1
1764426579833,931,479,1
1764426579833,930,482,1
1764426579851,930,485,1
1764426579857,929,488,1
1764426579865,929,491,1
1764426579865,929,493,1
1764426579881,928,495,1
1764426579881,928,497,1
1764426579897,927,500,1
1764426579897,926,503,1
1764426579913,926,505,1
1764426579913,925,507,1
1764426579929,924,509,1
1764426579929,924,511,1
1764426579945,924,513,1
1764426579945,923,514,1
1764426579960,922,515,1
1764426579960,921,518,1
1764426579976,921,519,1
1764426579976,920,520,1
1764426579992,919,522,1
1764426580008,918,524,1
1764426580008,917,526,1
1764426580024,916,527,1
1764426580024,915,528,1
1764426580040,914,530,1
1764426580040,913,532,1
1764426580056,911,534,1
1764426580056,909,537,1
1764426580074,906,538,1
1764426580074,905,540,1
1764426580088,903,542,1
1764426580088,901,543,1
1764426580104,899,546,1
1764426580104,897,548,1
1764426580120,894,549,1
1764426580120,892,551,1
1764426580136,890,552,1
1764426580136,888,555,1
1764426580152,885,556,1
1764426580152,882,559,1
1764426580167,878,560,1
1764426580167,873,562,1
1764426580183,870,564,1
1764426580183,865,566,1
1764426580199,861,567,1
1764426580199,856,568,1
1764426580215,852,570,1
1764426580215,849,571,1
1764426580231,844,573,1
1764426580231,840,574,1
1764426580247,835,575,1
1764426580247,831,576,1
1764426580263,828,577,1
1764426580263,825,578,1
1764426580279,822,579,1
1764426580279,819,579,1
1764426580295,817,580,1
1764426580295,813,581,1
1764426580310,811,582,1
1764426580310,808,582,1
1764426580326,805,583,1
1764426580326,802,584,1
1764426580342,799,585,1
1764426580342,797,585,1
1764426580358,794,585,1
1764426580358,791,586,1
1764426580374,788,586,1
1764426580374,785,587,1
1764426580389,782,587,1
1764426580389,779,588,1
1764426580405,775,589,1
1764426580405,772,589,1
1764426580421,768,589,1
1764426580421,765,589,1
1764426580437,762,589,1
1764426580437,758,589,0
1764426580453,755,590,1
1764426580453,752,590,0
1764426580469,749,590,0
1764426580485,746,591,1
1764426580485,744,591,0
1764426580505,738,591,0
1764426580517,735,592,1
1764426580517,732,592,1
1764426580517,729,592,1
1764426580533,725,592,1
1764426580533,721,592,1
1764426580549,717,592,1
1764426580549,711,592,1
1764426580565,706,592,1
1764426580565,699,592,1
1764426580580,694,592,1
1764426580580,688,592,1
1764426580596,683,592,1
1764426580612,678,592,1
1764426580612,673,592,1
1764426580612,669,592,1
1764426580628,665,592,1
1764426580644,661,592,1
1764426580644,657,592,1
1764426580660,653,592,1
1764426580660,648,591,1
1764426580676,644,591,1
1764426580676,640,591,1
1764426580676,636,591,1
1764426580692,633,591,1
1764426580692,630,591,1
1764426580708,627,590,1
1764426580724,623,590,1
1764426580724,620,590,1
1764426580740,617,589,1
1764426580740,614,589,1
1764426580740,611,588,1
1764426580756,609,588,1
1764426580771,607,588,1
1764426580771,603,588,1
1764426580787,601,587,1
1764426580787,599,587,1
1764426580803,597,586,1
1764426580803,595,585,1
1764426580819,593,585,1
1764426580819,590,584,1
1764426580835,589,583,1
1764426580835,587,583,1
1764426580851,585,581,1
1764426580851,582,580,1
1764426580867,580,579,1
1764426580867,578,577,1
1764426580883,576,576,1
1764426580883,573,574,1
1764426580898,571,573,1
1764426580898,569,571,1
1764426580914,567,569,1
1764426580914,565,567,1
1764426580930,564,565,1
1764426580930,561,562,1
1764426580946,559,559,1
1764426580946,556,555,1
1764426580962,554,552,1
1764426580962,551,548,1
1764426580978,548,544,1
1764426580978,546,540,1
1764426580994,543,537,1
1764426580995,540,533,1
1764426581010,538,530,1
1764426581010,535,526,1
1764426581026,532,523,1
1764426581026,531,521,1
1764426581042,529,518,1
1764426581042,528,516,1
1764426581058,526,514,1
1764426581058,525,512,1
1764426581074,524,509,1
1764426581074,522,507,1
1764426581090,521,505,1
1764426581090,519,503,1
1764426581106,518,500,1
1764426581106,516,497,1
1764426581122,514,495,1
1764426581122,513,493,1
1764426581138,511,491,1
1764426581138,510,488,1
1764426581154,508,486,1
1764426581154,507,484,1
1764426581170,506,482,1
1764426581170,505,479,1
1764426581186,503,476,1
1764426581186,502,474,1
1764426581203,501,471,1
1764426581207,499,467,1
1764426581218,498,463,1
1764426581218,497,460,1
1764426581233,496,457,1
1764426581233,494,452,1
1764426581249,493,449,1
1764426581249,492,445,1
1764426581265,491,442,1
1764426581265,491,439,1
1764426581281,490,435,1
1764426581281,490,432,1
1764426581297,490,429,1
1764426581297,489,426,1
1764426581313,489,423,1
1764426581313,489,419,1
1764426581329,489,415,1
1764426581329,489,411,1
1764426581345,489,407,1
1764426581345,489,403,1
1764426581361,489,399,1
1764426581361,489,395,1
1764426581376,489,391,1
1764426581376,489,386,1
1764426581393,489,382,1
1764426581393,489,378,1
1764426581408,489,374,1
1764426581408,489,370,1
1764426581424,489,366,1
1764426581424,489,362,1
1764426581440,489,358,1
1764426581440,489,355,1
1764426581456,489,352,1
1764426581456,489,349,1
1764426581472,489,346,1
1764426581472,489,343,1
1764426581488,489,340,1
1764426581488,489,337,1
1764426581503,490,334,1
1764426581503,490,331,1
1764426581519,490,328,1
1764426581519,491,325,1
1764426581535,491,322,1
1764426581535,491,319,1
1764426581551,492,315,1
1764426581551,492,313,1
1764426581567,492,311,1
1764426581567,492,309,1
1764426581583,492,307,1
1764426581583,493,305,1
1764426581599,493,303,1
1764426581599,494,300,1
1764426581615,494,297,1
1764426581615,494,295,1
1764426581631,494,293,1
1764426581631,495,291,1
1764426581646,496,289,1
1764426581646,497,286,1
1764426581662,497,284,1
1764426581662,498,282,1
1764426581678,499,280,1
1764426581678,500,278,1
1764426581694,500,275,1
1764426581694,501,273,1
1764426581711,502,271,1
1764426581711,503,269,1
1764426581725,503,267,1
1764426581725,505,264,1
1764426581741,506,261,1
1764426581741,507,259,1
1764426581757,509,257,1
1764426581757,509,255,1
1764426581773,510,254,1
1764426581773,511,252,1
1764426581789,513,250,1
1764426581805,514,247,1
1764426581805,516,245,1
1764426581820,517,243,1
1764426581820,519,241,1
1764426581820,520,238,1
1764426581836,522,236,1
1764426581852,524,234,1
1764426581852,527,231,1
1764426581852,528,229,1
1764426581868,530,226,1
1764426581868,532,224,1
1764426581884,534,220,1
1764426581900,537,218,1
1764426581900,538,216,1
1764426581900,540,214,1
1764426581916,542,211,1
1764426581932,544,209,1
1764426581932,546,207,1
1764426581932,548,204,1
1764426581948,550,203,1
1764426581948,552,201,1
1764426581964,553,198,1
1764426581980,556,196,1
1764426581980,557,195,1
1764426581996,559,192,1
1764426581996,562,191,1
1764426581996,563,189,1
1764426582011,565,187,1
1764426582011,567,186,1
1764426582027,568,184,1
1764426582043,570,183,1
1764426582043,571,182,1
1764426582059,572,182,1
1764426582059,574,180,1
1764426582075,575,179,1
1764426582075,577,178,1
1764426582091,578,177,1
1764426582091,579,176,1
1764426582091,581,175,1
1764426582107,582,173,1
1764426582123,584,172,1
1764426582123,586,171,1
1764426582139,587,170,1
1764426582139,589,169,1
1764426582155,591,167,1
1764426582155,592,167,1
1764426582171,595,165,1
1764426582171,596,164,1
1764426582187,597,164,1
1764426582187,599,163,1
1764426582202,601,162,1
1764426582202,603,160,1
1764426582218,605,159,1
1764426582218,607,159,1
1764426582234,610,157,1
1764426582234,612,156,1
1764426582251,614,156,1
1764426582251,616,154,1
1764426582266,619,153,1
1764426582266,622,153,1
1764426582283,625,152,1
1764426582283,626,151,1
1764426582299,627,151,1
1764426582299,630,150,1
1764426582315,631,150,1
1764426582315,632,150,1
1764426582330,634,149,1
1764426582330,637,148,1
1764426582346,639,148,1
1764426582346,641,148,1
1764426582364,643,147,1
1764426582364,645,145,1
1764426582380,647,145,1
1764426582386,651,144,1
1764426582394,653,143,1
1764426582394,656,143,1
1764426582410,658,142,1
1764426582410,661,142,1
1764426582426,663,142,1
1764426582426,665,141,1
1764426582442,668,141,1
1764426582442,672,140,1
1764426582458,675,140,1
1764426582458,678,139,1
1764426582474,681,139,1
1764426582474,683,139,1
1764426582490,686,139,1
1764426582490,688,138,1
1764426582506,690,138,1
1764426582506,693,138,1
1764426582522,695,137,1
1764426582522,697,137,1
1764426582538,700,136,1
1764426582538,702,136,1
1764426582553,704,136,1
1764426582553,706,136,1
1764426582569,708,136,1
1764426582569,710,136,1
1764426582586,712,136,1
1764426582586,715,135,1
1764426582602,717,135,1
1764426582602,719,135,1
1764426582618,721,134,1
1764426582618,723,134,1
1764426582635,725,134,1
1764426582640,728,133,1
1764426582649,731,133,1
1764426582649,734,133,1
1764426582665,737,133,1
1764426582665,741,133,1
1764426582681,745,133,1
1764426582681,749,133,1
1764426582697,753,133,1
1764426582697,757,133,1
1764426582713,761,133,1
1764426582713,765,133,1
1764426582729,769,133,1
1764426582729,772,133,1
1764426582745,775,133,1
1764426582745,778,133,1
1764426582761,781,133,1
1764426582761,784,133,1
1764426582777,786,133,1
1764426582777,787,134,1
1764426582793,788,134,1
1764426582793,790,134,1
1764426582809,791,134,1
1764426582809,792,134,1
1764426582824,794,135,1
1764426582824,795,135,1
1764426582840,796,135,1
1764426582840,797,135,1
1764426582856,799,135,1
1764426582856,800,136,1
1764426582872,801,137,1
1764426582888,802,137,1
1764426582904,803,137,1
1764426582904,804,138,1
1764426582920,805,138,1
1764426582920,806,139,1
1764426582936,807,139,1
1764426582936,808,139,1
1764426582952,809,139,1
1764426582952,810,141,1
1764426582968,811,141,1
1764426582968,813,142,1
1764426582984,814,143,1
1764426582984,816,143,1
1764426583000,818,144,1
1764426583000,821,145,1
1764426583016,823,146,1
1764426583016,825,146,1
1764426583032,826,147,1
1764426583032,828,148,1
1764426583048,830,149,1
1764426583048,831,150,1
1764426583064,833,150,1
1764426583064,834,151,1
1764426583080,835,152,1
1764426583080,836,152,1
1764426583095,837,152,1
1764426583095,839,153,1
1764426583111,840,154,1
1764426583111,842,155,1
1764426583127,844,156,1
1764426583127,847,157,1
1764426583143,849,158,1
1764426583143,851,159,1
1764426583159,853,161,1
1764426583159,855,161,1
1764426583175,858,163,1
1764426583175,859,163,1
1764426583190,861,165,1
1764426583190,864,166,1
1764426583206,866,168,1
1764426583206,867,169,1
1764426583222,869,170,1
1764426583222,871,171,1
1764426583237,873,172,1
1764426583237,874,174,1
1764426583253,877,174,1
1764426583253,879,176,1
1764426583269,880,177,1
1764426583285,883,179,1
1764426583285,885,181,1
1764426583285,887,183,1
1764426583300,888,184,1
1764426583300,890,185,1
1764426583317,892,187,1
1764426583317,894,188,1
1764426583333,895,190,1
1764426583333,896,191,1
1764426583349,898,193,1
1764426583349,899,194,1
1764426583365,901,196,1
1764426583365,902,197,1
1764426583381,903,198,1
1764426583381,904,200,1
1764426583397,906,201,1
1764426583397,906,202,1
1764426583413,907,203,1
1764426583413,908,204,1
1764426583428,910,206,1
1764426583428,911,207,1
1764426583444,912,209,1
1764426583444,913,210,1
1764426583460,914,212,1
1764426583460,915,215,1
1764426583476,916,217,1
1764426583476,917,218,1
1764426583492,918,220,1
1764426583492,919,223,1
1764426583508,921,226,1
1764426583508,922,229,1
1764426583526,923,231,1
1764426583539,924,233,1
1764426583539,925,236,1
1764426583555,926,237,1
1764426583555,927,239,1
1764426583571,927,241,1
1764426583571,928,243,1
1764426583587,929,245,1
1764426583587,930,247,1
1764426583603,930,249,1
1764426583603,932,253,1
1764426583618,933,255,1
1764426583618,933,258,1
1764426583634,934,261,1
1764426583634,935,263,1
1764426583651,937,266,1
1764426583651,937,269,1
1764426583667,939,273,1
1764426583667,940,275,1
1764426583682,940,277,1
1764426583682,941,280,1
1764426583698,942,282,1
1764426583698,943,285,1
1764426583714,944,287,1
1764426583714,945,289,1
1764426583733,946,290,1
1764426583733,946,293,1
1764426583746,947,295,1
1764426583746,948,297,1
1764426583762,948,299,1
1764426583762,949,301,1
1764426583779,950,303,1
1764426583779,951,305,1
1764426583795,951,307,1
1764426583795,952,309,1
1764426583811,953,312,1
1764426583811,954,315,1
1764426583826,955,317,1
1764426583826,956,319,1
1764426583843,957,321,1
1764426583843,957,323,1
1764426583858,957,326,1
1764426583858,958,328,1
1764426583874,959,330,1
1764426583874,960,332,1
1764426583890,960,334,1
1764426583890,961,337,1
1764426583906,962,339,1
1764426583906,962,342,1
1764426583922,962,344,1
1764426583922,962,346,1
1764426583939,963,348,1
1764426583939,963,351,1
1764426583954,963,354,1
1764426583954,964,357,1
1764426583970,964,359,1
1764426583970,964,362,1
1764426583986,965,365,1
1764426583986,965,368,1
1764426584002,965,371,1
1764426584002,965,374,1
1764426584018,965,377,1
1764426584018,965,380,1
1764426584033,965,383,1
1764426584033,965,386,1
1764426584049,965,389,1
1764426584049,965,393,1
1764426584065,964,396,1
1764426584065,963,400,1
1764426584081,961,405,1
1764426584081,960,409,1
1764426584097,960,412,1
1764426584097,959,416,1
1764426584113,957,421,1
1764426584113,955,425,1
1764426584129,953,430,1
1764426584129,953,434,1
1764426584145,952,439,1
1764426584145,950,443,1
1764426584161,948,448,1
1764426584161,946,452,1
1764426584177,945,457,1
1764426584177,943,462,1
1764426584193,943,465,1
1764426584193,941,470,1
1764426584209,940,473,1
1764426584209,938,478,1
1764426584225,937,481,1
1764426584225,936,484,1
1764426584241,935,487,1
1764426584241,934,490,1
1764426584256,934,492,1
1764426584256,932,495,1
1764426584272,931,497,1
1764426584272,930,499,1
1764426584288,928,501,1
1764426584288,928,503,1
1764426584304,927,506,1
1764426584304,926,508,1
1764426584320,925,511,1
1764426584320,925,513,1
1764426584336,924,514,1
1764426584336,923,516,1
1764426584352,922,518,1
1764426584352,921,519,1
1764426584368,919,522,1
1764426584368,919,524,1
1764426584383,918,526,1
1764426584383,917,527,1
1764426584399,916,530,1
1764426584399,914,531,1
1764426584415,914,532,1
1764426584415,912,534,1
1764426584431,912,535,1
1764426584431,910,538,1
1764426584447,909,539,1
1764426584447,908,540,1
1764426584463,907,541,1
1764426584463,906,542,1
1764426584479,905,544,1
1764426584479,903,545,1
1764426584494,902,546,1
1764426584494,900,548,1
1764426584510,899,549,1
1764426584510,898,550,1
1764426584526,896,551,1
1764426584539,895,552,1
1764426584544,893,554,1
1764426584544,891,555,1
1764426584558,889,556,1
1764426584558,888,557,1
1764426584574,885,559,1
1764426584574,884,559,1
1764426584589,882,560,1
1764426584589,879,562,1
1764426584605,876,562,1
1764426584621,873,563,1
1764426584621,870,564,1
1764426584621,867,566,1
1764426584637,864,566,1
1764426584637,861,568,1
1764426584653,857,569,1
1764426584653,855,570,1
1764426584668,852,570,1
1764426584668,850,571,1
1764426584684,848,572,1
1764426584684,845,573,1
1764426584700,843,573,1
1764426584716,840,573,1
1764426584718,837,574,1
1764426584732,835,575,1
1764426584732,833,575,1
1764426584748,830,576,1
1764426584748,828,576,1
1764426584748,826,576,1
1764426584764,824,577,1
1764426584780,822,578,1
1764426584780,819,578,1
1764426584796,816,578,1
1764426584796,814,579,1
1764426584812,811,580,1
1764426584812,808,581,1
1764426584812,805,581,1
1764426584828,802,582,1
1764426584828,800,582,1
1764426584843,799,583,1
1764426584843,797,584,1
1764426584859,794,584,1
1764426584876,791,585,1
1764426584876,788,586,1
1764426584876,785,586,1
1764426584892,782,587,1
1764426584892,780,587,1
1764426584907,778,588,1
1764426584907,776,589,1
1764426584923,773,590,1
1764426584940,770,590,1
1764426584940,768,591,1
1764426584940,765,591,1
1764426584955,763,592,1
1764426584955,759,592,1
1764426584972,756,593,1
1764426584988,753,593,1
1764426584988,751,593,1
1764426585003,748,594,1
1764426585003,745,594,1
1764426585019,742,595,1
1764426585019,740,595,1
1764426585035,737,596,1
1764426585035,735,596,1
1764426585051,733,596,1
1764426585051,731,596,1
1764426585067,729,596,1
1764426585067,726,597,1
1764426585083,725,597,1
1764426585084,723,597,1
1764426585098,722,597,1
1764426585098,721,597,1
1764426585115,719,597,1
1764426585115,717,597,1
1764426585130,716,597,1
1764426585130,714,597,1
1764426585146,712,597,1
1764426585146,709,597,1
1764426585162,707,597,1
1764426585162,705,597,1
1764426585178,703,597,1
1764426585178,701,597,1
1764426585194,699,597,1
1764426585194,697,597,1
1764426585210,694,597,1
1764426585210,692,597,1
1764426585226,690,597,1
1764426585226,688,597,1
1764426585242,686,597,1
1764426585242,684,597,1
1764426585258,681,597,1
1764426585258,679,596,1
1764426585274,676,596,1
1764426585274,674,596,1
1764426585291,671,595,1
1764426585299,669,594,1
1764426585305,667,594,1
1764426585305,665,593,1
1764426585321,662,593,1
1764426585321,660,592,1
1764426585337,658,592,1
1764426585337,656,591,1
1764426585353,654,590,1
1764426585353,652,590,1
1764426585369,650,590,1
1764426585369,648,589,1
1764426585385,647,588,1
1764426585385,645,588,1
1764426585401,643,588,1
1764426585401,642,587,1
1764426585417,641,587,1
1764426585417,639,586,1
1764426585433,637,586,1
1764426585433,636,586,1
1764426585449,633,585,1
1764426585449,632,584,1
1764426585465,630,583,1
1764426585465,629,583,1
1764426585481,627,583,1
1764426585481,625,582,1
1764426585497,624,582,1
1764426585497,622,581,1
1764426585513,619,580,1
1764426585529,617,579,1
1764426585529,615,579,1
1764426585545,613,578,1
1764426585545,611,577,1
1764426585561,609,576,1
1764426585561,605,574,1
1764426585577,603,573,1
1764426585577,601,572,1
1764426585593,598,570,1
1764426585593,596,569,1
1764426585608,593,567,1
1764426585608,591,566,1
1764426585624,589,564,1
1764426585624,587,563,1
1764426585640,584,562,1
1764426585640,582,560,1
1764426585658,580,559,1
1764426585658,578,557,1
1764426585672,575,556,1
1764426585672,573,554,1
1764426585687,571,553,1
1764426585687,569,551,1
1764426585703,566,549,1
1764426585703,564,548,1
1764426585719,562,545,1
1764426585719,560,544,1
1764426585735,558,542,1
1764426585735,556,541,1
1764426585751,555,540,1
1764426585751,552,537,1
1764426585767,550,536,1
1764426585767,549,534,1
1764426585783,546,532,1
1764426585783,545,531,1
1764426585798,543,529,1
1764426585798,542,528,1
1764426585814,541,526,1
1764426585814,539,525,1
1764426585830,538,523,1
1764426585830,536,522,1
1764426585846,535,520,1
1764426585846,533,518,1
1764426585862,532,517,1
1764426585862,531,516,1
1764426585878,529,514,1
1764426585878,528,513,1
1764426585893,526,511,1
1764426585893,526,510,1
1764426585909,525,509,1
1764426585909,523,507,1
1764426585925,523,506,1
1764426585925,521,504,1
1764426585941,521,503,1
1764426585941,519,502,1
1764426585956,519,500,1
1764426585972,518,499,1
1764426585972,516,497,1
1764426585988,516,495,1
1764426585988,515,494,1
1764426585988,514,492,1
1764426586004,514,489,1
1764426586019,513,487,1
1764426586019,512,485,1
1764426586035,510,481,1
1764426586035,510,476,1
1764426586051,509,473,1
1764426586051,507,469,1
1764426586067,506,465,1
1764426586067,505,461,1
1764426586083,504,457,1
1764426586083,504,454,1
1764426586098,503,451,1
1764426586098,502,448,1
1764426586114,501,445,1
1764426586114,501,442,1
1764426586130,501,439,1
1764426586130,501,436,1
1764426586146,500,433,1
1764426586146,500,430,1
1764426586162,500,427,1
1764426586162,499,424,1
1764426586178,499,422,1
1764426586178,498,420,1
1764426586193,498,418,1
1764426586193,498,416,1
1764426586209,497,413,1
1764426586209,497,411,1
1764426586225,497,408,1
1764426586225,496,406,1
1764426586241,495,403,1
1764426586241,495,401,1
1764426586257,495,399,1
1764426586257,494,396,1
1764426586273,493,394,1
1764426586273,492,391,1
1764426586289,492,388,1
1764426586289,492,386,1
1764426586305,491,383,1
1764426586305,490,380,1
1764426586321,489,378,1
1764426586321,489,376,1
1764426586337,489,373,1
1764426586337,489,370,1
1764426586353,488,367,1
1764426586353,487,365,1
1764426586369,487,363,1
1764426586369,486,361,1
1764426586385,486,359,1
1764426586385,486,356,1
1764426586400,486,354,1
1764426586400,486,352,1
1764426586416,486,349,1
1764426586416,486,347,1
1764426586432,486,344,1
1764426586432,486,342,1
1764426586449,486,340,1
1764426586449,486,337,1
1764426586464,486,335,1
1764426586464,486,332,1
1764426586480,486,329,1
1764426586480,486,326,1
1764426586496,486,324,1
1764426586496,486,321,1
1764426586511,487,318,1
1764426586511,488,315,1
1764426586527,488,312,1
1764426586527,489,309,1
1764426586543,489,307,1
1764426586543,490,305,1
1764426586559,491,302,1
1764426586559,492,300,1
1764426586575,492,297,1
1764426586575,494,294,1
1764426586591,495,292,1
1764426586591,495,290,1
1764426586607,496,288,1
1764426586607,496,287,1
1764426586622,497,284,1
1764426586622,498,282,1
1764426586638,498,280,1
1764426586638,499,278,1
1764426586659,501,276,1
1764426586661,501,273,1
1764426586670,503,272,1
1764426586670,503,270,1
1764426586685,504,268,1
1764426586685,505,267,1
1764426586701,506,265,1
1764426586701,507,263,1
1764426586717,509,260,1
1764426586717,509,258,1
1764426586733,511,256,1
1764426586733,512,254,1
1764426586749,512,252,1
1764426586749,514,250,1
1764426586765,514,248,1
1764426586765,516,246,1
1764426586781,517,243,1
1764426586781,519,241,1
1764426586797,520,239,1
1764426586797,522,237,1
1764426586813,523,234,1
1764426586813,525,232,1
1764426586828,526,230,1
1764426586828,528,228,1
1764426586844,529,225,1
1764426586844,532,222,1
1764426586860,533,220,1
1764426586860,535,218,1
1764426586876,536,216,1
1764426586876,538,215,1
1764426586891,539,213,1
1764426586907,540,211,1
1764426586907,541,209,1
1764426586923,543,207,1
1764426586923,544,204,1
1764426586939,547,203,1
1764426586939,548,201,1
1764426586955,550,199,1
1764426586955,552,198,1
1764426586971,554,195,1
1764426586971,556,194,1
1764426586987,558,193,1
1764426586987,560,190,1
1764426587003,562,189,1
1764426587003,564,187,1
1764426587018,566,186,1
1764426587018,568,184,1
1764426587034,570,183,1
1764426587034,572,181,1
1764426587050,574,179,1
1764426587050,576,178,1
1764426587066,579,175,1
1764426587066,581,174,1
1764426587082,583,172,1
1764426587082,587,169,1
1764426587098,589,167,1
1764426587098,592,166,1
1764426587114,594,164,1
1764426587114,597,163,1
1764426587130,599,161,1
1764426587130,601,160,1
1764426587146,603,158,1
1764426587146,605,158,1
1764426587162,607,157,1
1764426587162,609,155,1
1764426587178,611,155,1
1764426587178,614,153,1
1764426587194,616,152,1
1764426587194,618,151,1
1764426587210,621,150,1
1764426587210,623,149,1
1764426587226,626,149,1
1764426587243,627,149,1
1764426587243,629,149,1
1764426587258,631,149,1
1764426587258,634,148,1
1764426587274,636,147,1
1764426587274,638,146,1
1764426587290,641,146,1
1764426587290,644,145,1
1764426587306,647,145,1
1764426587306,650,144,1
1764426587322,653,144,1
1764426587322,655,143,1
1764426587338,657,143,1
1764426587338,659,143,1
1764426587354,661,143,1
1764426587354,663,143,1
1764426587370,665,143,1
1764426587370,666,142,1
1764426587386,668,142,1
1764426587386,670,142,1
1764426587402,672,142,1
1764426587402,675,142,1
1764426587418,678,142,1
1764426587418,680,142,1
1764426587435,682,142,1
1764426587435,684,142,1
1764426587450,686,142,1
1764426587450,688,142,1
1764426587466,690,142,1
1764426587466,691,142,1
1764426587482,693,142,1
1764426587482,694,142,1
1764426587497,696,142,1
1764426587497,699,142,1
1764426587513,701,142,1
1764426587513,703,142,1
1764426587529,705,142,1
1764426587529,707,142,1
1764426587545,710,142,1
1764426587545,713,142,1
1764426587561,716,142,1
1764426587561,719,142,1
1764426587577,722,142,1
1764426587577,725,142,1
1764426587593,728,142,1
1764426587593,731,142,1
1764426587609,734,142,1
1764426587609,737,142,1
1764426587624,740,142,1
1764426587624,743,142,1
1764426587643,746,142,1
1764426587646,749,143,1
1764426587656,752,143,1
1764426587656,755,143,1
1764426587672,758,143,1
1764426587672,760,143,1
1764426587688,763,143,1
1764426587688,766,143,1
1764426587703,769,143,1
1764426587703,772,144,1
1764426587719,775,144,1
1764426587719,777,144,1
1764426587735,780,144,1
1764426587735,782,144,1
1764426587751,785,145,1
1764426587751,788,145,1
1764426587767,790,145,1
1764426587767,792,145,1
1764426587783,795,146,1
1764426587783,797,146,1
1764426587799,800,146,1
1764426587799,802,146,1
1764426587816,804,146,1
1764426587816,807,146,1
1764426587831,810,146,1
1764426587831,812,147,1
1764426587847,814,147,1
1764426587847,816,147,1
1764426587863,818,148,1
1764426587863,820,148,1
1764426587879,823,149,1
1764426587879,825,149,1
1764426587895,827,149,1
1764426587895,828,149,1
1764426587911,830,149,1
1764426587911,832,150,1
1764426587927,834,151,1
1764426587927,836,151,1
1764426587943,838,151,1
1764426587943,840,152,1
1764426587959,844,154,1
1764426587959,846,155,1
1764426587975,848,155,1
1764426587975,850,156,1
1764426587991,852,157,1
1764426587991,854,157,1
1764426588007,856,158,1
1764426588007,858,159,1
1764426588027,860,160,1
1764426588031,862,160,1
1764426588038,863,161,1
1764426588038,865,162,1
1764426588054,867,163,1
1764426588054,868,165,1
1764426588070,870,166,1
1764426588070,872,167,1
1764426588086,874,169,1
1764426588086,876,170,1
1764426588102,878,172,1
1764426588102,879,173,1
1764426588118,881,175,1
1764426588118,882,176,1
1764426588133,883,177,1
1764426588133,886,178,1
1764426588152,887,180,1
1764426588152,889,182,1
1764426588165,891,183,1
1764426588165,893,185,1
1764426588181,895,187,1
1764426588181,897,190,1
1764426588197,899,192,1
1764426588197,901,194,1
1764426588213,904,196,1
1764426588213,906,200,1
1764426588228,909,202,1
1764426588228,911,205,1
1764426588244,914,208,1
1764426588244,915,210,1
1764426588260,917,213,1
1764426588276,919,215,1
1764426588276,921,218,1
1764426588276,923,220,1
1764426588291,924,223,1
1764426588307,926,224,1
1764426588307,926,225,1
1764426588323,927,227,1
1764426588323,929,228,1
1764426588339,929,230,1
1764426588339,930,231,1
1764426588355,931,232,1
1764426588355,932,235,1
1764426588370,934,236,1
1764426588370,934,237,1
1764426588386,935,239,1
1764426588386,936,241,1
1764426588402,938,243,1
1764426588402,939,245,1
1764426588418,940,248,1
1764426588418,941,249,1
1764426588434,942,251,1
1764426588434,942,253,1
1764426588450,944,256,1
1764426588450,944,258,1
1764426588466,946,260,1
1764426588466,947,263,1
1764426588482,948,266,1
1764426588482,949,270,1
1764426588498,950,273,1
1764426588498,952,276,1
1764426588514,952,279,1
1764426588514,953,282,1
1764426588530,954,285,1
1764426588535,955,288,1
1764426588546,955,291,1
1764426588546,956,294,1
1764426588562,957,298,1
1764426588562,958,301,1
1764426588577,959,304,1
1764426588577,959,307,1
1764426588593,960,310,1
1764426588593,961,312,1
1764426588609,961,315,1
1764426588609,961,317,1
1764426588626,962,319,1
1764426588626,962,322,1
1764426588641,962,324,1
1764426588641,962,326,1
1764426588657,962,328,1
1764426588657,962,330,1
1764426588673,962,332,1
1764426588673,962,334,1
1764426588689,962,336,1
1764426588689,962,339,1
1764426588705,962,341,1
1764426588705,962,343,1
1764426588721,962,345,1
1764426588721,962,347,1
1764426588739,962,350,1
1764426588739,962,352,1
1764426588753,962,355,1
1764426588753,961,358,1
1764426588769,961,360,1
1764426588769,960,364,1
1764426588785,959,367,1
1764426588785,958,370,1
1764426588801,958,373,1
1764426588801,957,376,1
1764426588817,956,379,1
1764426588817,954,384,1
1764426588833,953,388,1
1764426588833,953,391,1
1764426588849,953,395,1
1764426588849,951,398,1
1764426588865,951,401,1
1764426588865,950,404,1
1764426588881,949,408,1
1764426588881,949,411,1
1764426588897,949,414,1
1764426588897,948,416,1
1764426588913,947,420,1
1764426588913,947,422,1
1764426588929,946,425,1
1764426588929,946,427,1
1764426588945,946,429,1
1764426588945,946,432,1
1764426588961,946,434,1
1764426588961,945,436,1
1764426588976,945,438,1
1764426588976,944,440,1
1764426588994,943,442,1
1764426588994,943,444,1
1764426589010,943,445,1
1764426589010,942,446,1
1764426589026,941,448,1
1764426589026,941,449,1
1764426589041,941,451,1
1764426589041,940,453,1
1764426589057,939,455,1
1764426589057,939,457,1
1764426589073,938,459,1
1764426589073,936,461,1
1764426589089,936,463,1
1764426589089,936,465,1
1764426589105,935,466,1
1764426589105,934,468,1
1764426589121,934,470,1
1764426589121,933,471,1
1764426589137,932,473,1
1764426589137,931,476,1
1764426589153,930,478,1
1764426589153,928,480,1
1764426589169,928,482,1
1764426589169,926,485,1
1764426589186,925,488,1
1764426589186,923,491,1
1764426589200,921,493,1
1764426589200,921,496,1
1764426589216,920,498,1
1764426589216,918,500,1
1764426589232,917,503,1
1764426589232,915,505,1
1764426589248,914,508,1
1764426589248,912,510,1
1764426589264,912,512,1
1764426589264,910,514,1
1764426589280,909,517,1
1764426589280,907,519,1
1764426589296,906,521,1
1764426589296,905,523,1
1764426589312,903,526,1
1764426589312,902,528,1
1764426589328,900,530,1
1764426589328,899,532,1
1764426589344,897,534,1
1764426589344,896,536,1
1764426589360,895,538,1
1764426589360,893,540,1
1764426589376,892,542,1
1764426589376,890,543,1
1764426589393,889,545,1
1764426589393,886,548,1
1764426589408,885,549,1
1764426589408,883,551,1
1764426589423,881,553,1
1764426589423,880,554,1
1764426589440,878,556,1
1764426589440,876,557,1
1764426589455,874,559,1
1764426589455,872,561,1
1764426589471,868,563,1
1764426589471,866,564,1
1764426589491,864,566,1
1764426589493,862,567,1
1764426589503,858,569,1
1764426589503,856,570,1
1764426589519,854,572,1
1764426589519,851,574,1
1764426589534,848,576,1
1764426589534,846,577,1
1764426589550,844,579,1
1764426589550,842,579,1
1764426589566,838,581,1
1764426589566,836,582,1
1764426589583,834,583,1
1764426589583,832,583,1
1764426589598,830,584,1
1764426589598,827,586,1
1764426589614,825,586,1
1764426589614,823,587,1
1764426589630,820,589,1
1764426589630,818,589,1
1764426589646,814,591,1
1764426589646,812,592,1
1764426589662,810,592,1
1764426589662,807,593,1
1764426589680,805,594,1
1764426589680,803,595,1
1764426589694,800,595,1
1764426589694,798,596,1
1764426589709,796,597,1
1764426589725,793,598,1
1764426589725,791,598,1
1764426589725,789,599,1
1764426589741,786,600,1
1764426589741,784,600,1
1764426589757,782,601,1
1764426589757,780,602,1
1764426589773,778,603,1
1764426589773,776,603,1
1764426589789,774,603,1
1764426589789,772,604,1
1764426589804,770,604,1
1764426589804,767,604,1
1764426589820,764,605,1
1764426589820,762,605,1
1764426589836,759,605,1
1764426589836,757,605,1
1764426589852,755,605,1
1764426589868,753,605,1
1764426589868,751,605,1
1764426589868,749,605,1
1764426589884,747,606,1
1764426589899,744,606,1
1764426589899,742,606,1
1764426589899,740,606,1
1764426589915,738,606,1
1764426589931,737,606,1
1764426589931,735,606,1
1764426589947,733,606,1
1764426589947,731,606,1
1764426589962,730,606,1
1764426589962,729,606,1
1764426589978,727,606,1
1764426589978,724,606,1
1764426589994,723,606,1
1764426589994,721,606,1
1764426590010,719,606,1
1764426590010,717,606,1
1764426590026,715,606,1
1764426590026,712,606,1
1764426590041,710,606,1
1764426590041,709,606,1
1764426590057,708,606,1
1764426590057,706,606,1
1764426590074,705,606,1
1764426590074,704,606,1
1764426590090,703,606,1
1764426590090,701,606,1
1764426590105,700,606,1
1764426590105,699,606,1
1764426590121,698,606,1
1764426590121,697,606,1
1764426590137,696,606,1
1764426590137,695,606,1
1764426590153,694,605,1
1764426590153,693,604,1
1764426590169,691,604,1
1764426590169,690,604,1
1764426590185,689,604,1
1764426590185,687,604,1
1764426590201,686,603,1
1764426590201,685,602,1
1764426590217,683,602,1
1764426590217,682,602,1
1764426590233,681,602,1
1764426590233,679,602,1
1764426590249,678,601,1
1764426590249,677,601,1
1764426590265,675,600,1
1764426590265,673,600,1
1764426590281,672,600,1
1764426590281,671,600,1
1764426590297,669,600,1
1764426590297,668,599,1
1764426590313,667,598,1
1764426590313,665,598,1
1764426590328,664,598,1
1764426590360,663,598,1
1764426590360,662,598,1
1764426590376,660,597,1
1764426590376,657,596,1
1764426590391,655,595,1
1764426590391,653,595,1
1764426590408,651,595,1
1764426590408,648,593,1
1764426590423,645,592,1
1764426590423,642,592,1
1764426590439,638,591,1
1764426590439,635,589,1
1764426590455,632,588,1
1764426590455,630,588,1
1764426590471,627,587,1
1764426590471,623,585,1
1764426590487,621,585,1
1764426590487,619,584,1
1764426590503,617,583,1
1764426590503,614,582,1
1764426590519,612,581,1
1764426590519,608,580,1
1764426590536,605,579,1
1764426590536,603,578,1
1764426590550,600,577,1
1764426590550,598,575,1
1764426590566,596,575,1
1764426590566,593,574,1
1764426590582,591,572,1
1764426590582,589,572,1
1764426590598,587,570,1
1764426590598,585,569,1
1764426590613,581,568,1
1764426590613,578,566,1
1764426590629,576,565,1
1764426590629,573,563,1
1764426590645,569,561,1
1764426590645,568,561,1
1764426590660,566,559,1
1764426590660,564,559,1
1764426590676,562,557,1
1764426590676,560,556,1
1764426590692,558,554,1
1764426590708,556,553,1
1764426590708,554,551,1
1764426590708,552,550,1
1764426590724,549,548,1
1764426590724,547,546,1
1764426590744,545,544,1
1764426590744,543,542,1
1764426590756,540,540,1
1764426590772,538,537,1
1764426590772,536,535,1
1764426590772,534,533,1
1764426590788,532,531,1
1764426590804,530,529,1
1764426590804,529,527,1
1764426590820,527,525,1
1764426590820,525,522,1
1764426590820,524,520,1
1764426590835,522,518,1
1764426590851,521,516,1
1764426590851,519,513,1
1764426590867,518,511,1
1764426590867,516,508,1
1764426590883,515,506,1
1764426590883,514,504,1
1764426590883,512,501,1
1764426590899,512,499,1
1764426590899,511,497,1
1764426590915,510,495,1
1764426590931,509,492,1
1764426590931,509,489,1
1764426590947,507,485,1
1764426590947,506,481,1
1764426590963,504,478,1
1764426590963,503,473,1
1764426590978,502,469,1
1764426590978,501,464,1
1764426590994,499,460,1
1764426590994,497,454,1
1764426591010,497,450,1
1764426591010,496,447,1
1764426591027,496,444,1
1764426591027,495,441,1
1764426591043,495,439,1
1764426591043,495,436,1
1764426591059,494,433,1
1764426591059,493,429,1
1764426591074,493,426,1
1764426591074,493,423,1
1764426591090,493,420,1
1764426591090,492,417,1
1764426591107,491,414,1
1764426591107,491,411,1
1764426591122,490,408,1
1764426591122,490,404,1
1764426591138,489,401,1
1764426591138,489,397,1
1764426591154,488,394,1
1764426591154,488,389,1
1764426591170,487,386,1
1764426591170,487,383,1
1764426591187,487,380,1
1764426591187,486,376,1
1764426591203,486,373,1
1764426591203,486,370,1
1764426591219,486,367,1
1764426591219,486,364,1
1764426591235,486,361,1
1764426591235,486,357,1
1764426591250,486,354,1
1764426591250,486,351,1
1764426591266,486,347,1
1764426591266,486,344,1
1764426591282,486,340,1
1764426591282,486,336,1
1764426591298,486,332,1
1764426591298,487,328,1
1764426591314,487,324,1
1764426591314,488,321,1
1764426591330,489,317,1
1764426591330,490,313,1
1764426591345,490,310,1
1764426591345,491,307,1
1764426591361,492,304,1
1764426591361,493,301,1
1764426591377,494,297,1
1764426591377,495,294,1
1764426591393,496,291,1
1764426591393,497,288,1
1764426591409,498,285,1
1764426591409,499,282,1
1764426591425,501,278,1
1764426591425,502,274,1
1764426591441,503,271,1
1764426591441,505,268,1
1764426591457,506,263,1
1764426591457,507,260,1
1764426591472,509,257,1
1764426591472,511,253,1
1764426591488,512,250,1
1764426591488,514,247,1
1764426591504,515,244,1
1764426591504,517,241,1
1764426591520,519,239,1
1764426591520,520,236,1
1764426591536,522,234,1
1764426591536,523,231,1
1764426591552,525,229,1
1764426591552,527,226,1
1764426591568,529,223,1
1764426591568,531,221,1
1764426591584,532,219,1
1764426591584,535,217,1
1764426591599,537,214,1
1764426591599,538,213,1
1764426591615,541,211,1
1764426591615,542,208,1
1764426591632,544,207,1
1764426591632,546,205,1
1764426591648,548,203,1
1764426591648,550,202,1
1764426591664,551,200,1
1764426591664,552,200,1
1764426591680,554,198,1
1764426591680,555,197,1
1764426591696,557,195,1
1764426591696,559,194,1
1764426591711,561,192,1
1764426591711,563,191,1
1764426591727,564,190,1
1764426591727,566,189,1
1764426591743,568,187,1
1764426591743,571,186,1
1764426591759,572,184,1
1764426591759,574,183,1
1764426591775,577,181,1
1764426591775,578,180,1
1764426591791,580,178,1
1764426591791,583,177,1
1764426591807,585,175,1
1764426591807,587,174,1
1764426591823,589,172,1
1764426591823,591,171,1
1764426591839,592,170,1
1764426591839,594,170,1
1764426591854,596,168,1
1764426591854,598,167,1
1764426591870,600,165,1
1764426591870,603,164,1
1764426591886,607,162,1
1764426591886,610,160,1
1764426591903,612,158,1
1764426591903,616,156,1
1764426591917,618,155,1
1764426591917,620,153,1
1764426591933,622,152,1
1764426591933,624,151,1
1764426591948,627,150,1
1764426591948,628,150,1
1764426591964,630,148,1
1764426591964,632,147,1
1764426591980,635,146,1
1764426591980,638,144,1
1764426591996,640,143,1
1764426592012,642,143,1
1764426592012,644,141,1
1764426592028,647,141,1
1764426592028,648,141,1
1764426592043,650,140,1
1764426592043,651,140,1
1764426592043,652,139,1
1764426592059,653,139,1
1764426592075,655,138,1
1764426592075,656,137,1
1764426592091,658,137,1
1764426592091,660,137,1
1764426592109,663,136,1
1764426592114,666,135,1
1764426592123,670,134,1
1764426592123,673,134,1
1764426592123,675,133,1
1764426592139,678,133,1
1764426592155,680,132,1
1764426592155,683,132,1
1764426592171,685,131,1
1764426592171,688,131,1
1764426592187,691,131,1
1764426592187,694,131,1
1764426592203,697,131,1
1764426592205,700,131,1
1764426592219,704,131,1
1764426592219,708,131,1
1764426592235,713,131,1
1764426592235,716,131,1
1764426592251,719,131,1
1764426592251,722,131,1
1764426592251,725,131,1
1764426592267,728,131,1
1764426592267,730,131,1
1764426592283,733,131,1
1764426592283,735,131,1
1764426592299,738,131,1
1764426592315,741,131,1
1764426592315,744,131,1
1764426592315,747,131,1
1764426592331,750,131,1
1764426592331,754,131,1
1764426592347,757,131,1
1764426592363,760,131,1
1764426592363,762,131,1
1764426592379,764,131,1
1764426592379,766,131,1
1764426592395,768,131,1
1764426592395,770,131,1
1764426592411,773,131,1
1764426592411,775,131,1
1764426592427,777,131,1
1764426592427,779,131,1
1764426592443,781,131,1
1764426592444,783,132,1
1764426592459,786,132,1
1764426592459,788,132,1
1764426592475,791,133,1
1764426592475,793,133,1
1764426592490,794,133,1
1764426592490,796,133,1
1764426592506,798,133,1
1764426592506,799,133,1
1764426592522,800,134,1
1764426592522,802,134,1
1764426592538,804,134,1
1764426592538,806,135,1
1764426592554,807,135,1
1764426592554,809,136,1
1764426592570,812,136,1
1764426592570,814,137,1
1764426592586,816,137,1
1764426592586,817,138,1
1764426592602,819,138,1
1764426592602,822,139,1
1764426592618,824,140,1
1764426592618,827,141,1
1764426592634,829,141,1
1764426592634,831,142,1
1764426592652,834,143,1
1764426592653,835,144,1
1764426592667,836,144,1
1764426592667,838,145,1
1764426592682,840,146,1
1764426592682,841,146,1
1764426592698,843,148,1
1764426592698,845,149,1
1764426592714,847,150,1
1764426592714,849,152,1
1764426592730,852,154,1
1764426592730,854,155,1
1764426592745,857,157,1
1764426592745,861,160,1
1764426592761,864,162,1
1764426592761,866,164,1
1764426592777,870,166,1
1764426592777,873,169,1
1764426592793,875,171,1
1764426592793,879,174,1
1764426592809,881,176,1
1764426592809,885,179,1
1764426592825,888,181,1
1764426592825,890,183,1
1764426592841,893,185,1
1764426592841,895,187,1
1764426592857,897,189,1
1764426592857,899,190,1
1764426592873,900,192,1
1764426592873,901,194,1
1764426592889,904,196,1
1764426592889,905,198,1
1764426592905,908,201,1
1764426592905,910,203,1
1764426592920,911,205,1
1764426592920,914,208,1
1764426592936,915,210,1
1764426592936,917,212,1
1764426592952,918,214,1
1764426592952,920,217,1
1764426592968,921,218,1
1764426592968,923,220,1
1764426592984,924,222,1
1764426592984,926,225,1
1764426593000,926,227,1
1764426593000,928,229,1
1764426593016,929,231,1
1764426593016,930,234,1
1764426593032,932,237,1
1764426593032,933,240,1
1764426593048,934,243,1
1764426593048,936,245,1
1764426593067,936,248,1
1764426593067,937,250,1
1764426593080,939,253,1
1764426593080,939,255,1
1764426593095,940,257,1
1764426593095,941,260,1
1764426593111,942,262,1
1764426593111,942,263,1
1764426593127,943,265,1
1764426593127,944,268,1
1764426593143,944,270,1
1764426593143,945,272,1
1764426593159,946,274,1
1764426593159,947,277,1
1764426593175,947,280,1
1764426593175,948,283,1
1764426593191,949,286,1
1764426593191,950,289,1
1764426593206,950,292,1
1764426593206,950,294,1
1764426593223,951,296,1
1764426593223,951,298,1
1764426593238,951,300,1
1764426593238,952,303,1
1764426593254,952,305,1
1764426593254,952,307,1
1764426593272,952,310,1
1764426593272,952,312,1
1764426593286,952,314,1
1764426593286,952,316,1
1764426593302,952,318,1
1764426593302,952,320,1
1764426593318,952,323,1
1764426593318,952,325,1
1764426593334,952,328,1
1764426593334,952,330,1
1764426593349,952,332,1
1764426593349,952,334,1
1764426593365,952,336,1
1764426593365,952,339,1
1764426593381,952,341,1
1764426593381,952,344,1
1764426593397,952,346,1
1764426593397,952,349,1
1764426593413,952,351,1
1764426593428,952,354,1
1764426593428,952,357,1
1764426593445,952,360,1
1764426593445,952,362,1
1764426593461,952,365,1
1764426593461,952,368,1
1764426593461,952,370,1
1764426593482,952,373,1
1764426593485,952,375,1
1764426593492,952,377,1
1764426593492,952,380,1
1764426593508,952,382,1
1764426593508,952,385,1
1764426593524,951,387,1
1764426593524,951,390,1
1764426593540,951,392,1
1764426593556,951,394,1
1764426593563,950,396,1
1764426593571,950,399,1
1764426593571,950,401,1
1764426593571,950,404,1
1764426593587,950,407,1
1764426593587,949,410,1
1764426593603,949,412,1
1764426593619,948,415,1
1764426593619,947,418,1
1764426593635,947,421,1
1764426593635,946,424,1
1764426593651,945,427,1
1764426593651,944,431,1
1764426593651,943,435,1
1764426593667,942,439,1
1764426593667,942,443,1
1764426593683,940,448,1
1764426593683,939,455,1
1764426593699,939,460,1
1764426593699,937,466,1
1764426593715,935,472,1
1764426593731,933,477,1
1764426593731,932,483,1
1764426593731,930,489,1
1764426593747,928,494,1
1764426593747,925,502,1
1764426593763,923,507,1
1764426593763,920,513,1
1764426593779,917,519,1
1764426593779,915,525,1
1764426593795,912,530,1
1764426593811,910,534,1
1764426593811,907,539,1
1764426593827,904,544,1
1764426593827,901,548,1
1764426593843,900,552,1
1764426593843,897,555,1
1764426593859,895,559,1
1764426593859,893,563,1
1764426593874,890,567,1
1764426593874,888,570,1
1764426593891,885,573,1
1764426593891,882,577,1
1764426593906,881,579,1
1764426593906,879,581,1
1764426593922,877,584,1
1764426593922,875,586,1
1764426593938,872,588,1
1764426593938,870,591,1
1764426593954,868,593,1
1764426593954,866,595,1
1764426593970,862,598,1
1764426593970,859,600,1
1764426593986,855,602,1
1764426593986,852,605,1
1764426594002,849,606,1
1764426594002,844,608,1
1764426594018,839,610,1
1764426594018,835,612,1
1764426594034,831,613,1
1764426594034,826,615,1
1764426594050,822,615,1
1764426594050,816,616,1
1764426594065,812,617,1
1764426594065,806,618,1
1764426594081,801,619,1
1764426594081,794,620,1
1764426594097,788,620,1
1764426594097,781,621,1
1764426594113,776,622,1
1764426594113,770,622,1
1764426594129,765,623,1
1764426594129,759,623,1
1764426594145,755,623,1
1764426594145,751,624,1
1764426594161,745,624,1
1764426594161,741,624,1
1764426594176,737,625,1
1764426594176,734,625,1
1764426594192,730,625,1
1764426594192,727,625,1
1764426594208,724,625,1
1764426594208,721,625,1
1764426594224,718,625,1
1764426594224,715,625,1
1764426594240,711,625,1
1764426594240,708,626,1
1764426594256,704,626,1
1764426594256,700,626,1
1764426594272,696,626,1
1764426594272,693,626,1
1764426594287,690,626,1
1764426594287,686,626,1
1764426594303,683,626,1
1764426594303,680,626,1
1764426594319,677,626,1
1764426594319,674,626,1
1764426594335,671,625,1
1764426594335,666,625,1
1764426594351,663,625,1
1764426594351,660,624,1
1764426594367,657,624,1
1764426594367,654,623,1
1764426594383,652,622,1
1764426594383,649,622,1
1764426594399,647,622,1
1764426594399,645,621,1
1764426594415,643,620,1
1764426594415,642,620,1
1764426594431,640,619,1
1764426594431,638,619,1
1764426594446,636,617,1
1764426594446,634,616,1
1764426594462,631,614,1
1764426594462,627,612,1
1764426594478,624,611,1
1764426594478,621,608,1
1764426594493,616,605,1
1764426594493,612,602,1
1764426594509,609,599,1
1764426594509,605,597,1
1764426594525,601,593,1
1764426594525,597,590,1
1764426594541,595,588,1
1764426594541,592,585,1
1764426594557,590,582,1
1764426594557,587,579,1
1764426594573,584,575,1
1764426594573,581,573,1
1764426594589,578,569,1
1764426594589,573,564,1
1764426594605,569,560,1
1764426594605,566,557,1
1764426594621,562,553,1
1764426594621,558,550,1
1764426594638,556,546,1
1764426594638,553,543,1
1764426594652,551,539,1
1764426594668,548,537,1
1764426594668,546,535,1
1764426594668,544,532,1
1764426594683,543,530,1
1764426594683,541,528,1
1764426594699,540,526,1
1764426594699,538,523,1
1764426594715,537,521,1
1764426594731,534,518,1
1764426594731,533,515,1
1764426594747,530,511,1
1764426594747,528,507,1
1764426594763,526,502,1
1764426594763,524,499,1
1764426594779,522,495,1
1764426594779,521,492,1
1764426594795,519,490,1
1764426594795,518,487,1
1764426594811,516,483,1
1764426594811,514,480,1
1764426594826,514,478,1
1764426594826,512,475,1
1764426594843,510,471,1
1764426594846,509,467,1
1764426594858,508,462,1
1764426594858,507,459,1
1764426594874,505,455,1
1764426594874,504,450,1
1764426594890,502,446,1
1764426594890,501,442,1
1764426594906,501,439,1
1764426594906,501,434,1
1764426594922,500,430,1
1764426594922,500,426,1
1764426594938,499,422,1
1764426594938,499,416,1
1764426594954,499,411,1
1764426594954,499,407,1
1764426594970,499,403,1
1764426594970,499,397,1
1764426594986,499,392,1
1764426594986,499,386,1
1764426595002,499,380,1
1764426595002,499,373,1
1764426595018,500,367,0
1764426595018,501,362,0
1764426595034,502,356,0
1764426595034,502,351,0
1764426595050,503,345,0
1764426595050,504,339,0
1764426595065,505,334,0
1764426595065,505,329,0
1764426595081,506,325,0
1764426595081,507,321,0
1764426595097,508,316,0
1764426595097,509,312,0
1764426595113,510,308,0
1764426595113,510,305,0
1764426595128,511,300,0
1764426595128,512,297,0
1764426595144,513,293,0
1764426595144,514,289,0
1764426595160,515,285,0
1764426595160,515,282,1
1764426595176,517,278,1
1764426595176,518,273,1
0,0,0,0
1764426595192,520,269,1
1764426595192,521,265,1
1764426595208,523,260,1
1764426595215,524,256,1
1764426595224,525,252,1
1764426595224,527,249,1
1764426595240,528,246,1
1764426595240,529,243,1
1764426595256,531,238,1
1764426595256,533,235,1
1764426595272,534,232,1
1764426595272,536,228,1
1764426595287,538,225,1
1764426595287,539,222,1
1764426595303,541,218,1
1764426595303,543,215,1
1764426595319,544,212,1
1764426595319,546,210,1
1764426595336,547,207,1
1764426595336,549,205,1
1764426595351,551,203,1
1764426595351,553,201,1
1764426595367,555,197,1
1764426595367,558,194,1
1764426595384,560,192,1
1764426595384,563,188,1
1764426595400,565,186,1
1764426595400,567,183,1
1764426595416,569,181,1
1764426595416,572,180,1
1764426595431,574,177,1
1764426595431,576,176,1
1764426595447,578,174,1
1764426595447,581,173,1
1764426595463,583,171,1
1764426595463,585,170,1
1764426595479,588,168,1
1764426595479,592,166,1
1764426595495,594,164,1
1764426595495,597,163,1
1764426595511,601,161,1
1764426595511,603,159,1
1764426595527,606,158,1
1764426595527,608,156,1
1764426595546,610,156,1
1764426595546,613,155,1
1764426595558,616,153,1
1764426595558,618,152,1
1764426595574,620,151,1
1764426595574,623,150,1
1764426595590,626,149,1
1764426595590,629,148,1
1764426595605,632,146,1
1764426595605,636,146,1
1764426595621,641,144,1
1764426595621,645,143,1
1764426595637,650,141,1
1764426595637,654,140,1
1764426595653,660,138,1
1764426595653,665,137,1
1764426595669,670,136,1
1764426595669,674,136,1
1764426595685,678,135,1
1764426595685,682,135,1
1764426595701,686,134,1
1764426595701,689,134,1
1764426595716,693,133,1
1764426595732,697,132,1
1764426595732,701,131,1
1764426595748,705,131,1
1764426595750,710,130,1
1764426595764,715,130,1
1764426595764,720,130,1
1764426595780,724,130,1
1764426595780,728,130,1
1764426595796,732,130,1
1764426595796,737,130,1
1764426595812,741,130,1
1764426595812,746,130,1
1764426595828,750,130,1
1764426595828,754,130,1
1764426595844,759,130,1
1764426595844,763,130,1
1764426595860,768,130,1
1764426595860,772,130,1
1764426595860,776,130,1
1764426595876,780,130,1
1764426595876,784,130,1
1764426595892,787,130,1
1764426595908,790,130,1
1764426595908,793,130,1
1764426595923,797,131,1
1764426595931,800,132,1
1764426595940,803,133,1
1764426595948,806,133,1
1764426595954,809,134,1
1764426595961,812,135,1
1764426595965,815,136,1
1764426595971,818,137,1
1764426595971,821,139,1
1764426595989,826,140,1
1764426596003,829,142,1
1764426596003,834,143,1
1764426596003,839,146,1
1764426596019,845,150,1
1764426596036,853,154,1
1764426596036,860,160,1
1764426596051,869,165,1
1764426596051,877,172,1
1764426596051,886,178,1
1764426596067,895,185,1
1764426596083,905,192,1
1764426596083,913,200,1
1764426596099,923,207,1
1764426596099,932,213,1
1764426596099,941,221,1
1764426596115,950,228,1
1764426596131,958,236,1
1764426596131,967,243,0
1764426596147,976,249,0
1764426596147,984,257,0
1764426596163,993,264,0
1764426596163,1001,271,0
1764426596179,1008,277,0
1764426596179,1015,282,0
1764426596196,1021,288,0
1764426596196,1028,293,0
1764426596211,1034,298,0
1764426596211,1040,303,0
1764426596227,1045,307,0
1764426596227,1051,312,0
1764426596242,1057,317,0
1764426596242,1063,322,0
1764426596258,1069,327,0
1764426596258,1075,332,0
1764426596274,1081,337,0
1764426596274,1088,342,0
1764426596290,1094,347,0
1764426596290,1099,352,0
1764426596307,1103,357,0
1764426596307,1108,362,0
1764426596323,1113,367,0
1764426596323,1117,372,0
1764426596338,1121,377,0
1764426596338,1125,382,0
1764426596355,1128,386,0
1764426596355,1130,391,0
1764426596371,1133,394,0
1764426596371,1136,399,0
1764426596386,1139,404,0
1764426596386,1142,410,0
1764426596402,1145,416,0
1764426596402,1149,423,0
1764426596418,1153,430,0
1764426596418,1156,437,0
1764426596434,1160,444,0
1764426596434,1163,452,0
1764426596450,1166,459,0
1764426596450,1169,465,0
1764426596466,1172,472,0
1764426596466,1175,479,0
1764426596482,1178,487,0
1764426596482,1183,495,0
1764426596498,1185,500,0
1764426596503,1189,508,0
1764426596514,1193,515,0
1764426596514,1196,522,0
1764426596530,1199,529,0
1764426596530,1203,535,0
1764426596546,1209,548,0
1764426596562,1212,555,0
1764426596566,1216,563,0
1764426596578,1220,570,0
1764426596578,1224,577,0
1764426596594,1229,583,0
1764426596594,1235,589,0
1764426596610,1240,595,0
1764426596610,1245,602,0
1764426596626,1250,608,0
1764426596626,1255,614,0
1764426596642,1260,620,0
1764426596642,1265,626,0
1764426596657,1270,631,0
1764426596657,1275,636,0
1764426596673,1281,642,0
1764426596673,1285,647,0
1764426596689,1291,652,0
1764426596689,1297,657,0
1764426596706,1303,662,0
1764426596706,1308,666,0
1764426596721,1313,670,0
1764426596721,1318,674,0
1764426596737,1321,677,0
1764426596737,1326,681,0
1764426596756,1329,684,0
1764426596756,1332,687,0
1764426596769,1335,691,0
1764426596769,1337,693,0
1764426596785,1339,695,0
1764426596785,1341,697,0
1764426596801,1342,698,0
1764426596801,1344,700,0
1764426596817,1346,701,0
1764426596817,1349,704,0
1764426596834,1353,706,0
1764426596834,1357,709,0
1764426596850,1363,713,0
1764426596859,1370,718,0
1764426596865,1377,723,0
1764426596865,1383,727,0
1764426596881,1390,733,0
1764426596881,1396,737,0
1764426596898,1402,741,0
1764426596898,1407,743,0
1764426596914,1412,746,0
1764426596914,1415,749,0
1764426596930,1419,751,0
1764426597171,1438,751,0
1764426597186,1438,748,0
1764426597186,1438,745,0
1764426597202,1438,741,0
1764426597202,1438,737,0
1764426597218,1436,732,0
1764426597218,1434,727,0
1764426597234,1432,722,0
1764426597236,1432,718,0
1764426597250,1430,714,0
1764426597250,1429,711,0
1764426597266,1429,708,0
1764426597266,1428,706,0
1764426597282,1428,705,0
1764426597282,1428,703,0
1764426597298,1427,702,0
1764426597314,1426,700,0
1764426597314,1426,699,0
1764426597330,1425,698,0
1764426597330,1424,697,0
1764426597346,1424,696,0
1764426597364,1423,695,0
1764426597674,1422,695,0
1764426597679,1422,696,0
1764426597684,1422,697,0
1764426597700,1421,698,0
1764426597716,1420,698,0
1764426597748,1420,699,0
1764426597780,1419,699,0
1764426597796,1419,700,0
1764426597812,1418,701,0
1764426597828,1418,702,0
1764426597844,1418,703,0
1764426597893,1418,704,0
1764426597909,1418,705,0
1764426597925,1418,706,0
1764426597941,1418,707,0
1764426597957,1418,708,0
1764426597973,1418,709,0
1764426597989,1418,710,0
1764426598021,1418,711,0
1764426604874,1418,713,0
1764426604874,1413,711,0
1764426604890,1409,710,0
1764426604890,1406,710,0
1764426604906,1404,710,0
1764426604906,1402,709,0
1764426612891,1400,709,0
1764426612907,1400,708,0
1764426612907,1399,707,0
1764426612923,1396,704,0
1764426612923,1390,699,0
1764426612938,1382,693,0
1764426612938,1374,687,0
1764426612954,1365,683,0
1764426612954,1357,680,0
1764426612970,1350,678,0
1764426612972,1345,676,0
1764426612986,1343,675,0
1764426613519,1344,675,0
1764426613535,1345,676,0
1764426613535,1346,677,0
1764426613550,1347,677,0
1764426613550,1348,677,0
1764426613566,1349,678,0
1764426613566,1350,678,0
1764426613582,1352,679,0
1764426613582,1353,679,0
1764426613598,1354,679,0
1764426613598,1355,680,0
1764426613614,1356,680,0
1764426613614,1357,680,0
1764426613630,1358,681,0
1764426613646,1360,681,0
1764426613677,1361,681,0
1764426613694,1361,682,0
1764426613711,1362,682,0
1764426613741,1363,683,0
1764426613805,1364,683,0
1764426613821,1365,683,0
1764426613837,1365,684,0
1764426613854,1366,684,0
1764426613869,1368,684,0
1764426613885,1368,685,0
1764426613885,1370,686,0
1764426613923,1371,687,0
1764426615529,1371,688,0
1764426615545,1370,688,0
1764426615561,1368,688,0
1764426615561,1365,688,0
1764426615577,1361,688,0
1764426615577,1356,688,0
1764426615593,1349,688,0
1764426615593,1343,688,0
1764426615609,1335,688,0
1764426615609,1325,688,0
1764426615625,1317,687,0
1764426615625,1308,684,0
1764426615640,1298,683,0
1764426615640,1287,681,0
1764426615656,1278,680,0
1764426615656,1268,678,0
1764426615672,1259,677,0
1764426615672,1249,675,0
1764426615689,1240,673,0
1764426615689,1230,671,0
1764426615705,1219,670,0
1764426615705,1210,667,0
1764426615721,1200,665,0
1764426615721,1191,664,0
1764426615737,1181,663,0
1764426615737,1171,662,0
1764426615753,1160,660,0
1764426615753,1149,659,0
1764426615769,1138,658,0
1764426615769,1126,657,0
1764426615784,1114,654,0
1764426615784,1101,653,0
1764426615800,1087,651,0
1764426615800,1074,649,0
1764426615816,1061,647,0
1764426615816,1046,644,0
1764426615832,1032,642,0
1764426615832,1019,640,0
1764426615848,1005,638,0
1764426615848,993,635,0
1764426615863,981,633,0
1764426615863,969,631,0
1764426615879,957,628,0
1764426615879,945,626,0
1764426615895,933,623,0
1764426615895,920,621,0
1764426615911,907,619,0
1764426615911,895,617,0
1764426615927,885,615,0
1764426615927,876,612,0
1764426615943,865,610,0
1764426615943,854,608,0
1764426615959,844,606,1
1764426615959,835,604,1
1764426615975,825,602,1
1764426615975,817,600,1
1764426615991,809,598,1
1764426615991,802,596,1
1764426616007,795,594,1
1764426616007,788,593,1
1764426616023,781,591,1
1764426616023,777,590,1
1764426616038,772,588,1
1764426616038,768,587,0
1764426616054,763,586,0
1764426616054,759,585,0
1764426616070,756,585,0
1764426616070,752,584,0
1764426616086,749,584,0
1764426616086,745,583,0
1764426616102,742,582,0
1764426616102,739,581,0
1764426616118,736,581,0
1764426616118,732,580,0
1764426616134,729,580,0
1764426616134,726,580,0
1764426616150,723,579,0
1764426616150,721,579,0
1764426616166,718,579,0
1764426616166,716,579,0
1764426616182,713,578,0
1764426616182,711,578,0
1764426616197,708,578,0
1764426616197,705,578,0
1764426616213,703,577,0
1764426616213,701,577,0
1764426616229,699,577,0
1764426616229,697,577,0
1764426616245,694,577,0
1764426616245,691,577,0
1764426616261,688,577,0
1764426616261,686,577,0
1764426616277,683,577,0
1764426616277,680,577,0
1764426616293,677,577,0
1764426616293,674,577,0
1764426616308,671,577,0
1764426616308,669,577,0
1764426616324,666,577,0
1764426616324,664,577,0
1764426616340,661,577,0
1764426616340,659,577,0
1764426616356,656,577,0
1764426616356,653,577,0
1764426616372,650,577,0
1764426616372,647,577,0
1764426616388,643,577,0
1764426616388,639,577,1
1764426616404,636,577,1
1764426616404,632,577,1
1764426616420,629,577,1
1764426616420,626,577,1
1764426616437,623,577,1
1764426616437,620,577,1
1764426616452,617,577,1
1764426616452,615,577,1
1764426616468,612,577,1
1764426616468,610,577,1
1764426616484,608,577,1
1764426616484,606,577,1
1764426616499,603,577,1
1764426616499,602,577,1
1764426616515,601,577,1
1764426616531,600,577,1
1764426616531,598,576,1
1764426616531,597,576,1
1764426616547,596,575,1
1764426616547,593,575,1
1764426616563,592,574,1
1764426616563,591,574,1
1764426616579,589,572,1
1764426616595,588,572,1
1764426616595,586,571,1
1764426616595,584,570,1
1764426616611,583,568,1
1764426616627,582,567,1
1764426616627,580,567,1
1764426616627,579,565,1
1764426616647,577,564,1
1764426616659,575,562,1
1764426616659,573,560,1
1764426616674,571,559,1
1764426616674,569,556,1
1764426616674,567,554,1
1764426616690,565,552,1
1764426616706,562,548,1
1764426616706,559,545,1
1764426616722,557,543,1
1764426616722,554,539,1
1764426616738,552,536,1
1764426616738,549,532,1
1764426616754,547,529,1
1764426616754,544,526,1
1764426616770,542,523,1
1764426616770,540,521,1
1764426616786,539,518,1
1764426616786,536,515,1
1764426616802,535,513,1
1764426616802,532,510,1
1764426616818,531,507,1
1764426616818,529,505,1
1764426616834,527,502,1
1764426616834,525,500,1
1764426616850,524,497,1
1764426616850,522,495,1
1764426616865,521,493,1
1764426616865,519,491,1
1764426616881,518,488,1
1764426616881,516,486,1
1764426616897,516,485,1
1764426616897,514,482,1
1764426616913,513,480,1
1764426616913,511,478,1
1764426616929,510,476,1
1764426616929,509,474,1
1764426616945,507,471,1
1764426616945,507,469,1
1764426616961,505,467,1
1764426616961,504,465,1
1764426616977,503,462,1
1764426616977,501,460,1
1764426616993,501,457,1
1764426616993,500,455,1
1764426617009,498,452,1
1764426617009,497,448,1
1764426617025,495,445,1
1764426617025,494,442,1
1764426617041,493,439,1
1764426617041,491,435,1
1764426617057,489,432,1
1764426617057,488,428,1
1764426617073,486,425,1
1764426617073,485,422,1
1764426617089,484,419,1
1764426617089,483,416,1
1764426617105,482,414,1
1764426617105,481,410,1
1764426617121,479,407,1
1764426617121,479,404,1
1764426617137,477,401,1
1764426617137,477,398,1
1764426617153,475,393,1
1764426617153,474,389,1
1764426617169,472,385,1
1764426617169,470,381,1
1764426617185,470,377,1
1764426617185,469,374,1
1764426617201,467,369,1
1764426617201,466,366,1
1764426617216,465,362,1
1764426617216,465,359,1
1764426617232,464,356,1
1764426617232,464,353,1
1764426617248,463,349,1
1764426617248,462,345,1
1764426617263,462,342,1
1764426617263,462,340,1
1764426617279,462,337,1
1764426617279,461,333,1
1764426617295,461,330,1
1764426617295,461,328,1
1764426617311,461,325,1
1764426617311,461,323,1
1764426617327,461,321,1
1764426617327,461,319,1
1764426617342,461,317,1
1764426617342,461,315,1
1764426617358,461,313,1
1764426617358,461,310,1
1764426617374,461,308,1
1764426617374,461,307,1
1764426617390,461,306,1
1764426617390,461,304,1
1764426617406,461,303,1
1764426617406,461,301,1
1764426617422,461,300,1
1764426617422,461,298,0
1764426617438,461,296,0
1764426617438,461,295,0
1764426617454,461,294,0
1764426617454,461,292,0
1764426617470,461,291,0
1764426617470,462,290,0
1764426617486,462,289,0
1764426617486,463,287,0
1764426617504,463,286,0
1764426617504,463,285,0
1764426617518,463,283,0
1764426617518,464,281,0
1764426617534,465,280,0
1764426617534,465,278,0
1764426617550,466,276,0
1764426617550,466,274,0
1764426617566,467,273,0
1764426617566,468,271,0
1764426617581,468,269,0
1764426617581,470,267,0
1764426617597,471,265,0
1764426617597,473,263,0
1764426617613,474,261,0
1764426617613,476,259,1
1764426617628,477,257,1
1764426617628,479,256,1
1764426617644,482,253,1
1764426617644,484,251,1
1764426617660,486,250,1
1764426617660,489,247,1
1764426617676,492,246,1
1764426617676,495,243,1
1764426617692,499,240,1
1764426617692,501,239,1
1764426617714,503,237,1
1764426617714,506,235,1
1764426617724,508,234,1
1764426617724,510,232,1
1764426617740,512,230,1
1764426617740,515,228,1
1764426617756,517,227,1
1764426617756,519,225,1
1764426617772,521,223,1
1764426617772,524,222,1
1764426617788,526,219,1
1764426617788,528,218,1
1764426617805,530,216,1
1764426617805,531,215,1
1764426617820,532,214,1
1764426617820,534,213,1
1764426617835,535,212,1
1764426617835,536,212,1
1764426617851,536,211,1
1764426617851,538,210,1
1764426617867,539,209,1
1764426617883,540,208,1
1764426617883,541,207,1
1764426617898,542,207,1
1764426617898,544,205,1
1764426617914,545,204,1
1764426617914,546,204,1
1764426617930,548,202,1
1764426617930,549,201,1
1764426617946,551,199,1
1764426617946,553,199,1
1764426617962,555,197,1
1764426617962,557,196,1
1764426617978,560,194,1
1764426617978,562,193,1
1764426617994,565,191,1
1764426617994,568,189,1
1764426618010,571,188,1
1764426618017,574,186,1
1764426618026,577,185,1
1764426618026,579,183,1
1764426618042,582,182,1
1764426618042,585,180,1
1764426618058,587,179,1
1764426618058,590,177,1
1764426618074,592,176,1
1764426618074,596,174,1
1764426618090,599,172,1
1764426618090,602,171,1
1764426618106,605,169,1
1764426618106,609,166,1
1764426618122,612,165,1
1764426618122,616,163,1
1764426618137,619,161,1
1764426618137,621,160,1
1764426618153,624,158,1
1764426618153,628,157,1
1764426618169,630,155,1
1764426618169,632,154,1
1764426618185,635,152,1
1764426618185,638,151,1
1764426618201,641,150,1
1764426618201,644,148,1
1764426618217,647,147,1
1764426618217,650,145,1
1764426618232,654,143,1
1764426618232,657,142,1
1764426618249,662,140,1
1764426618249,666,138,1
1764426618265,669,136,1
1764426618265,674,135,1
1764426618280,677,133,1
1764426618280,681,131,1
1764426618296,684,130,1
1764426618296,687,129,1
1764426618312,690,127,1
1764426618312,694,126,1
1764426618328,697,124,1
1764426618328,700,123,1
1764426618344,702,122,1
1764426618344,704,122,1
1764426618360,706,121,1
1764426618360,709,120,1
1764426618375,712,119,1
1764426618375,714,119,1
1764426618392,716,119,1
1764426618392,718,118,1
1764426618408,720,117,1
1764426618408,723,116,1
1764426618424,725,116,1
1764426618424,727,116,1
1764426618440,729,116,1
1764426618440,730,116,1
1764426618456,732,116,1
1764426618456,733,116,1
1764426618472,734,116,1
1764426618488,735,116,1
1764426618504,736,116,1
1764426618520,737,116,1
1764426618520,738,116,1
1764426618536,739,116,1
1764426618536,741,116,1
1764426618552,743,116,1
1764426618552,745,116,1
1764426618567,747,116,1
1764426618567,750,117,1
1764426618583,753,117,1
1764426618583,755,118,1
1764426618599,759,119,1
1764426618599,762,120,1
1764426618615,765,120,1
1764426618615,767,121,1
1764426618631,769,122,1
1764426618631,771,123,1
1764426618646,774,123,1
1764426618646,778,125,1
1764426618662,781,126,1
1764426618662,783,126,1
1764426618678,786,128,1
1764426618678,789,130,1
1764426618694,793,130,1
1764426618694,796,132,1
1764426618710,800,134,1
1764426618710,805,136,1
1764426618726,808,137,1
1764426618726,811,138,1
1764426618742,815,140,1
1764426618742,818,141,1
1764426618758,820,142,1
1764426618758,822,143,1
1764426618774,824,144,1
1764426618774,827,145,1
1764426618790,829,146,1
1764426618790,831,147,1
1764426618806,833,147,1
1764426618806,836,149,1
1764426618821,837,150,1
1764426618821,839,151,1
1764426618842,841,152,1
1764426618846,844,153,1
1764426618853,846,154,1
1764426618853,848,155,1
1764426618873,850,156,1
1764426618875,852,157,1
1764426618884,854,158,1
1764426618884,855,160,1
1764426618900,857,161,1
1764426618900,859,162,1
1764426618916,861,163,1
1764426618916,863,164,1
1764426618932,864,166,1
1764426618932,865,167,1
1764426618948,868,168,1
1764426618964,870,170,1
1764426618964,872,171,1
1764426618964,874,173,1
1764426618981,876,174,1
1764426618981,877,176,1
1764426618997,879,177,1
1764426618997,881,180,1
1764426619013,883,182,1
1764426619013,886,184,1
1764426619029,888,186,1
1764426619029,889,189,1
1764426619044,892,191,1
1764426619044,894,193,1
1764426619065,896,196,1
1764426619065,898,198,1
1764426619076,900,200,1
1764426619076,903,204,1
1764426619092,905,207,1
1764426619092,907,209,1
1764426619108,908,211,1
1764426619108,910,213,1
1764426619124,911,214,1
1764426619124,913,216,1
1764426619140,914,218,1
1764426619140,916,220,1
1764426619156,917,223,1
1764426619172,918,224,1
1764426619173,919,226,1
1764426619173,921,229,1
1764426619188,922,231,1
1764426619188,924,233,1
1764426619203,925,235,1
1764426619203,927,237,1
1764426619219,928,240,1
1764426619219,929,242,1
1764426619235,930,244,1
1764426619235,931,247,1
1764426619251,932,250,1
1764426619251,933,253,1
1764426619267,934,256,1
1764426619282,935,258,1
1764426619282,936,261,1
1764426619298,938,264,1
1764426619298,938,269,1
1764426619314,940,272,1
1764426619314,941,276,1
1764426619330,942,279,1
1764426619330,943,284,1
1764426619330,943,288,1
1764426619346,944,294,1
1764426619362,945,299,1
1764426619362,946,305,1
1764426619380,947,311,1
1764426619380,948,316,1
1764426619394,949,322,1
1764426619394,949,327,1
1764426619410,950,334,1
1764426619410,950,340,1
1764426619410,950,345,1
1764426619426,951,352,1
1764426619426,951,357,1
1764426619442,951,363,1
1764426619442,952,367,1
1764426619459,952,372,1
1764426619475,953,377,1
1764426619475,953,381,1
1764426619491,953,385,1
1764426619491,953,389,1
1764426619507,953,393,1
1764426619507,953,397,1
1764426619523,953,400,1
1764426619523,953,404,1
1764426619523,953,407,1
1764426619539,953,410,1
1764426619539,953,413,1
1764426619555,953,416,1
1764426619555,953,420,1
1764426619571,953,423,1
1764426619571,953,426,1
1764426619587,953,429,1
1764426619587,953,433,1
1764426619603,953,436,1
1764426619603,953,439,1
1764426619618,953,442,1
1764426619634,952,445,1
1764426619634,951,448,1
1764426619634,950,452,1
1764426619650,949,455,1
1764426619666,948,457,1
1764426619666,947,459,1
1764426619682,947,461,1
1764426619682,945,464,1
1764426619698,944,466,1
1764426619698,942,468,1
1764426619714,941,470,1
1764426619714,938,473,1
1764426619729,936,474,1
1764426619729,934,477,1
1764426619745,929,479,1
1764426619745,922,486,1
1764426619761,913,496,1
1764426619761,906,503,1
1764426619778,894,513,1
1764426619794,888,517,0
1764426619794,883,521,0
1764426619809,878,525,0
1764426619809,874,528,0
1764426619825,870,531,0
1764426619825,868,532,0
1764426619841,865,534,0
1764426619841,861,536,0
1764426619857,858,539,0
1764426619857,855,540,0
1764426619874,851,542,0
1764426619874,849,544,0
1764426619890,845,546,0
1764426619890,842,548,0
1764426619906,839,549,0
1764426619906,837,551,0
1764426619922,836,552,0
1764426619922,834,552,0
1764426619938,834,553,0
1764426619938,833,553,0
1764426619954,832,554,0
1764426619970,831,554,0
1764426619986,830,555,0
1764426620002,830,556,0
1764426620002,829,556,0
1764426620017,828,556,0
1764426620034,827,557,0
1764426620034,826,557,0
1764426620049,825,558,0
1764426620049,824,559,0
1764426620065,822,559,0
1764426620065,822,560,0
1764426620081,822,561,0
1764426620081,820,561,0
1764426620097,819,563,0
1764426620097,816,565,0
1764426620113,808,569,0
1764426620113,797,574,0
1764426620129,783,580,0
1764426620129,767,585,0
1764426620145,749,591,1
1764426620145,738,598,1
1764426620161,732,602,1
1764426620710,730,603,1
1764426620710,730,604,1
1764426620746,731,603,1
1764426620751,732,603,1
1764426620758,733,602,1
1764426620758,733,601,1
1764426620774,735,600,1
1764426620774,735,598,1
1764426620790,735,594,1
1764426620790,734,588,0
1764426620806,734,585,0
1764426620806,733,585,0
1764426620950,732,585,0
1764426620950,731,585,0
1764426620966,729,585,0
1764426620966,728,586,0
1764426620981,727,587,0
1764426620981,725,588,0
1764426620997,724,590,0
1764426620997,722,591,0
1764426621013,720,593,1
1764426621013,718,594,1
1764426621029,715,597,1
1764426621029,711,599,1
1764426621045,706,603,1
1764426621045,703,606,1
1764426621061,698,609,1
1764426621061,693,612,1
1764426621076,690,615,1
1764426621076,686,617,1
1764426621092,683,619,1
1764426621092,680,621,1
1764426621108,675,624,1
1764426621108,671,625,1
1764426621123,666,627,1
1764426621123,663,629,1
1764426621139,660,630,1
1764426621139,656,631,0
1764426621155,652,633,0
1764426621155,649,634,0
1764426621171,646,635,0
1764426621171,643,635,0
1764426621187,641,635,0
1764426621187,638,635,0
1764426621203,637,635,0
1764426621203,635,635,0
1764426621219,633,635,0
1764426621235,631,635,0
1764426621235,627,633,0
1764426621235,624,630,0
1764426621251,621,628,0
1764426621266,617,624,0
1764426621266,613,621,0
1764426621282,611,617,0
1764426621282,607,614,0
1764426621298,603,610,1
1764426621298,599,604,1
1764426621314,596,599,1
1764426621314,591,592,1
1764426621314,586,584,1
1764426621330,582,580,1
1764426621330,578,574,1
1764426621346,575,569,1
1764426621362,572,564,1
1764426621362,569,559,1
1764426621378,566,554,1
1764426621378,564,549,1
1764426621394,561,544,1
1764426621394,559,540,1
1764426621410,557,536,1
1764426621410,554,533,1
1764426621426,553,530,1
1764426621426,551,527,1
1764426621442,550,525,1
1764426621442,549,523,1
1764426621458,549,521,1
1764426621458,548,519,1
1764426621474,547,517,1
1764426621474,546,516,1
1764426621490,545,514,1
1764426621490,545,513,1
1764426621505,544,512,1
1764426621505,544,511,1
1764426621521,543,510,1
1764426621521,542,508,1
1764426621537,541,505,1
1764426621537,539,503,1
1764426621553,537,500,1
1764426621553,536,497,1
1764426621568,534,493,1
1764426621568,532,489,1
1764426621584,531,486,1
1764426621584,529,481,1
1764426621600,528,477,0
1764426621600,527,474,0
1764426621616,525,469,0
1764426621616,524,465,0
1764426621632,522,459,0
1764426621632,521,452,0
1764426621648,519,446,0
1764426621648,517,440,0
1764426621664,515,433,0
1764426621664,513,426,0
1764426621680,511,419,0
1764426621680,509,412,0
1764426621696,508,405,0
1764426621696,506,398,0
1764426621712,505,392,0
1764426621712,504,386,0
1764426621728,503,380,0
1764426621728,503,376,0
1764426621744,502,372,0
1764426621744,501,368,0
1764426621760,500,362,0
1764426621760,499,358,1
1764426621776,499,353,1
1764426621776,499,349,1
1764426621792,499,345,1
1764426621792,499,342,1
1764426621807,499,338,1
1764426621807,499,335,1
1764426621823,499,332,1
1764426621823,499,328,1
1764426621839,499,324,1
1764426621839,499,320,1
1764426621855,499,316,1
1764426621855,499,312,1
1764426621870,499,307,1
1764426621870,499,303,1
1764426621888,499,299,1
1764426621888,499,295,1
1764426621902,499,291,1
1764426621902,499,287,1
1764426621918,499,284,1
1764426621918,499,280,1
1764426621933,499,276,1
1764426621933,500,271,1
1764426621950,501,267,1
1764426621950,502,261,1
1764426621966,503,257,1
1764426621966,504,253,1
1764426621982,506,247,1
1764426621982,508,241,1
1764426621997,509,237,1
1764426621997,510,231,1
1764426622013,512,226,1
1764426622013,514,222,1
1764426622030,516,217,1
1764426622030,519,213,1
1764426622046,521,208,1
1764426622046,524,205,1
1764426622061,527,200,1
1764426622061,530,195,1
1764426622078,533,192,1
1764426622078,538,187,1
1764426622101,542,183,1
1764426622101,547,179,1
1764426622109,551,176,1
1764426622109,556,173,1
1764426622125,561,170,1
1764426622125,565,167,1
1764426622140,569,163,1
1764426622140,574,161,1
1764426622156,578,158,1
1764426622156,583,155,1
1764426622172,588,152,1
1764426622188,592,150,1
1764426622188,598,147,1
1764426622188,603,145,1
1764426622204,607,143,1
1764426622204,612,141,1
1764426622220,618,139,1
1764426622220,623,137,1
1764426622235,628,135,1
1764426622235,634,133,1
1764426622251,639,131,1
1764426622267,645,130,1
1764426622267,651,128,1
1764426622283,657,127,1
1764426622283,662,126,1
1764426622283,669,125,1
1764426622299,675,124,1
1764426622299,680,123,1
1764426622315,687,123,1
1764426622331,693,122,1
1764426622331,698,122,1
1764426622347,702,122,1
1764426622347,706,122,1
1764426622362,710,122,1
1764426622362,715,122,1
1764426622362,719,122,1
1764426622378,723,122,1
1764426622394,727,122,1
1764426622394,731,122,1
1764426622410,735,122,1
1764426622410,741,122,1
1764426622426,746,122,1
1764426622426,750,123,1
1764426622442,755,123,1
1764426622442,759,124,1
1764426622458,763,125,1
1764426622458,769,126,1
1764426622474,773,126,1
1764426622474,778,127,1
1764426622490,781,129,1
1764426622490,784,130,1
1764426622506,787,131,1
1764426622507,792,132,1
1764426622522,795,133,1
1764426622522,798,135,1
1764426622537,801,135,1
1764426622537,804,137,1
1764426622553,807,138,1
1764426622553,811,139,1
1764426622569,814,141,1
1764426622569,817,143,1
1764426622585,820,144,1
1764426622585,823,145,1
1764426622601,826,148,1
1764426622601,828,149,1
1764426622617,831,151,1
1764426622617,834,153,1
1764426622633,837,155,1
1764426622633,840,158,1
1764426622649,844,161,1
1764426622649,846,163,1
1764426622665,850,166,1
1764426622665,853,169,1
1764426622680,857,172,1
1764426622680,859,174,1
1764426622696,861,176,1
1764426622696,864,178,1
1764426622714,866,180,1
1764426622720,868,183,1
1764426622728,871,185,1
1764426622728,873,187,1
1764426622744,877,191,1
1764426622744,879,193,1
1764426622761,881,195,1
1764426622761,884,198,1
1764426622777,885,200,1
1764426622777,887,202,1
1764426622794,889,205,1
1764426622794,890,207,1
1764426622808,893,209,1
1764426622808,894,211,1
1764426622824,897,215,1
1764426622824,898,217,1
1764426622840,900,219,1
1764426622840,902,221,1
1764426622856,904,225,1
1764426622856,906,227,1
1764426622872,908,230,1
1764426622872,911,234,1
1764426622888,913,237,1
1764426622888,916,241,1
1764426622903,918,244,1
1764426622903,919,247,1
1764426622919,922,251,1
1764426622919,924,254,1
1764426622935,925,257,1
1764426622935,927,260,1
1764426622951,929,263,1
1764426622951,931,265,1
1764426622969,932,268,1
1764426622969,934,271,1
1764426622983,935,274,1
1764426622983,937,277,1
1764426622999,939,280,1
1764426622999,940,284,1
1764426623015,942,286,1
1764426623015,943,289,1
1764426623031,944,292,1
1764426623031,945,294,1
1764426623047,947,298,1
1764426623047,947,301,1
1764426623062,949,304,1
1764426623062,950,307,1
1764426623078,951,311,1
1764426623078,951,314,1
1764426623094,953,318,1
1764426623094,954,321,1
1764426623110,955,324,1
1764426623110,955,328,1
1764426623126,956,331,1
1764426623126,957,336,1
1764426623142,958,340,1
1764426623142,959,344,1
1764426623158,960,349,1
1764426623158,961,353,1
1764426623175,961,357,1
1764426623175,961,361,1
1764426623190,962,367,1
1764426623190,962,371,1
1764426623206,962,375,1
1764426623206,963,380,1
1764426623222,963,384,1
1764426623222,963,388,1
1764426623237,963,391,1
1764426623237,964,395,1
1764426623255,964,398,1
1764426623255,964,401,1
1764426623269,964,405,1
1764426623269,964,408,1
1764426623285,964,412,1
1764426623285,964,416,1
1764426623301,964,420,1
1764426623301,964,424,1
1764426623316,964,428,1
1764426623316,964,433,1
1764426623332,964,436,1
1764426623332,964,440,1
1764426623348,964,443,1
1764426623348,964,446,1
1764426623364,964,449,1
1764426623364,964,452,1
1764426623380,964,454,1
1764426623380,964,456,1
1764426623396,964,458,1
1764426623396,963,460,1
1764426623411,963,462,1
1764426623411,962,465,1
1764426623427,961,467,1
1764426623427,960,469,1
1764426623443,959,471,1
1764426623443,958,473,1
1764426623462,957,477,1
1764426623475,955,479,1
1764426623475,954,482,1
1764426623491,952,484,1
1764426623491,951,486,1
1764426623491,950,490,1
1764426623506,948,492,1
1764426623506,947,494,1
1764426623522,944,497,1
1764426623522,943,500,1
1764426623539,940,502,1
1764426623539,938,504,1
1764426623554,937,507,1
1764426623570,934,509,1
1764426623572,933,511,1
1764426623572,931,513,1
1764426623586,927,516,1
1764426623602,925,518,1
1764426623602,922,521,1
1764426623618,920,523,1
1764426623618,917,526,1
1764426623634,913,528,1
1764426623634,911,530,1
1764426623650,909,532,1
1764426623650,906,533,1
1764426623666,904,535,1
1764426623666,902,536,1
1764426623681,900,538,1
1764426623681,897,539,1
1764426623697,895,541,1
1764426623697,893,542,1
1764426623714,891,544,1
1764426623714,888,545,1
1764426623730,886,546,1
1764426623730,884,548,1
1764426623745,882,548,1
1764426623745,880,550,1
1764426623762,877,551,1
1764426623762,875,552,1
1764426623777,873,554,1
1764426623777,870,554,1
1764426623793,868,556,1
1764426623793,865,557,1
1764426623809,863,557,1
1764426623809,860,559,1
1764426623826,858,560,1
1764426623826,855,560,1
1764426623842,852,562,1
1764426623842,849,563,1
1764426623858,847,564,1
1764426623858,844,565,1
1764426623874,842,566,1
1764426623874,839,567,1
1764426623889,836,568,1
1764426623889,834,569,1
1764426623905,831,569,1
1764426623905,828,570,1
1764426623921,826,571,1
1764426623921,823,572,1
1764426623937,821,572,1
1764426623937,818,573,1
1764426623953,815,574,1
1764426623953,811,575,1
1764426623968,809,576,1
1764426623968,806,576,0
1764426623984,804,577,1
1764426623984,801,578,1
1764426624000,798,579,0
1764426624000,796,579,0
1764426624016,793,579,0
1764426624016,790,580,0
1764426624032,787,581,0
1764426624032,785,581,0
1764426624047,782,582,0
1764426624047,780,582,0
1764426624064,777,582,0
1764426624064,774,583,0
1764426624080,771,583,0
1764426624080,769,584,0
1764426624096,767,584,0
1764426624096,764,584,0
1764426624112,760,585,0
1764426624112,758,585,0
1764426624128,755,585,0
1764426624128,753,585,0
1764426624144,750,585,0
1764426624144,748,586,0
1764426624160,746,586,0
1764426624160,744,586,0
1764426624176,742,586,0
1764426624176,739,586,0
1764426624192,736,587,0
1764426624192,734,587,0
1764426624207,731,587,0
1764426624207,728,587,0
1764426624223,725,587,0
1764426624223,722,587,0
1764426624239,720,587,0
1764426624239,717,587,0
1764426624255,714,587,0
1764426624255,711,587,0
1764426624273,709,587,0
1764426624277,706,587,0
1764426624287,703,587,0
1764426624287,701,587,0
1764426624303,698,587,0
1764426624303,696,587,0
1764426624319,693,587,0
1764426624319,690,587,0
1764426624335,687,587,0
1764426624335,684,587,0
1764426624351,681,587,0
1764426624351,679,587,0
1764426624367,677,587,0
1764426624367,674,587,1
1764426624383,672,586,0
1764426624383,670,586,1
1764426624399,668,585,0
1764426624399,666,585,1
1764426624415,664,585,1
1764426624415,661,584,1
1764426624431,659,584,1
1764426624431,656,582,1
1764426624447,654,582,1
1764426624447,651,581,1
1764426624463,647,579,1
1764426624463,644,578,1
1764426624480,641,576,0
1764426624480,638,574,0
1764426624496,634,573,0
1764426624496,631,571,0
1764426624512,627,568,0
1764426624512,624,567,0
1764426624527,622,565,0
1764426624527,619,563,0
1764426624543,615,561,0
1764426624543,613,560,0
1764426624559,611,557,0
1764426624559,609,556,0
1764426624575,606,554,0
1764426624575,604,552,0
1764426624591,601,550,0
1764426624591,597,548,0
1764426624607,594,545,0
1764426624607,592,544,0
1764426624624,589,541,0
1764426624624,587,540,0
1764426624639,585,538,0
1764426624639,582,537,0
1764426624655,581,535,0
1764426624655,579,534,0
1764426624670,577,533,0
1764426624670,576,531,0
1764426624686,574,530,0
1764426624686,572,528,0
1764426624702,570,527,0
1764426624702,568,525,0
1764426624718,566,524,0
1764426624718,564,521,0
1764426624734,563,520,0
1764426624734,560,519,0
1764426624750,559,517,0
1764426624750,557,516,0
1764426624766,554,513,0
1764426624766,553,512,0
1764426624781,552,511,0
1764426624781,549,509,0
1764426624797,548,508,1
1764426624797,547,506,0
1764426624813,545,505,1
1764426624813,543,503,1
1764426624833,541,502,1
1764426624833,540,500,1
1764426624844,539,499,1
1764426624844,536,497,1
1764426624860,535,494,1
1764426624860,533,492,1
1764426624876,532,491,1
1764426624876,530,489,1
1764426624892,529,486,1
1764426624892,527,484,1
1764426624908,526,482,1
1764426624908,524,480,1
1764426624924,523,476,1
1764426624924,521,473,1
1764426624939,519,470,1
1764426624939,518,466,1
1764426624955,517,463,1
1764426624955,515,460,1
1764426624971,515,458,1
1764426624971,514,456,1
1764426624986,513,453,1
1764426625002,512,451,1
1764426625002,512,448,1
1764426625018,511,445,1
1764426625018,509,442,1
1764426625034,509,439,1
1764426625034,508,436,1
1764426625050,507,431,1
1764426625050,505,427,1
1764426625066,504,424,1
1764426625066,504,421,1
1764426625082,503,416,1
1764426625082,502,413,1
1764426625098,502,409,1
1764426625098,501,406,1
1764426625114,501,402,1
1764426625114,501,398,1
1764426625130,501,394,0
1764426625130,501,391,0
1764426625146,501,387,0
1764426625146,501,382,0
1764426625162,501,379,0
1764426625162,501,377,0
1764426625177,501,373,0
1764426625177,501,368,0
1764426625193,501,364,0
1764426625193,501,360,0
1764426625209,502,357,0
1764426625209,502,353,0
1764426625225,502,350,0
1764426625225,503,346,0
1764426625241,504,341,0
1764426625241,504,338,0
1764426625257,504,335,0
1764426625257,505,332,0
1764426625273,506,329,0
1764426625273,506,326,0
1764426625289,507,323,0
1764426625289,507,320,0
1764426625304,508,317,0
1764426625304,509,314,0
1764426625320,510,310,0
1764426625320,511,306,0
1764426625336,511,303,0
1764426625336,512,300,0
1764426625352,513,297,0
1764426625352,514,294,0
1764426625368,514,291,0
1764426625368,515,287,0
1764426625384,517,282,0
1764426625384,519,279,0
1764426625400,520,275,0
1764426625400,521,270,1
1764426625415,523,266,1
1764426625415,525,261,1
1764426625431,527,258,1
1764426625431,528,255,1
1764426625447,529,250,1
1764426625447,531,247,1
1764426625463,533,243,1
1764426625463,534,240,1
1764426625479,536,237,1
1764426625479,538,234,1
1764426625495,540,230,1
1764426625495,542,227,1
1764426625511,544,223,1
1764426625511,547,220,1
1764426625527,549,218,1
1764426625527,552,215,1
1764426625543,553,213,1
1764426625543,556,210,1
1764426625559,558,207,1
1764426625559,560,205,1
1764426625575,562,204,1
1764426625575,564,201,1
1764426625591,566,200,1
1764426625591,568,198,1
1764426625607,570,197,1
1764426625607,572,195,1
1764426625623,574,193,1
1764426625623,577,192,1
1764426625639,579,190,1
1764426625639,581,189,1
1764426625655,583,187,1
1764426625655,587,185,1
1764426625670,589,181,1
1764426625670,593,180,1
1764426625686,596,177,1
1764426625686,599,175,1
1764426625702,604,173,1
1764426625702,607,172,1
1764426625718,611,170,1
1764426625718,615,168,1
1764426625734,618,167,1
1764426625734,622,165,1
1764426625749,625,163,1
1764426625749,629,162,1
1764426625765,633,160,1
1764426625765,636,158,1
1764426625781,641,157,1
1764426625781,645,155,1
1764426625797,648,154,1
1764426625797,651,152,1
1764426625813,656,151,1
1764426625813,660,150,1
1764426625828,665,149,1
1764426625828,669,148,1
1764426625844,673,147,1
1764426625844,678,146,1
1764426625860,682,145,1
1764426625860,686,144,1
1764426625876,692,143,1
1764426625876,698,143,1
1764426625891,703,143,1
1764426625891,708,143,1
1764426625907,714,142,1
1764426625923,719,142,1
1764426625923,726,142,1
1764426625923,730,142,1
1764426625939,734,142,1
1764426625939,739,142,1
1764426625955,743,142,1
1764426625971,747,142,1
1764426625971,750,142,1
1764426625989,754,142,1
1764426625989,758,142,1
1764426625989,761,142,1
1764426626003,765,142,1
1764426626003,768,142,1
1764426626019,772,142,1
1764426626019,775,142,1
1764426626035,779,143,1
1764426626035,784,144,1
1764426626051,787,145,1
1764426626067,791,146,1
1764426626067,794,147,1
1764426626083,797,147,1
1764426626083,802,148,1
1764426626083,805,149,1
1764426626099,808,151,1
1764426626099,811,152,1
1764426626114,814,153,1
1764426626130,818,155,1
1764426626130,821,156,1
1764426626146,824,158,1
1764426626146,828,160,1
1764426626162,830,160,1
1764426626162,832,162,1
1764426626162,835,163,1
1764426626178,839,166,1
1764426626178,841,168,1
1764426626202,844,170,1
1764426626210,848,173,1
1764426626210,851,175,1
1764426626226,856,178,1
1764426626226,861,182,1
1764426626242,865,185,1
1764426626242,870,188,1
1764426626258,874,191,1
1764426626258,877,194,1
1764426626273,881,196,1
1764426626273,884,199,1
1764426626289,886,201,1
1764426626293,889,204,1
1764426626307,891,206,1
1764426626308,893,207,1
1764426626321,896,210,1
1764426626321,898,212,1
1764426626337,900,214,1
1764426626337,902,217,1
1764426626353,905,219,1
1764426626353,908,223,1
1764426626369,911,226,1
1764426626369,915,230,1
1764426626385,917,232,1
1764426626385,919,234,1
1764426626400,922,237,1
1764426626400,924,240,1
1764426626416,926,242,1
1764426626416,928,245,1
1764426626432,931,248,1
1764426626432,933,250,1
1764426626448,935,254,1
1764426626448,937,257,1
1764426626464,940,261,1
1764426626464,942,264,1
1764426626479,945,269,1
1764426626479,947,273,1
1764426626495,950,278,1
1764426626495,953,283,1
1764426626514,954,287,1
1764426626518,956,292,1
1764426626527,958,296,1
1764426626527,960,301,1
1764426626543,962,305,1
1764426626543,963,307,1
1764426626559,964,311,1
1764426626559,965,314,1
1764426626575,966,318,1
1764426626575,967,323,1
1764426626590,968,327,1
1764426626590,969,331,1
1764426626606,969,335,1
1764426626606,970,338,1
1764426626622,971,343,1
1764426626622,971,346,1
1764426626639,971,350,1
1764426626639,971,354,1
1764426626655,971,357,1
1764426626655,971,361,1
1764426626671,971,365,1
1764426626671,971,369,1
1764426626686,971,373,1
1764426626686,971,376,1
1764426626703,971,380,1
1764426626703,971,384,1
1764426626718,971,388,1
1764426626718,971,393,1
1764426626735,971,396,1
1764426626735,971,399,1
1764426626751,970,403,1
1764426626751,969,406,1
1764426626767,969,410,1
1764426626767,968,413,1
1764426626782,968,416,1
1764426626782,968,419,1
1764426626798,968,422,1
1764426626798,967,424,1
1764426626817,967,427,1
1764426626817,966,429,1
1764426626830,965,432,1
1764426626830,965,434,1
1764426626847,964,437,1
1764426626847,964,439,1
1764426626863,963,441,1
1764426626863,962,443,1
1764426626879,962,446,1
1764426626879,961,449,1
1764426626895,959,452,1
1764426626895,958,454,1
1764426626910,958,456,1
1764426626910,956,459,1
1764426626926,955,462,1
1764426626926,955,465,1
1764426626942,954,467,1
1764426626942,952,470,1
1764426626958,952,472,1
1764426626958,951,475,1
1764426626974,950,477,1
1764426626974,949,479,1
1764426626990,948,481,1
1764426626990,947,483,1
1764426627006,946,485,1
1764426627006,945,486,1
1764426627022,944,488,1
1764426627022,942,491,1
1764426627040,941,493,1
1764426627040,939,495,1
1764426627054,938,496,1
1764426627054,937,499,1
1764426627069,935,501,1
1764426627069,934,503,1
1764426627089,932,505,1
1764426627089,931,508,1
1764426627101,929,509,1
1764426627101,928,511,1
1764426627117,927,513,1
1764426627117,925,514,1
1764426627132,924,516,1
1764426627132,923,518,1
1764426627148,922,519,1
1764426627148,920,521,1
1764426627164,919,524,1
1764426627164,917,525,1
1764426627180,916,527,1
1764426627180,914,529,1
1764426627195,913,530,1
1764426627195,911,532,1
1764426627211,910,534,1
1764426627211,908,536,1
1764426627227,907,538,1
1764426627227,905,540,1
1764426627243,903,541,1
1764426627243,902,544,1
1764426627259,900,545,1
1764426627259,899,547,1
1764426627275,897,549,1
1764426627275,895,551,1
1764426627290,894,552,1
1764426627290,891,555,1
1764426627306,890,556,1
1764426627322,888,558,1
1764426627322,886,560,1
1764426627338,884,561,1
1764426627338,883,563,1
1764426627356,880,564,1
1764426627356,878,567,1
1764426627370,876,568,1
1764426627370,874,569,1
1764426627386,871,572,1
1764426627386,869,573,1
1764426627402,866,576,1
1764426627402,863,577,1
1764426627418,860,580,1
1764426627418,857,581,1
1764426627434,854,583,1
1764426627434,849,585,1
1764426627450,846,587,1
1764426627450,842,589,1
1764426627466,838,591,1
1764426627466,834,593,1
1764426627482,830,593,1
1764426627482,827,594,1
1764426627498,822,596,1
1764426627498,818,597,1
1764426627514,814,598,1
1764426627514,809,599,1
1764426627530,804,600,1
1764426627530,798,600,1
1764426627545,792,601,1
1764426627545,784,601,1
1764426627562,775,601,1
1764426627562,767,602,1
1764426627577,759,602,1
1764426627577,751,603,1
1764426627593,743,603,1
1764426627593,735,603,1
1764426627609,728,603,1
1764426627609,720,603,1
1764426627625,715,603,1
1764426627625,708,603,1
1764426627641,703,603,1
1764426627641,697,603,1
1764426627657,691,603,1
1764426627657,685,603,1
1764426627673,680,603,1
1764426627673,674,603,1
1764426627688,669,603,1
1764426627688,663,603,1
1764426627705,659,603,1
1764426627705,654,603,1
1764426627723,649,603,1
1764426627727,643,603,1
1764426627736,638,603,1
1764426627736,632,603,1
1764426627752,627,603,1
1764426627752,621,603,1
1764426627768,616,603,1
1764426627768,610,602,1
1764426627784,605,600,1
1764426627784,600,599,1
1764426627801,596,597,1
1764426627801,593,596,1
1764426627817,589,595,1
1764426627817,586,593,1
1764426627833,583,591,1
1764426627833,578,588,1
1764426627849,575,586,1
1764426627849,571,583,1
1764426627865,568,581,1
1764426627865,564,578,1
1764426627881,561,574,1
1764426627881,557,572,1
1764426627897,553,568,1
1764426627897,551,565,1
1764426627913,547,561,1
1764426627913,544,556,1
1764426627929,541,552,1
1764426627929,537,547,1
1764426627945,533,542,1
1764426627945,530,539,1
1764426627961,529,535,1
1764426627961,527,533,1
1764426627977,526,530,1
1764426627977,524,528,1
1764426627992,523,525,1
1764426627992,521,523,1
1764426628008,519,520,1
1764426628008,518,517,1
1764426628024,516,513,1
1764426628024,513,509,1
1764426628040,512,504,1
1764426628040,510,500,1
1764426628058,507,496,1
1764426628060,505,492,1
1764426628071,504,487,1
1764426628071,501,482,1
1764426628087,499,478,1
1764426628087,497,472,1
1764426628103,495,468,1
1764426628103,493,463,1
1764426628119,492,459,1
1764426628119,491,453,1
1764426628135,489,447,1
1764426628135,487,443,1
1764426628151,487,439,1
1764426628151,486,434,1
1764426628167,484,430,1
1764426628167,483,425,1
1764426628183,482,421,1
1764426628183,481,417,1
1764426628199,480,412,1
1764426628199,480,407,1
1764426628215,479,401,1
1764426628215,478,396,1
1764426628231,477,390,1
1764426628231,476,386,1
1764426628247,475,380,1
1764426628247,474,376,1
1764426628262,473,371,1
1764426628262,473,367,1
1764426628279,473,363,1
1764426628279,473,357,1
1764426628294,473,353,1
1764426628294,473,349,1
1764426628310,473,345,1
1764426628310,472,341,1
1764426628328,472,337,1
1764426628330,472,332,1
1764426628342,472,328,1
1764426628342,472,325,1
1764426628357,472,321,1
1764426628357,472,318,1
1764426628373,472,314,1
1764426628373,472,311,1
1764426628389,472,308,1
1764426628389,472,305,1
1764426628405,473,302,1
1764426628405,474,298,1
1764426628421,475,295,1
1764426628421,477,290,1
1764426628437,478,287,1
1764426628437,480,284,1
1764426628452,482,280,1
1764426628452,483,277,1
1764426628468,485,274,1
1764426628468,487,271,1
1764426628484,489,267,1
1764426628484,492,262,1
1764426628500,494,259,1
1764426628500,496,256,1
1764426628516,498,252,1
1764426628516,500,249,1
1764426628531,503,245,1
1764426628531,506,242,1
1764426628547,507,239,1
1764426628547,509,235,1
1764426628563,511,233,1
1764426628563,513,230,1
1764426628579,514,227,1
1764426628595,516,225,1
1764426628595,518,223,1
1764426628595,520,221,1
1764426628610,522,218,1
1764426628610,524,216,1
1764426628626,526,213,1
1764426628642,528,211,1
1764426628642,530,208,1
1764426628658,533,206,1
1764426628658,537,202,1
1764426628674,540,200,1
1764426628674,544,197,1
1764426628689,546,195,1
1764426628689,548,193,1
1764426628706,551,192,1
1764426628707,553,190,1
1764426628721,555,189,1
1764426628721,557,187,1
1764426628737,561,186,1
1764426628737,564,184,1
1764426628753,566,182,1
1764426628753,569,182,1
1764426628769,572,180,1
1764426628769,577,178,1
1764426628785,582,176,1
1764426628785,585,175,1
1764426628801,589,173,1
1764426628801,593,171,1
1764426628817,597,171,1
1764426628817,600,170,1
1764426628833,604,169,1
1764426628833,607,168,1
1764426628849,611,167,1
1764426628849,614,166,1
1764426628865,617,166,1
1764426628865,620,165,1
1764426628881,623,164,1
1764426628881,625,163,1
1764426628897,628,163,1
1764426628897,631,162,1
1764426628913,633,162,1
1764426628916,637,161,1
1764426628929,640,161,0
1764426628929,643,160,0
1764426628945,647,160,0
1764426628945,650,159,0
1764426628961,654,159,0
1764426628961,657,159,0
1764426628979,660,158,0
1764426628979,663,158,0
1764426628993,667,157,0
1764426628993,670,157,0
1764426629008,673,157,0
1764426629008,676,156,0
1764426629024,679,156,0
1764426629024,683,155,0
1764426629040,686,155,0
1764426629040,690,155,0
1764426629056,695,155,0
1764426629056,699,155,0
1764426629072,702,155,0
1764426629072,705,154,0
1764426629088,709,154,0
1764426629088,712,154,0
1764426629104,715,153,0
1764426629104,719,153,0
1764426629120,722,153,0
1764426629120,725,153,0
1764426629136,729,152,0
1764426629136,733,152,0
1764426629152,738,152,0
1764426629152,742,152,0
1764426629168,746,152,0
1764426629168,750,152,0
1764426629184,754,152,0
1764426629184,758,152,0
1764426629200,762,152,0
1764426629200,766,152,0
1764426629216,771,152,0
1764426629216,775,152,0
1764426629232,780,152,0
1764426629232,784,152,1
1764426629248,788,152,1
1764426629248,792,153,1
1764426629264,795,154,1
1764426629264,798,154,1
1764426629280,800,154,1
1764426629280,802,155,1
1764426629296,804,156,1
1764426629296,806,157,1
1764426629312,809,157,1
1764426629312,812,158,1
1764426629328,815,160,1
1764426629328,818,161,1
1764426629344,823,163,1
1764426629344,826,166,1
1764426629360,830,168,1
1764426629360,835,172,1
1764426629376,838,176,0
1764426629376,843,180,0
1764426629392,847,185,0
1764426629392,852,189,0
1764426629408,857,194,0
1764426629408,862,201,0
1764426629424,867,205,0
1764426629424,873,212,0
1764426629440,879,219,0
1764426629440,884,225,0
1764426629456,891,231,0
1764426629456,896,238,0
1764426629472,901,244,0
1764426629472,906,249,0
1764426629488,910,255,0
1764426629488,914,259,0
1764426629504,916,264,0
1764426629504,919,269,0
1764426629520,922,273,0
1764426629520,925,278,0
1764426629536,927,282,0
1764426629536,929,285,0
1764426629552,932,288,0
1764426629552,934,293,0
1764426629567,936,296,1
1764426629567,938,300,1
1764426629584,939,302,1
1764426629584,941,305,1
1764426629600,942,308,1
1764426629600,944,312,1
1764426629616,945,314,1
1764426629616,946,317,1
1764426629632,947,320,1
1764426629632,948,323,1
1764426629648,950,327,1
1764426629648,951,331,1
1764426629664,951,334,1
1764426629664,953,337,1
1764426629679,954,342,1
1764426629679,955,346,1
1764426629695,956,350,1
1764426629695,956,355,1
1764426629712,956,359,1
1764426629712,956,363,1
1764426629727,956,368,1
1764426629727,956,374,1
1764426629743,956,378,1
1764426629743,956,383,1
1764426629759,956,389,1
1764426629759,956,394,1
1764426629775,956,398,1
1764426629775,955,404,1
1764426629790,955,408,1
1764426629790,955,412,1
1764426629806,953,418,1
1764426629806,953,422,1
1764426629822,951,427,1
1764426629822,950,431,1
1764426629838,948,436,1
1764426629838,947,439,1
1764426629854,947,442,1
1764426629854,946,446,1
1764426629869,944,449,1
1764426629869,943,453,1
1764426629885,943,456,1
1764426629885,941,460,1
1764426629901,939,463,1
1764426629901,938,467,1
1764426629917,938,470,1
1764426629917,936,473,1
1764426629932,934,476,1
1764426629932,933,480,1
1764426629948,932,483,1
1764426629948,931,485,1
1764426629964,930,487,1
1764426629964,928,489,1
1764426629980,927,492,1
1764426629980,926,494,1
1764426629995,924,496,1
1764426629995,923,498,1
1764426630011,921,501,1
1764426630011,918,503,1
1764426630027,916,505,1
1764426630027,915,507,1
1764426630043,911,511,1
1764426630058,909,512,1
1764426630058,907,515,1
1764426630058,904,517,1
1764426630076,902,519,1
1764426630090,900,522,1
1764426630090,897,524,1
1764426630108,895,525,1
1764426630108,893,528,1
1764426630122,890,530,1
1764426630122,888,531,1
1764426630138,885,534,1
1764426630138,883,536,1
1764426630154,879,539,1
1764426630154,876,541,1
1764426630169,872,544,1
1764426630169,869,547,1
1764426630185,865,549,1
1764426630185,860,553,1
1764426630201,857,556,1
1764426630201,852,559,1
1764426630217,848,561,1
1764426630217,844,564,1
1764426630233,839,568,1
1764426630233,835,571,1
1764426630249,831,573,1
1764426630249,827,575,1
1764426630265,822,578,1
1764426630265,817,580,1
1764426630282,813,581,1
1764426630287,808,583,1
1764426630296,803,585,1
1764426630296,797,587,1
1764426630312,791,590,1
1764426630312,785,592,1
1764426630328,779,594,1
1764426630328,774,596,1
1764426630344,768,598,1
1764426630344,763,600,1
1764426630359,758,600,1
1764426630359,753,601,1
1764426630375,749,602,1
1764426630375,746,603,1
1764426630391,742,604,1
1764426630391,739,605,1
1764426630407,734,605,1
1764426630407,730,605,1
1764426630423,726,606,1
1764426630423,722,606,1
1764426630439,718,606,1
1764426630439,713,606,1
1764426630455,709,607,1
1764426630455,704,607,1
1764426630471,698,607,1
1764426630471,693,607,1
1764426630487,687,607,1
1764426630487,682,607,1
1764426630503,675,607,1
1764426630503,670,607,1
1764426630518,664,606,1
1764426630518,659,605,1
1764426630534,653,605,1
1764426630534,648,604,1
1764426630550,643,604,1
1764426630550,639,603,1
1764426630566,634,601,1
1764426630566,630,600,1
1764426630582,626,599,1
1764426630582,621,597,1
1764426630598,616,596,1
1764426630598,611,595,1
1764426630614,605,594,1
1764426630614,601,592,1
1764426630630,596,590,1
1764426630630,593,588,1
1764426630646,591,588,1
1764426630646,589,587,1
1764426630662,586,585,1
1764426630662,583,584,1
1764426630678,581,582,1
1764426630678,579,580,1
1764426630694,575,577,1
1764426630694,573,575,1
1764426630710,571,573,1
1764426630710,568,570,1
1764426630726,565,567,1
1764426630726,562,563,1
1764426630741,559,560,1
1764426630741,557,556,1
1764426630757,553,553,1
1764426630757,551,549,1
1764426630773,548,546,1
1764426630773,545,541,1
1764426630789,543,538,1
1764426630789,540,534,1
1764426630804,537,531,1
1764426630804,535,526,1
1764426630820,532,521,1
1764426630820,529,517,1
1764426630836,527,512,1
1764426630836,524,508,1
1764426630852,523,503,1
1764426630852,520,497,1
1764426630867,517,492,1
1764426630867,514,488,1
1764426630883,512,483,1
1764426630883,510,479,1
1764426630899,508,474,1
1764426630899,506,470,1
1764426630915,504,466,1
1764426630915,503,463,1
1764426630931,502,460,1
1764426630931,501,457,1
1764426630946,499,453,1
1764426630962,499,450,1
1764426630962,498,448,1
1764426630962,497,445,1
1764426630978,496,442,1
1764426630978,496,440,1
1764426630994,495,437,1
1764426630994,494,434,1
1764426631010,493,431,1
1764426631010,493,428,1
1764426631026,492,426,1
1764426631042,491,423,1
1764426631042,490,421,1
1764426631057,490,418,1
1764426631057,490,416,1
1764426631073,490,413,1
1764426631073,489,410,1
1764426631089,489,407,1
1764426631089,488,403,1
1764426631105,488,398,1
1764426631105,487,394,1
1764426631123,487,390,1
1764426631123,487,387,1
1764426631137,486,383,1
1764426631137,486,380,1
1764426631153,486,377,1
1764426631153,486,374,1
1764426631169,486,370,1
1764426631169,486,367,1
1764426631185,486,364,1
1764426631185,486,360,1
1764426631201,486,357,1
1764426631201,486,354,1
1764426631217,486,350,1
1764426631217,486,347,1
1764426631233,486,344,1
1764426631233,486,341,1
1764426631249,486,338,1
1764426631249,486,335,1
1764426631264,486,333,1
1764426631264,486,330,1
1764426631280,486,327,1
1764426631280,486,324,1
1764426631296,487,321,1
1764426631296,488,317,1
1764426631312,489,313,1
1764426631312,490,309,1
1764426631328,490,305,1
1764426631328,492,301,1
1764426631343,493,298,1
1764426631343,494,295,1
1764426631359,495,291,1
1764426631359,496,288,1
1764426631375,498,284,1
1764426631375,499,281,1
1764426631391,500,278,1
1764426631391,501,275,1
1764426631406,502,272,1
1764426631406,503,268,1
1764426631422,505,264,1
1764426631422,507,261,1
1764426631440,508,257,1
1764426631440,510,254,1
1764426631454,512,252,1
1764426631454,513,249,1
1764426631470,515,245,1
1764426631470,517,242,1
1764426631486,519,240,1
1764426631486,521,236,1
1764426631501,524,233,1
1764426631501,528,228,1
1764426631517,530,225,1
1764426631517,533,221,1
1764426631533,536,218,1
1764426631533,538,215,1
1764426631549,542,212,1
1764426631549,544,209,1
1764426631565,546,207,1
1764426631565,548,206,1
1764426631581,551,203,1
1764426631581,553,201,1
1764426631597,557,197,1
1764426631597,560,195,1
1764426631613,564,192,1
1764426631613,566,190,1
1764426631628,569,187,1
1764426631628,573,186,1
1764426631644,575,184,1
1764426631644,577,183,1
1764426631660,579,181,1
1764426631676,582,180,1
1764426631676,584,178,1
1764426631692,585,177,1
1764426631692,587,177,1
1764426631707,589,175,1
1764426631707,590,175,1
1764426631707,593,174,1
1764426631723,595,173,1
1764426631739,596,172,1
1764426631739,598,171,1
1764426631755,600,170,1
1764426631755,602,169,1
1764426631771,604,167,1
1764426631771,607,166,1
1764426631787,609,165,1
1764426631790,612,164,1
1764426631803,613,164,1
1764426631803,615,163,1
1764426631803,617,161,1
1764426631819,619,161,1
1764426631819,621,160,1
1764426631834,623,158,1
1764426631834,626,158,1
1764426631850,628,157,1
1764426631866,631,155,1
1764426631866,633,155,1
1764426631866,636,154,1
1764426631882,638,152,1
1764426631882,641,152,1
1764426631898,645,151,1
1764426631914,647,151,1
1764426631914,649,149,1
1764426631930,652,148,1
1764426631930,654,148,1
1764426631945,656,147,1
1764426631945,659,146,1
1764426631961,661,146,1
1764426631961,663,145,1
1764426631977,665,144,1
1764426631977,667,143,1
1764426631993,670,142,1
1764426631993,673,141,1
1764426632011,676,140,1
1764426632011,679,140,1
1764426632025,682,139,1
1764426632025,685,138,1
1764426632040,688,137,1
1764426632040,690,136,1
1764426632056,693,136,1
1764426632056,695,136,1
1764426632073,697,136,1
1764426632073,699,135,1
1764426632089,701,134,1
1764426632089,703,134,1
1764426632106,706,134,1
1764426632106,709,133,1
1764426632120,712,133,1
1764426632120,715,133,1
1764426632136,717,132,1
1764426632136,719,132,1
1764426632152,722,132,1
1764426632152,724,132,1
1764426632168,726,132,1
1764426632168,729,132,1
1764426632184,732,132,1
1764426632184,734,132,1
1764426632200,737,132,1
1764426632200,739,132,1
1764426632216,742,132,1
1764426632216,745,132,1
1764426632232,748,132,1
1764426632232,750,132,1
1764426632248,753,132,1
1764426632248,756,132,1
1764426632264,759,132,1
1764426632264,761,132,1
1764426632280,764,132,1
1764426632280,767,133,1
1764426632296,769,134,1
1764426632296,771,134,1
1764426632311,774,135,1
1764426632311,777,136,1
1764426632327,780,137,1
1764426632327,783,138,1
1764426632343,786,140,1
1764426632343,791,142,1
1764426632359,794,142,1
1764426632359,797,144,1
1764426632374,802,146,1
1764426632374,805,147,1
1764426632392,809,149,1
1764426632394,813,151,1
1764426632406,816,154,1
1764426632406,819,155,1
1764426632422,824,157,1
1764426632422,827,159,1
1764426632438,831,160,1
1764426632438,834,161,1
1764426632454,837,163,1
1764426632454,839,164,1
1764426632469,842,166,1
1764426632469,846,167,1
1764426632485,849,169,1
1764426632485,852,171,1
1764426632501,855,172,1
1764426632501,858,174,1
1764426632519,860,175,1
1764426632519,862,177,1
1764426632533,865,178,1
1764426632533,868,180,1
1764426632549,870,181,1
1764426632549,872,183,1
1764426632564,873,184,1
1764426632564,876,185,1
1764426632580,877,187,1
1764426632580,879,188,1
1764426632596,880,189,1
1764426632596,881,189,1
1764426632611,883,191,1
1764426632611,884,191,1
1764426632627,886,193,1
1764426632627,889,194,1
1764426632643,890,196,1
1764426632659,891,197,1
1764426632659,894,200,1
1764426632659,896,202,1
1764426632675,898,203,1
1764426632691,901,206,1
1764426632691,902,207,1
1764426632691,904,209,1
1764426632707,907,213,1
1764426632724,908,215,1
1764426632724,911,218,1
1764426632724,913,221,1
1764426632739,916,224,1
1764426632755,918,228,1
1764426632755,921,232,1
1764426632755,924,237,1
1764426632771,927,242,1
1764426632787,930,246,1
1764426632787,932,251,1
1764426632787,935,256,1
1764426632805,938,260,1
1764426632805,941,265,1
1764426632819,943,270,1
1764426632835,944,274,1
1764426632835,946,279,1
1764426632835,949,283,1
1764426632851,951,288,1
1764426632851,953,292,1
1764426632866,955,297,1
1764426632866,956,303,1
1764426632882,958,307,1
1764426632898,960,313,1
1764426632898,961,317,1
1764426632898,963,323,1
1764426632914,965,328,1
1764426632930,966,332,1
1764426632930,966,336,1
1764426632945,967,341,1
1764426632945,968,344,1
1764426632961,969,347,1
1764426632961,970,350,1
1764426632977,970,353,1
1764426632977,971,356,1
1764426632993,972,359,1
1764426632993,972,362,1
1764426633010,973,365,1
1764426633017,973,368,1
1764426633025,974,371,1
1764426633025,974,374,1
1764426633041,974,377,1
1764426633041,974,380,1
1764426633057,974,383,1
1764426633057,974,387,1
1764426633072,974,390,1
1764426633072,974,394,1
1764426633088,974,398,1
1764426633088,974,401,1
1764426633104,974,404,1
1764426633104,974,407,1
1764426633120,974,411,1
1764426633120,974,414,1
1764426633136,974,417,1
1764426633136,974,421,1
1764426633152,973,426,1
1764426633152,973,430,1
1764426633168,972,435,1
1764426633168,971,440,1
1764426633184,969,444,1
1764426633184,968,450,1
1764426633200,967,455,1
1764426633200,966,461,1
1764426633216,964,467,1
1764426633216,963,472,1
1764426633232,961,478,1
1764426633232,960,484,1
1764426633247,959,488,1
1764426633247,957,493,1
1764426633263,955,497,1
1764426633263,954,500,1
1764426633279,953,504,1
1764426633279,952,506,1
1764426633295,951,508,1
1764426633295,950,510,1
1764426633311,949,512,1
1764426633311,948,515,1
1764426633327,948,516,1
1764426633327,947,517,1
1764426633343,945,520,1
1764426633343,945,521,1
1764426633359,943,523,1
1764426633359,942,525,1
1764426633375,940,527,1
1764426633375,939,529,1
1764426633391,937,531,1
1764426633391,936,533,1
1764426633407,934,534,1
1764426633407,933,536,1
1764426633423,931,538,1
1764426633423,930,539,1
1764426633439,928,542,1
1764426633439,926,543,1
1764426633455,924,545,1
1764426633455,922,546,1
1764426633471,920,547,1
1764426633471,918,549,1
1764426633487,916,550,1
1764426633487,914,550,1
1764426633502,912,552,1
1764426633502,909,553,1
1764426633518,907,555,1
1764426633518,904,556,1
1764426633534,901,557,1
1764426633534,898,559,1
1764426633550,895,560,1
1764426633550,892,560,1
1764426633566,889,562,1
1764426633566,886,563,1
1764426633582,883,564,1
1764426633582,879,566,1
1764426633598,875,568,1
1764426633598,870,569,1
1764426633613,867,570,1
1764426633613,863,571,1
1764426633629,858,573,1
1764426633629,854,575,1
1764426633645,848,577,1
1764426633645,844,578,1
1764426633660,839,579,1
1764426633660,835,581,1
1764426633676,832,582,1
1764426633676,827,583,1
1764426633692,824,585,1
1764426633692,821,585,1
1764426633708,818,587,1
1764426633708,815,588,1
1764426633724,812,589,1
1764426633724,810,590,1
1764426633740,807,591,1
1764426633740,804,592,1
1764426633756,802,593,1
1764426633756,797,595,1
1764426633772,794,596,1
1764426633772,791,596,1
1764426633788,788,598,1
1764426633788,783,599,1
1764426633804,779,600,1
1764426633804,775,602,1
1764426633819,770,602,1
1764426633819,766,603,1
1764426633835,762,604,1
1764426633835,757,605,1
1764426633851,753,606,1
1764426633851,749,607,1
1764426633867,744,607,1
1764426633867,740,607,1
1764426633883,736,608,1
1764426633883,732,608,1
1764426633899,726,608,1
1764426633899,722,608,1
1764426633915,718,609,1
1764426633931,712,609,1
1764426633931,708,609,1
1764426633931,704,610,1
1764426633947,700,610,1
1764426633947,696,610,1
1764426633962,693,610,1
1764426633979,689,610,1
1764426633979,685,610,1
1764426633979,680,610,1
1764426633995,677,610,1
1764426633995,673,610,1
1764426634011,669,610,1
1764426634029,665,609,1
1764426634031,660,608,1
1764426634031,656,607,1
1764426634042,652,605,1
1764426634042,647,603,1
1764426634058,641,601,1
1764426634074,637,599,1
1764426634074,632,598,1
1764426634090,626,595,1
1764426634090,622,592,1
1764426634105,617,589,1
1764426634105,612,586,1
1764426634121,608,583,1
1764426634121,603,579,1
1764426634137,598,577,1
1764426634137,595,574,1
1764426634156,591,571,1
1764426634156,588,569,1
1764426634170,584,565,1
1764426634171,581,563,1
1764426634185,578,560,1
1764426634185,576,557,1
1764426634201,572,553,1
1764426634201,570,550,1
1764426634217,566,546,1
1764426634217,562,541,1
1764426634233,558,537,1
1764426634233,554,532,1
1764426634249,551,527,1
1764426634249,548,523,1
1764426634265,544,520,1
1764426634265,542,516,1
1764426634281,539,512,1
1764426634281,536,508,1
1764426634297,534,505,1
1764426634297,531,501,1
1764426634313,528,498,1
1764426634313,526,493,1
1764426634329,523,490,1
1764426634329,520,486,1
1764426634345,518,483,1
1764426634345,516,479,1
1764426634360,515,476,1
1764426634360,513,474,1
1764426634379,512,472,1
1764426634380,511,469,1
1764426634392,510,468,1
1764426634392,509,467,1
1764426634408,508,464,1
1764426634408,507,462,1
1764426634424,507,460,1
1764426634424,505,457,1
1764426634440,503,454,1
1764426634440,502,450,1
1764426634456,500,446,1
1764426634456,498,442,1
1764426634472,495,438,1
1764426634472,494,434,1
1764426634488,492,431,1
1764426634488,490,428,1
1764426634504,490,425,1
1764426634504,489,422,1
1764426634520,488,419,1
1764426634520,487,416,1
1764426634536,487,412,1
1764426634536,486,408,1
1764426634552,485,405,1
1764426634552,485,402,1
1764426634568,485,398,1
1764426634568,485,394,1
1764426634585,485,387,1
1764426634585,485,380,1
1764426634601,485,374,1
1764426634601,485,367,1
1764426634617,485,360,1
1764426634617,485,354,1
1764426634632,485,348,1
1764426634632,485,344,1
1764426634648,485,340,1
1764426634648,486,334,1
1764426634664,487,330,1
1764426634664,488,324,1
1764426634680,489,320,1
1764426634680,491,314,1
1764426634696,493,308,1
1764426634696,495,304,1
1764426634712,497,299,1
1764426634712,498,295,1
1764426634728,500,290,1
1764426634728,501,286,1
1764426634744,503,281,1
1764426634744,505,277,1
1764426634760,507,272,1
1764426634760,509,268,1
1764426634776,510,263,1
1764426634776,512,260,1
1764426634792,515,255,1
1764426634792,518,251,1
1764426634808,520,247,1
1764426634808,523,242,1
1764426634824,526,238,1
1764426634824,529,233,1
1764426634839,532,230,1
1764426634839,536,225,1
1764426634856,540,221,1
1764426634871,541,219,1
1764426634871,543,217,1
1764426634887,545,214,1
1764426634887,549,211,1
1764426634903,551,208,1
1764426634903,553,206,1
1764426634919,556,204,1
1764426634919,558,201,1
1764426634935,560,199,1
1764426634935,563,198,1
1764426634951,565,195,1
1764426634951,568,193,1
1764426634967,571,190,1
1764426634967,574,189,1
1764426634983,577,186,1
1764426634983,581,184,1
1764426634999,584,182,1
1764426634999,587,180,1
1764426635014,591,178,1
1764426635014,594,176,1
1764426635030,599,174,1
1764426635030,602,173,1
1764426635047,605,171,1
1764426635047,609,169,1
1764426635063,612,168,1
1764426635063,616,167,1
1764426635079,620,165,1
1764426635079,624,164,1
1764426635094,627,163,1
1764426635094,630,163,1
1764426635110,633,161,1
1764426635110,638,160,1
1764426635128,641,159,1
1764426635128,644,159,0
1764426635142,647,159,0
1764426635142,650,158,0
1764426635160,653,157,0
1764426635160,655,157,0
1764426635174,658,157,0
1764426635174,660,156,0
1764426635190,663,156,0
1764426635190,665,156,0
1764426635205,669,155,0
1764426635205,672,155,0
0,0,0,0
1764426635222,675,155,0
1764426635222,678,155,0
1764426635237,682,155,0
1764426635237,685,155,0
1764426635253,689,155,0
1764426635253,693,154,0
1764426635270,696,154,0
1764426635270,700,154,0
1764426635285,704,154,0
1764426635285,708,153,0
1764426635302,714,153,0
1764426635302,718,153,0
1764426635317,722,153,0
1764426635317,726,153,0
1764426635333,730,153,0
1764426635333,735,153,0
1764426635349,739,153,0
1764426635349,743,153,0
1764426635365,747,153,0
1764426635365,751,153,0
1764426635381,755,153,0
1764426635381,758,153,0
1764426635396,761,153,0
1764426635412,765,153,0
1764426635412,768,153,0
1764426635428,771,153,0
1764426635428,775,153,0
1764426635428,778,153,0
1764426635443,782,154,0
1764426635443,785,154,0
1764426635459,789,155,0
1764426635459,793,155,1
1764426635475,798,155,1
1764426635475,802,155,1
1764426635491,806,156,1
1764426635491,811,157,1
1764426635507,815,158,1
1764426635507,818,159,1
1764426635525,822,160,1
1764426635539,825,160,1
1764426635539,829,161,1
1764426635555,833,162,1
1764426635555,836,163,1
1764426635570,839,165,1
1764426635570,842,166,1
1764426635586,846,168,1
1764426635586,849,170,1
1764426635586,852,171,1
1764426635602,856,174,1
1764426635618,860,177,1
1764426635618,865,180,1
1764426635618,869,183,1
1764426635634,872,187,1
1764426635634,877,192,1
1764426635650,882,198,1
1764426635666,887,203,1
1764426635666,893,210,1
1764426635666,899,217,1
1764426635682,905,226,1
1764426635699,911,235,1
1764426635699,916,243,1
1764426635714,922,252,1
1764426635714,927,260,1
1764426635731,931,268,1
1764426635739,935,275,1
1764426635746,939,282,1
1764426635746,942,289,1
1764426635762,945,295,1
1764426635762,947,301,1
1764426635778,950,308,1
1764426635778,953,314,1
1764426635794,956,320,1
1764426635794,959,326,1
1764426635810,961,333,1
1764426635810,963,337,1
1764426635825,965,343,1
1764426635825,967,348,1
1764426635841,969,352,1
1764426635841,969,357,1
1764426635857,971,361,1
1764426635857,972,364,1
1764426635873,974,367,1
1764426635873,975,371,1
1764426635889,976,374,1
1764426635889,977,377,1
1764426635905,978,380,1
1764426635905,978,383,1
1764426635921,979,386,1
1764426635921,979,388,1
1764426635937,980,391,1
1764426635937,980,393,1
1764426635953,980,395,1
1764426635953,980,398,1
1764426635969,980,400,1
1764426635969,980,403,1
1764426635985,980,406,1
1764426635985,980,409,1
1764426636001,980,411,1
1764426636001,980,414,1
1764426636017,980,417,1
1764426636017,980,420,1
1764426636032,979,423,1
1764426636032,978,426,1
1764426636048,978,429,1
1764426636050,976,433,1
1764426636064,974,436,1
1764426636064,974,439,1
1764426636080,972,442,1
1764426636080,970,446,1
1764426636097,968,450,1
1764426636097,968,452,1
1764426636113,967,455,1
1764426636113,965,459,1
1764426636128,964,461,1
1764426636128,964,463,1
1764426636145,962,466,1
1764426636145,960,470,1
1764426636160,959,472,1
1764426636160,957,475,1
1764426636176,956,477,1
1764426636176,954,480,1
1764426636192,952,484,1
1764426636192,950,486,1
1764426636208,948,489,1
1764426636208,946,492,1
1764426636224,945,494,1
1764426636224,943,497,1
1764426636240,942,499,1
1764426636240,939,503,1
1764426636257,938,505,1
1764426636257,935,507,1
1764426636273,933,510,1
1764426636273,930,513,1
1764426636289,929,515,1
1764426636289,927,518,1
1764426636305,925,521,1
1764426636305,923,523,1
1764426636321,920,527,1
1764426636321,919,529,1
1764426636337,917,531,1
1764426636337,916,533,1
1764426636353,914,536,1
1764426636353,913,538,1
1764426636369,912,540,1
1764426636369,912,543,1
1764426636385,911,545,1
1764426636385,911,548,1
1764426636401,911,551,1
1764426636401,911,555,1
1764426636417,911,561,1
1764426636417,911,566,0
1764426636433,913,572,0
1764426636433,915,579,0
1764426636449,919,587,0
1764426636449,926,597,0
1764426636465,934,607,0
1764426636465,943,619,0
1764426636481,956,632,0
1764426636481,971,647,0
1764426636497,987,662,0
1764426636501,1007,680,0
1764426636513,1029,695,0
1764426636513,1054,713,0
1764426636529,1079,732,0
1764426636529,1106,750,0
1764426636817,1399,751,0
1764426636833,1400,746,0
1764426636833,1401,743,0
1764426636849,1403,740,0
1764426636849,1403,737,0
1764426636865,1405,733,0
1764426636883,1406,732,0
1764426636883,1406,731,0
1764426636897,1407,731,0
1764426636897,1407,730,0
1764426636913,1407,729,0
1764426636929,1408,728,0
1764426636944,1409,727,0
1764426636944,1410,725,0
1764426636960,1410,723,0
1764426636960,1412,721,0
1764426636976,1413,719,0
1764426636976,1415,717,0
1764426636992,1416,716,0
1764426636992,1418,714,0
1764426637008,1418,713,0
1764426637008,1420,712,0
1764426637024,1421,711,0
1764426637041,1422,710,0
1764426637057,1423,709,0
1764426637330,1421,711,0
1764426637330,1416,715,0
1764426637346,1412,719,0
1764426637346,1406,722,0
1764426637362,1401,724,0
1764426637781,1400,725,0
1764426637797,1401,726,0
1764426637812,1402,727,0
1764426637812,1404,729,0
1764426637828,1408,730,0
1764426637828,1411,732,0
1764426637844,1414,733,0
1764426637844,1416,734,0
1764426637860,1417,735,0
1764426637860,1418,735,0
1764426637940,1419,735,0
1764426638004,1420,735,0
1764426638020,1421,734,0
1764426638020,1421,732,0
1764426638036,1423,731,0
1764426638036,1423,729,0
1764426638052,1425,726,0
1764426638052,1426,725,0
1764426638073,1426,724,0
1764426638073,1427,722,0
1764426638084,1428,721,0
1764426638084,1428,720,0
1764426638099,1429,719,0
1764426638147,1429,718,0
1764426638406,1430,717,0
1764426651288,1430,716,0
1764426651883,1429,716,0
1764426651898,1429,715,0
1764426655169,1428,715,0
1764426655185,1427,715,0
1764426655217,1426,715,0
1764426655250,1425,715,0
1764426655683,1424,714,0
1764426655683,1423,714,0
1764426655699,1422,713,0
1764426655699,1419,713,0
1764426655715,1416,713,0
1764426655715,1413,713,0
1764426655731,1409,713,0
1764426655731,1404,713,0
1764426655747,1396,713,0
1764426655747,1387,713,0
1764426655763,1377,713,0
1764426655763,1368,713,0
1764426655778,1357,710,0
1764426655778,1346,709,0
1764426655794,1334,707,0
1764426655794,1322,705,0
1764426655810,1311,703,0
1764426655826,1300,700,0
1764426655826,1289,696,0
1764426655842,1277,693,0
1764426655842,1264,690,0
1764426655842,1250,686,0
1764426655858,1233,683,0
1764426655874,1214,679,0
1764426655874,1193,673,0
1764426655874,1171,667,0
1764426655890,1147,661,0
1764426655890,1120,655,0
1764426655906,1093,647,0
1764426655922,1066,640,0
1764426655922,1037,634,0
1764426655938,1010,629,0
1764426655938,987,625,0
1764426655954,966,620,0
1764426655954,944,616,0
1764426655971,923,612,0
1764426655972,905,609,0
1764426655986,890,607,0
1764426655986,872,603,0
1764426655986,856,601,1
1764426656002,843,597,1
1764426656002,831,595,1
1764426656022,820,593,1
1764426656022,809,591,1
1764426656034,798,590,1
1764426656034,789,588,1
1764426656050,779,587,1
1764426656050,771,587,1
1764426656066,762,586,0
1764426656066,754,585,0
1764426656082,747,584,0
1764426656082,740,583,0
1764426656098,733,582,0
1764426656098,726,581,0
1764426656113,718,580,0
1764426656130,711,580,0
1764426656130,704,579,0
1764426656145,697,578,0
1764426656145,691,577,0
1764426656161,685,576,0
1764426656161,681,576,0
1764426656178,677,576,0
1764426656185,673,576,0
1764426656193,670,576,0
1764426656193,667,576,0
1764426656209,664,576,0
1764426656209,662,576,0
1764426656225,660,576,0
1764426656225,659,576,0
1764426656241,658,576,0
1764426656241,657,576,0
1764426656256,654,576,0
1764426656272,651,575,0
1764426656272,648,575,0
1764426656288,645,575,0
1764426656288,643,575,0
1764426656304,639,575,0
1764426656304,634,575,1
1764426656320,630,575,1
1764426656320,627,575,1
1764426656336,623,574,1
1764426656336,620,574,1
1764426656352,618,574,1
1764426656352,616,574,1
1764426656368,615,573,1
1764426656368,613,573,1
1764426656384,612,573,1
1764426656384,611,573,1
1764426656400,610,573,1
1764426656416,608,573,1
1764426656416,607,573,1
1764426656432,605,572,1
1764426656448,604,572,1
1764426656448,603,572,1
1764426656471,602,572,1
1764426656480,600,571,1
1764426656480,599,570,1
1764426656496,597,569,1
1764426656496,595,569,1
1764426656512,593,567,1
1764426656512,591,566,1
1764426656528,589,564,1
1764426656528,585,563,1
1764426656543,582,561,1
1764426656543,579,558,1
1764426656560,576,557,1
1764426656560,573,555,1
1764426656576,570,553,1
1764426656576,567,551,1
1764426656592,565,549,1
1764426656592,562,547,1
1764426656608,560,545,1
1764426656608,556,543,1
1764426656624,553,541,1
1764426656624,549,538,1
1764426656640,546,535,1
1764426656640,544,534,1
1764426656655,541,532,1
1764426656655,539,530,1
1764426656671,538,529,1
1764426656671,535,527,1
1764426656687,534,526,1
1764426656687,532,524,1
1764426656703,531,524,1
1764426656703,530,522,1
1764426656735,529,521,1
1764426656735,529,520,1
1764426656751,528,520,1
1764426656751,527,518,1
1764426656767,525,517,1
1764426656767,524,514,1
1764426656783,522,513,1
1764426656783,521,511,1
1764426656799,518,507,1
1764426656799,517,505,1
1764426656815,515,503,1
1764426656815,514,500,1
1764426656831,511,496,1
1764426656831,509,493,1
1764426656847,506,488,1
1764426656847,504,485,1
1764426656862,501,480,1
1764426656862,499,475,1
1764426656878,496,472,1
1764426656878,493,468,1
1764426656894,491,465,1
1764426656894,489,462,1
1764426656910,487,458,1
1764426656910,486,455,1
1764426656926,484,452,1
1764426656926,482,448,1
1764426656944,481,445,1
1764426656944,479,442,1
1764426656958,478,439,1
1764426656958,478,436,1
1764426656974,476,432,1
1764426656974,474,429,1
1764426656990,474,426,1
1764426656990,472,423,1
1764426657006,470,419,1
1764426657006,469,416,1
1764426657022,468,413,1
1764426657022,466,410,1
1764426657038,465,406,1
1764426657038,464,403,1
1764426657054,463,400,1
1764426657054,462,398,1
1764426657069,462,396,1
1764426657069,462,395,1
1764426657085,462,393,1
1764426657101,462,392,1
1764426657117,462,390,1
1764426657133,462,389,1
1764426657149,462,388,1
1764426657165,462,387,1
1764426657165,462,386,1
1764426657181,462,385,1
1764426657197,462,384,1
1764426657197,462,383,1
1764426657213,462,381,1
1764426657213,462,379,1
1764426657229,462,377,1
1764426657229,462,376,1
1764426657245,462,374,1
1764426657245,462,372,1
1764426657261,462,369,1
1764426657261,463,367,1
1764426657277,464,364,1
1764426657277,465,361,1
1764426657293,465,359,1
1764426657293,466,357,1
1764426657309,467,354,1
1764426657309,468,351,1
1764426657325,468,348,1
1764426657325,469,346,1
1764426657342,470,344,1
1764426657342,471,341,1
1764426657356,471,338,1
1764426657356,472,335,1
1764426657372,473,333,1
1764426657372,474,330,1
1764426657388,474,327,1
1764426657388,475,324,1
1764426657403,477,321,1
1764426657403,478,318,1
1764426657420,479,315,1
1764426657420,480,312,1
1764426657435,481,309,1
1764426657435,482,307,1
1764426657451,484,304,1
1764426657451,485,302,1
1764426657467,485,299,1
1764426657467,487,297,1
1764426657483,487,295,1
1764426657483,488,293,1
1764426657499,490,290,1
1764426657499,491,286,1
1764426657515,493,283,1
1764426657515,495,280,1
1764426657531,497,276,1
1764426657531,499,272,1
1764426657554,502,267,1
1764426657562,505,263,1
1764426657562,507,259,1
1764426657578,510,254,1
1764426657578,513,251,1
1764426657578,515,247,1
1764426657594,518,244,1
1764426657610,519,241,1
1764426657610,521,239,1
1764426657610,522,238,1
1764426657626,524,236,1
1764426657626,525,233,1
1764426657642,527,231,1
1764426657642,529,229,1
1764426657658,532,226,1
1764426657674,533,224,1
1764426657674,535,222,1
1764426657674,537,220,1
1764426657690,538,217,1
1764426657690,540,215,1
1764426657706,542,213,1
1764426657722,544,211,1
1764426657722,545,209,1
1764426657738,546,208,1
1764426657738,548,206,1
1764426657738,549,204,1
1764426657754,551,203,1
1764426657754,553,200,1
1764426657771,555,199,1
1764426657771,556,197,1
1764426657785,557,195,1
1764426657801,559,194,1
1764426657801,560,192,1
1764426657817,562,191,1
1764426657817,563,190,1
1764426657833,565,188,1
1764426657833,566,187,1
1764426657849,567,185,1
1764426657849,569,184,1
1764426657865,570,183,1
1764426657865,572,181,1
1764426657881,573,180,1
1764426657881,574,179,1
1764426657896,575,179,1
1764426657896,576,178,1
1764426657913,578,176,1
1764426657913,579,176,1
1764426657928,580,175,1
1764426657928,582,174,1
1764426657944,583,174,1
1764426657944,585,172,1
1764426657960,586,171,1
1764426657960,588,170,1
1764426657976,591,168,1
1764426657976,595,167,1
1764426657992,598,165,1
1764426657992,601,163,1
1764426658008,606,162,1
1764426658008,610,160,1
1764426658024,615,159,1
1764426658024,620,157,1
1764426658040,626,155,1
1764426658040,631,154,1
1764426658056,634,153,1
1764426658056,637,153,1
1764426658072,641,152,1
1764426658072,644,151,1
1764426658088,647,150,1
1764426658088,650,149,1
1764426658104,655,149,1
1764426658104,659,148,1
1764426658121,662,147,1
1764426658121,665,146,1
1764426658136,668,146,1
1764426658136,671,145,1
1764426658152,674,145,1
1764426658152,677,144,1
1764426658168,679,144,1
1764426658168,680,144,1
1764426658184,681,144,1
1764426658200,682,144,1
1764426658200,683,144,1
1764426658216,684,143,1
1764426658216,685,143,1
1764426658232,688,143,1
1764426658232,691,143,1
1764426658247,694,143,1
1764426658247,698,143,1
1764426658265,702,143,1
1764426658265,706,143,1
1764426658279,710,143,1
1764426658279,713,143,1
1764426658295,716,143,1
1764426658295,719,143,1
1764426658310,721,143,1
1764426658310,723,143,1
1764426658326,725,143,1
1764426658326,728,143,1
1764426658342,730,143,1
1764426658342,732,143,1
1764426658358,734,143,1
1764426658358,736,143,1
1764426658374,739,143,1
1764426658374,742,143,1
1764426658390,745,143,1
1764426658390,749,143,1
1764426658406,752,143,1
1764426658406,756,143,1
1764426658422,760,143,1
1764426658422,766,143,1
1764426658438,771,143,1
1764426658438,777,144,1
1764426658453,781,145,1
1764426658453,785,145,1
1764426658469,790,146,1
1764426658469,793,147,1
1764426658485,796,148,1
1764426658485,799,148,1
1764426658501,802,148,1
1764426658501,805,149,1
1764426658517,808,150,1
1764426658517,811,151,1
1764426658533,814,152,1
1764426658533,819,152,1
1764426658549,823,153,1
1764426658549,827,154,1
1764426658565,833,155,1
1764426658565,839,157,1
1764426658580,844,159,1
1764426658580,850,161,1
1764426658596,856,163,1
1764426658596,862,164,1
1764426658612,866,165,1
1764426658612,870,166,1
1764426658628,874,167,1
1764426658628,877,169,1
1764426658644,879,170,1
1764426658644,881,170,1
1764426658660,883,172,1
1764426658660,886,173,1
1764426658676,888,175,1
1764426658676,890,176,1
1764426658693,892,177,1
1764426658693,894,178,1
1764426658707,895,180,1
1764426658707,897,181,1
1764426658723,900,183,1
1764426658723,902,184,1
1764426658739,904,187,1
1764426658739,907,189,1
1764426658755,909,191,1
1764426658755,910,193,1
1764426658771,913,195,1
1764426658771,914,196,1
1764426658787,915,198,1
1764426658787,917,199,1
1764426658803,918,201,1
1764426658803,918,202,1
1764426658819,919,203,1
1764426658819,919,204,1
1764426658835,920,205,1
1764426658835,922,207,1
1764426658850,923,209,1
1764426658850,925,211,1
1764426658866,926,213,1
1764426658882,928,217,1
1764426658882,929,220,1
1764426658882,931,223,1
1764426658904,934,227,1
1764426658908,935,230,1
1764426658914,937,233,1
1764426658914,938,235,1
1764426658931,940,238,1
1764426658931,941,241,1
1764426658946,942,244,1
1764426658946,943,247,1
1764426658962,944,249,1
1764426658962,946,252,1
1764426658978,947,255,1
1764426658978,948,258,1
1764426658994,949,261,1
1764426658994,950,264,1
1764426659010,952,267,1
1764426659026,952,271,1
1764426659026,954,274,1
1764426659042,956,278,1
1764426659042,957,281,1
1764426659058,958,285,1
1764426659058,959,287,1
1764426659074,960,289,1
1764426659074,960,292,1
1764426659074,961,294,1
1764426659090,962,297,1
1764426659106,963,299,1
1764426659106,963,302,1
1764426659122,964,305,1
1764426659122,965,307,1
1764426659138,965,310,1
1764426659138,966,312,1
1764426659138,966,315,1
1764426659153,966,318,1
1764426659153,966,321,1
1764426659169,967,324,1
1764426659186,967,329,1
1764426659186,967,332,1
1764426659186,967,336,1
1764426659201,967,340,1
1764426659217,967,343,1
1764426659217,967,347,1
1764426659233,967,351,1
1764426659233,967,355,1
1764426659249,967,359,1
1764426659249,967,363,1
1764426659264,967,369,1
1764426659264,967,373,1
1764426659280,967,378,1
1764426659280,967,384,1
1764426659296,967,389,1
1764426659298,967,394,1
1764426659312,967,400,1
1764426659312,967,405,1
1764426659328,967,411,1
1764426659328,967,415,1
1764426659344,967,420,1
1764426659344,967,426,1
1764426659360,966,431,1
1764426659360,965,437,1
1764426659375,965,442,1
1764426659375,964,448,1
1764426659391,963,454,1
1764426659391,963,458,1
1764426659407,962,463,1
1764426659414,960,468,1
1764426659423,959,474,1
1764426659423,958,478,1
1764426659439,956,484,1
1764426659439,954,488,1
1764426659455,953,493,1
1764426659455,951,497,1
1764426659471,949,502,1
1764426659471,948,505,1
1764426659487,947,508,1
1764426659487,946,511,1
1764426659504,944,516,1
1764426659508,942,520,1
1764426659520,939,525,1
1764426659520,936,530,1
1764426659535,935,534,1
1764426659535,932,539,1
1764426659551,929,544,1
1764426659551,926,548,0
1764426659568,923,553,0
1764426659568,921,556,0
1764426659584,918,560,0
1764426659584,916,563,0
1764426659599,913,566,0
1764426659599,911,569,0
1764426659616,908,571,0
1764426659618,907,574,0
1764426659631,905,576,0
1764426659631,903,577,0
1764426659647,901,580,0
1764426659647,899,581,0
1764426659663,898,582,0
1764426659663,897,583,0
1764426659679,895,585,0
1764426659679,894,585,0
1764426659694,893,586,0
1764426659694,891,587,0
1764426659711,889,588,0
1764426659711,888,589,0
1764426659727,885,590,0
1764426659727,883,590,0
1764426659743,881,591,0
1764426659743,879,592,0
1764426659759,877,592,0
1764426659759,875,593,0
1764426659774,873,594,0
1764426659774,872,594,1
1764426659790,870,595,1
1764426659790,867,595,1
1764426659806,866,595,1
1764426659806,864,595,1
1764426659822,862,595,1
1764426659822,860,595,1
1764426659838,858,595,1
1764426659838,856,595,1
1764426659854,855,595,1
1764426659854,853,595,1
1764426659870,851,595,1
1764426659870,849,595,1
1764426659886,846,595,1
1764426659886,844,596,1
1764426659902,842,596,1
1764426659902,840,597,1
1764426659917,838,597,1
1764426659917,836,598,1
1764426659933,833,598,1
1764426659933,830,599,1
1764426659949,827,601,1
1764426659949,825,601,1
1764426659965,821,602,1
1764426659965,818,604,1
1764426659981,815,605,1
1764426659981,812,606,1
1764426659997,809,608,1
1764426659997,807,609,1
1764426660017,803,610,1
1764426660025,800,612,1
1764426660033,797,613,1
1764426660033,794,613,1
1764426660048,791,614,1
1764426660050,788,616,1
1764426660061,783,617,1
1764426660061,779,618,1
1764426660076,776,619,1
1764426660076,773,620,1
1764426660091,769,622,1
1764426660091,766,622,1
1764426660107,763,623,1
1764426660107,760,624,1
1764426660123,757,624,1
1764426660135,754,625,1
1764426660139,751,625,1
1764426660139,748,625,1
1764426660155,745,625,1
1764426660155,742,625,1
1764426660170,740,625,1
1764426660178,737,625,1
1764426660186,734,625,1
1764426660186,731,625,1
1764426660202,728,625,1
1764426660202,726,625,1
1764426660218,723,625,1
1764426660228,720,625,1
1764426660234,717,625,1
1764426660234,714,625,1
1764426660250,710,625,1
1764426660250,707,625,1
1764426660273,702,624,1
1764426660275,699,624,1
1764426660282,695,623,1
1764426660282,691,622,1
1764426660297,688,621,1
1764426660313,684,620,1
1764426660313,681,619,1
1764426660329,678,618,1
1764426660329,674,616,1
1764426660347,671,616,1
1764426660351,666,614,1
1764426660361,663,613,1
1764426660363,660,612,1
1764426660377,657,611,1
1764426660377,654,610,1
1764426660393,650,608,1
1764426660393,646,606,1
1764426660409,641,605,1
1764426660409,638,604,1
1764426660428,634,602,1
1764426660431,630,601,1
1764426660441,627,600,1
1764426660448,624,598,1
1764426660457,621,596,1
1764426660457,617,595,1
1764426660473,613,593,1
1764426660473,609,591,1
1764426660489,606,590,1
1764426660489,603,588,1
1764426660505,600,586,1
1764426660505,596,585,1
1764426660521,593,583,1
1764426660521,590,581,1
1764426660537,587,581,1
1764426660537,585,579,1
1764426660553,583,578,1
1764426660553,581,577,1
1764426660569,578,575,1
1764426660569,575,574,1
1764426660585,573,573,1
1764426660585,570,571,1
1764426660600,567,571,1
1764426660600,564,569,1
1764426660616,560,567,1
1764426660616,558,566,1
1764426660633,556,564,1
1764426660633,553,563,1
1764426660649,549,561,1
1764426660649,546,559,1
1764426660665,543,558,1
1764426660665,540,556,1
1764426660681,537,554,1
1764426660681,534,551,1
1764426660697,530,549,1
1764426660697,528,547,1
1764426660712,526,545,1
1764426660712,523,543,1
1764426660728,521,541,1
1764426660728,519,539,1
1764426660744,517,536,1
1764426660744,514,534,1
1764426660760,513,532,1
1764426660760,511,530,1
1764426660776,509,526,1
1764426660776,506,523,1
1764426660792,504,519,1
1764426660792,502,516,1
1764426660808,499,513,1
1764426660808,497,509,1
1764426660824,495,506,1
1764426660824,493,503,1
1764426660839,492,499,1
1764426660839,490,495,1
1764426660855,488,490,1
1764426660855,486,486,1
1764426660871,484,481,1
1764426660871,482,476,1
1764426660887,480,472,1
1764426660887,477,466,1
1764426660903,475,460,1
1764426660903,473,456,1
1764426660919,471,451,1
1764426660919,470,447,1
1764426660935,468,442,1
1764426660935,466,438,1
1764426660950,465,433,1
1764426660950,463,429,1
1764426660966,462,424,1
1764426660966,462,420,1
1764426660982,460,416,1
1764426660982,459,411,1
1764426660998,457,407,1
1764426660998,456,401,1
1764426661014,455,396,1
1764426661014,454,391,1
1764426661030,453,386,1
1764426661030,453,381,1
1764426661046,453,377,1
1764426661046,453,373,1
1764426661062,453,369,1
1764426661062,453,365,1
1764426661078,453,361,1
1764426661078,453,357,1
1764426661094,453,353,1
1764426661094,453,348,1
1764426661109,453,344,0
1764426661109,453,340,0
1764426661125,454,336,1
1764426661125,455,332,1
1764426661141,456,327,1
1764426661141,457,323,1
1764426661157,458,320,1
1764426661157,458,317,1
1764426661176,459,314,1
1764426661176,461,310,1
1764426661188,463,306,1
1764426661188,463,303,1
1764426661204,465,298,1
1764426661204,467,294,1
1764426661220,468,289,1
1764426661220,470,285,1
1764426661236,471,281,1
1764426661236,472,277,1
1764426661255,474,273,1
1764426661255,476,269,1
1764426661268,477,265,1
1764426661268,478,262,1
1764426661283,480,258,1
1764426661283,482,255,1
1764426661299,483,251,1
1764426661299,485,247,1
1764426661317,487,244,1
1764426661317,489,239,1
1764426661331,492,235,1
1764426661331,494,230,1
1764426661347,497,225,1
1764426661347,499,222,1
1764426661363,500,219,1
1764426661363,503,215,1
1764426661379,504,212,1
1764426661379,506,209,1
1764426661395,509,205,1
1764426661395,511,202,1
1764426661410,513,200,1
1764426661426,515,196,1
1764426661426,518,193,1
1764426661442,520,189,1
1764426661442,523,186,1
1764426661458,526,182,1
1764426661465,528,179,0
1764426661474,531,177,1
1764426661474,534,173,0
1764426661474,537,170,0
1764426661490,539,167,0
1764426661490,541,165,0
1764426661506,545,162,0
1764426661522,547,161,0
1764426661522,550,158,0
1764426661538,554,157,1
1764426661538,557,155,1
1764426661538,560,153,1
1764426661553,564,151,1
1764426661553,567,149,1
1764426661569,570,147,1
1764426661585,574,147,1
1764426661585,577,145,1
1764426661600,580,143,1
1764426661600,583,143,1
1764426661616,586,142,1
1764426661616,590,140,1
1764426661633,594,139,1
1764426661640,598,138,1
1764426661648,603,137,1
1764426661648,606,136,1
1764426661664,610,135,1
1764426661664,613,134,1
1764426661681,616,133,1
1764426661682,619,133,1
1764426661696,622,133,1
1764426661696,625,133,1
1764426661712,628,132,1
1764426661712,630,132,1
1764426661728,633,131,1
1764426661728,637,131,1
1764426661744,640,130,1
1764426661744,643,130,1
1764426661760,647,130,1
1764426661760,650,130,1
1764426661776,654,129,1
1764426661776,659,128,1
1764426661792,663,128,1
1764426661792,667,128,1
1764426661807,671,128,1
1764426661807,675,127,1
1764426661823,680,127,1
1764426661823,684,127,1
1764426661840,688,127,1
1764426661840,691,127,1
1764426661855,695,127,1
1764426661855,699,127,1
1764426661871,703,127,1
1764426661871,707,127,1
1764426661889,711,127,1
1764426661894,715,127,1
1764426661903,721,127,1
1764426661903,726,127,1
1764426661919,730,127,1
1764426661919,735,127,1
1764426661935,739,127,1
1764426661935,743,127,1
1764426661951,747,127,1
1764426661951,751,128,1
1764426661967,756,129,1
1764426661967,760,129,1
1764426661983,764,129,1
1764426661983,768,130,1
1764426661999,771,130,1
1764426662002,774,131,1
1764426662015,777,131,1
1764426662015,780,132,1
1764426662031,783,133,1
1764426662031,787,134,1
1764426662047,789,134,1
1764426662047,791,134,1
1764426662063,793,135,1
1764426662063,794,135,1
1764426662079,796,135,1
1764426662079,797,136,1
1764426662095,798,136,1
1764426662095,799,136,1
1764426662111,801,136,1
1764426662127,801,137,1
1764426662127,802,137,1
1764426662143,803,137,1
1764426662159,804,138,1
1764426662159,806,139,1
1764426662175,808,139,1
1764426662175,809,141,1
1764426662191,811,142,1
1764426662191,814,143,1
1764426662209,816,145,1
1764426662209,819,147,1
1764426662222,823,150,1
1764426662222,826,151,1
1764426662238,828,154,1
1764426662238,832,156,1
1764426662254,834,159,1
1764426662254,838,161,1
1764426662270,840,163,1
1764426662270,842,166,1
1764426662286,844,168,1
1764426662286,847,170,1
1764426662302,849,173,1
1764426662302,851,174,1
1764426662317,854,177,1
1764426662317,856,180,1
1764426662333,860,184,1
1764426662333,862,187,1
1764426662349,866,191,1
1764426662349,870,194,1
1764426662365,872,197,1
1764426662365,874,199,1
1764426662381,877,201,1
1764426662381,879,203,1
1764426662397,880,204,1
1764426662397,882,206,1
1764426662413,883,207,1
1764426662413,884,208,1
1764426662429,885,209,1
1764426662445,886,210,1
1764426662445,887,211,1
1764426662461,888,212,1
1764426662461,889,213,1
1764426662477,891,215,1
1764426662477,892,216,1
1764426662493,894,218,1
1764426662493,895,220,1
1764426662509,897,221,1
1764426662509,898,223,1
1764426662525,899,224,1
1764426662525,900,226,1
1764426662540,901,228,1
1764426662540,902,231,1
1764426662556,904,233,1
1764426662556,905,235,1
1764426662574,906,238,1
1764426662574,908,242,0
1764426662588,909,245,0
1764426662588,910,248,0
1764426662604,912,253,0
1764426662604,914,256,0
1764426662619,915,259,0
1764426662619,916,262,0
1764426662635,917,264,0
1764426662635,918,267,0
1764426662651,918,269,0
1764426662651,919,271,0
1764426662667,920,273,0
1764426662683,921,275,0
1764426662683,921,277,0
1764426662683,922,279,0
1764426662699,924,281,0
1764426662699,924,283,0
1764426662714,925,285,0
1764426662714,926,287,0
1764426662733,926,289,0
1764426662733,927,291,0
1764426662746,928,294,0
1764426662762,929,296,0
1764426662762,929,298,0
1764426662762,930,300,0
1764426662785,931,302,0
1764426662788,932,305,0
1764426662794,932,307,0
1764426662794,933,309,0
1764426662810,934,311,0
1764426662826,934,313,0
1764426662826,935,316,0
1764426662842,936,318,0
1764426662842,937,320,0
1764426662842,937,322,0
1764426662858,938,324,0
1764426662858,939,327,0
1764426662874,940,329,0
1764426662890,940,331,0
1764426662890,941,334,0
1764426662905,942,336,0
1764426662905,943,339,0
1764426662905,943,341,0
1764426662921,943,344,0
1764426662937,944,347,0
1764426662937,945,349,0
1764426662953,945,351,0
1764426662953,945,353,0
1764426662969,945,355,0
1764426662969,945,357,0
1764426662984,945,360,0
1764426662984,945,363,0
1764426663000,945,366,0
1764426663001,945,369,0
1764426663016,945,372,0
1764426663016,945,375,0
1764426663032,945,378,0
1764426663032,945,381,0
1764426663048,945,384,0
1764426663048,944,388,0
1764426663063,943,391,0
1764426663063,942,394,0
1764426663079,942,397,0
1764426663079,941,400,0
1764426663095,939,403,0
1764426663095,939,406,0
1764426663111,938,411,0
1764426663111,937,414,0
1764426663127,936,418,0
1764426663127,934,423,0
1764426663143,933,426,0
1764426663143,933,429,0
1764426663159,931,432,0
1764426663159,930,435,0
1764426663175,929,438,0
1764426663175,929,441,0
1764426663191,927,445,0
1764426663191,926,448,0
1764426663207,925,451,0
1764426663207,925,454,0
1764426663224,924,456,0
1764426663224,923,458,0
1764426663238,922,461,0
1764426663238,922,464,0
1764426663254,921,468,0
1764426663254,920,470,0
1764426663270,919,472,0
1764426663270,919,475,0
1764426663285,919,477,1
1764426663285,918,480,1
1764426663301,917,483,1
1764426663301,916,485,1
1764426663317,916,488,1
1764426663317,916,491,1
1764426663333,915,493,1
1764426663333,914,495,1
1764426663349,913,497,1
1764426663349,913,499,1
1764426663365,911,503,1
1764426663365,910,505,1
1764426663381,910,507,1
1764426663381,908,509,1
1764426663396,907,512,1
1764426663396,906,515,1
1764426663412,904,517,1
1764426663412,903,520,1
1764426663432,901,522,1
1764426663438,900,524,1
1764426663444,899,527,1
1764426663444,897,529,1
1764426663459,895,531,1
1764426663459,894,533,1
1764426663475,892,535,1
1764426663475,891,537,1
1764426663491,890,539,1
1764426663491,888,540,1
1764426663507,887,541,1
1764426663507,885,543,1
1764426663522,884,544,1
1764426663522,883,545,1
1764426663538,882,546,1
1764426663554,881,548,1
1764426663554,880,548,1
1764426663554,879,549,1
1764426663570,878,549,1
1764426663586,876,551,1
1764426663586,875,551,1
1764426663586,872,553,1
1764426663602,870,554,1
1764426663602,867,555,1
1764426663617,864,557,1
1764426663633,861,558,1
1764426663633,858,558,1
1764426663649,855,559,1
1764426663649,852,560,1
1764426663665,849,561,1
1764426663665,846,562,1
1764426663681,843,562,1
1764426663681,840,563,1
1764426663697,837,564,1
1764426663697,834,565,1
1764426663712,831,565,1
1764426663712,826,566,0
1764426663728,822,566,0
1764426663728,818,567,0
1764426663744,812,567,0
1764426663744,807,568,0
1764426663760,803,568,0
1764426663760,797,569,0
1764426663775,791,570,0
1764426663775,786,571,0
1764426663791,779,571,0
1764426663791,772,572,0
1764426663807,765,572,0
1764426663807,759,573,0
1764426663823,751,573,0
1764426663823,742,574,0
1764426663839,736,574,0
1764426663839,727,575,0
1764426663855,721,576,0
1764426663855,713,576,0
1764426663871,706,577,0
1764426663871,699,578,0
1764426663887,692,578,0
1764426663887,686,579,0
1764426663902,681,579,0
1764426663902,677,579,0
1764426663918,671,580,0
1764426663918,667,581,0
1764426663934,663,581,0
1764426663934,659,581,0
1764426663950,655,581,0
1764426663950,650,581,1
1764426663966,646,581,1
1764426663966,642,581,1
1764426663983,636,582,1
1764426663983,632,582,1
1764426663999,629,582,1
1764426663999,626,582,1
1764426664015,623,582,1
1764426664015,620,582,1
1764426664032,618,582,1
1764426664032,615,582,1
1764426664048,613,582,1
1764426664048,611,582,1
1764426664064,609,582,1
1764426664064,607,582,1
1764426664080,604,582,1
1764426664080,601,581,1
1764426664096,599,581,1
1764426664096,596,579,1
1764426664112,593,578,1
1764426664112,588,576,1
1764426664128,583,573,1
1764426664128,580,570,1
1764426664145,577,568,1
1764426664145,572,565,1
1764426664159,568,561,1
1764426664159,563,557,1
1764426664175,560,554,1
1764426664175,556,550,1
1764426664191,553,547,1
1764426664191,549,544,1
1764426664207,546,540,1
1764426664207,543,537,1
1764426664223,541,535,1
1764426664223,538,531,1
1764426664239,535,528,1
1764426664239,533,525,1
1764426664255,530,522,1
1764426664255,528,518,1
1764426664271,526,515,1
1764426664271,523,510,1
1764426664286,521,506,1
1764426664286,518,500,1
1764426664302,515,494,1
1764426664302,512,488,1
1764426664318,510,482,1
1764426664318,507,476,1
1764426664334,505,471,1
1764426664334,502,465,1
1764426664352,499,459,1
1764426664352,497,453,1
1764426664366,494,447,1
1764426664366,491,441,1
1764426664382,488,435,1
1764426664382,485,429,1
1764426664400,483,424,1
1764426664400,480,418,1
1764426664414,479,412,1
1764426664414,477,406,1
1764426664434,475,400,1
1764426664434,473,395,1
1764426664445,470,388,1
1764426664445,467,382,1
1764426664461,465,375,1
1764426664461,463,369,1
1764426664477,461,364,1
1764426664477,460,360,1
1764426664494,459,356,1
1764426664494,458,351,1
1764426664509,458,348,1
1764426664509,458,346,1
1764426664525,458,344,1
1764426664525,458,341,1
1764426664541,458,337,1
1764426664541,459,331,1
1764426664557,460,326,1
1764426664557,461,320,1
1764426664573,462,315,1
1764426664573,463,309,1
1764426664589,464,303,1
1764426664589,466,299,1
1764426664605,468,294,1
1764426664605,469,290,1
1764426664621,471,284,1
1764426664621,473,278,1
1764426664636,475,275,1
1764426664636,478,270,1
1764426664656,479,267,1
1764426664657,481,264,1
1764426664668,483,259,1
1764426664668,485,256,1
1764426664684,487,252,1
1764426664684,489,249,1
1764426664700,491,246,1
1764426664700,493,243,1
1764426664716,494,240,1
1764426664716,496,238,1
1764426664731,498,235,1
1764426664731,500,232,1
1764426664747,502,229,1
1764426664747,504,227,1
1764426664763,506,224,1
1764426664763,508,221,1
1764426664779,510,218,1
1764426664779,513,215,1
1764426664795,515,212,1
1764426664795,518,209,1
1764426664811,520,207,1
1764426664811,522,204,1
1764426664827,526,201,1
1764426664827,528,198,1
1764426664843,531,196,1
1764426664843,533,194,1
1764426664859,535,191,1
1764426664859,539,189,1
1764426664875,541,186,1
1764426664875,545,184,1
1764426664890,548,181,1
1764426664890,550,180,1
1764426664907,554,177,1
1764426664922,557,175,1
1764426664922,560,173,1
1764426664922,564,171,1
1764426664938,567,170,1
1764426664954,572,167,1
1764426664954,575,165,1
1764426664954,579,163,1
1764426664969,583,162,1
1764426664985,587,160,1
1764426664987,592,158,1
1764426665001,595,157,1
1764426665001,600,155,1
1764426665017,603,153,1
1764426665017,606,151,1
1764426665033,610,150,1
1764426665033,613,148,1
1764426665048,616,147,1
1764426665048,619,146,1
1764426665065,621,145,1
1764426665065,624,144,1
1764426665080,627,143,1
1764426665080,629,142,1
1764426665096,632,141,1
1764426665096,635,140,1
1764426665113,638,139,1
1764426665113,642,137,1
1764426665128,645,136,1
1764426665128,648,135,1
1764426665144,651,134,1
1764426665144,656,133,1
1764426665160,660,132,1
1764426665160,664,131,1
1764426665176,669,130,1
1764426665176,673,130,1
1764426665192,676,130,1
1764426665192,678,130,1
1764426665208,681,130,1
1764426665208,683,130,1
1764426665224,685,130,1
1764426665224,687,130,1
1764426665240,690,130,1
1764426665240,693,129,1
1764426665256,696,129,1
1764426665256,699,129,1
1764426665272,703,129,1
1764426665272,708,129,1
1764426665288,712,129,1
1764426665288,716,129,1
1764426665304,721,129,1
1764426665304,725,129,1
1764426665320,729,129,1
1764426665320,734,129,1
1764426665336,737,130,1
1764426665336,741,131,1
1764426665353,745,131,1
1764426665355,750,132,1
1764426665367,754,133,1
1764426665367,760,134,1
1764426665383,765,136,1
1764426665383,770,138,1
1764426665399,776,140,1
1764426665399,783,142,1
1764426665415,790,144,1
1764426665415,797,147,1
1764426665431,804,149,1
1764426665431,811,152,1
1764426665447,818,155,1
1764426665447,824,158,1
1764426665463,830,161,1
1764426665463,835,164,1
1764426665479,839,165,1
1764426665479,841,167,1
1764426665495,844,168,1
1764426665495,845,169,1
1764426665512,846,170,1
1764426665512,847,170,1
1764426665529,848,171,1
1764426665529,849,172,1
1764426665543,851,173,1
1764426665558,852,173,1
1764426665558,853,175,1
1764426665574,856,176,1
1764426665574,858,179,1
1764426665590,860,181,1
1764426665590,863,182,1
1764426665606,865,185,1
1764426665606,867,187,1
1764426665622,869,189,1
1764426665622,872,192,1
1764426665638,874,194,1
1764426665638,876,196,1
1764426665653,879,200,1
1764426665653,881,202,1
1764426665669,883,204,1
1764426665669,885,207,1
1764426665685,887,209,1
1764426665685,889,211,1
1764426665701,891,213,1
1764426665701,894,216,1
1764426665721,895,217,1
1764426665723,896,219,1
1764426665733,898,220,1
1764426665733,899,222,1
1764426665749,901,224,1
1764426665749,902,225,1
1764426665765,904,227,1
1764426665765,905,228,1
1764426665781,906,229,1
1764426665781,908,231,1
1764426665797,909,232,1
1764426665797,909,233,1
1764426665813,910,233,1
1764426665813,911,234,1
1764426665829,911,235,1
1764426665829,912,235,1
1764426665845,913,236,1
1764426665845,913,237,1
1764426665861,914,238,1
1764426665861,915,240,1
1764426665877,916,240,1
1764426665877,916,241,1
1764426665893,917,243,1
1764426665893,919,244,1
1764426665909,920,246,1
1764426665909,921,247,1
1764426665925,923,249,1
1764426665925,924,252,1
1764426665940,925,254,1
1764426665940,926,256,1
1764426665956,927,257,1
1764426665956,928,260,1
1764426665972,929,261,1
1764426665972,929,263,1
1764426665988,931,265,1
1764426665988,932,268,1
1764426666004,933,270,1
1764426666004,934,272,1
1764426666020,935,274,1
1764426666020,936,277,1
1764426666036,937,280,1
1764426666036,938,283,1
1764426666052,938,286,1
1764426666052,939,288,1
1764426666068,940,290,1
1764426666068,941,292,1
1764426666083,941,295,1
1764426666083,942,298,1
1764426666099,943,302,1
1764426666099,943,306,1
1764426666115,944,309,1
1764426666115,944,312,1
1764426666131,945,315,1
1764426666131,945,318,1
1764426666147,945,321,1
1764426666147,945,324,1
1764426666163,945,327,1
1764426666163,945,330,1
1764426666179,945,333,1
1764426666179,945,336,1
1764426666195,945,339,0
1764426666195,945,342,0
1764426666211,945,346,0
1764426666211,946,349,0
1764426666227,946,353,0
1764426666227,946,356,0
1764426666243,946,359,0
1764426666243,946,362,0
1764426666259,946,365,0
1764426666259,946,367,0
1764426666274,946,370,0
1764426666274,946,372,0
1764426666290,946,374,0
1764426666290,947,377,1
1764426666306,947,379,1
1764426666306,947,381,1
1764426666322,947,383,1
1764426666338,947,385,1
1764426666338,947,387,1
1764426666354,948,389,1
1764426666354,948,392,1
1764426666354,948,394,1
1764426666370,948,396,1
1764426666386,948,398,1
1764426666386,948,400,1
1764426666386,948,403,1
1764426666402,949,405,1
1764426666418,949,407,1
1764426666418,949,410,1
1764426666434,949,412,1
1764426666434,949,414,1
1764426666434,949,415,1
1764426666450,950,417,1
1764426666450,950,419,1
1764426666466,950,420,1
1764426666466,950,421,1
1764426666482,950,423,1
1764426666482,950,424,1
1764426666498,950,426,1
1764426666498,950,427,1
1764426666514,950,429,1
1764426666530,950,432,1
1764426666532,950,434,1
1764426666546,950,436,1
1764426666546,950,438,1
1764426666546,950,440,1
1764426666561,950,441,1
1764426666577,950,444,1
1764426666577,950,445,1
1764426666577,950,447,1
1764426666593,950,448,1
1764426666609,950,449,1
1764426666609,950,451,1
1764426666625,950,452,1
1764426666625,950,453,1
1764426666640,950,455,1
1764426666640,950,456,1
1764426666656,950,458,1
1764426666656,950,460,1
1764426666672,950,461,1
1764426666672,950,464,1
1764426666687,950,466,1
1764426666687,949,468,1
1764426666703,948,469,1
1764426666703,948,472,1
1764426666719,947,473,1
1764426666719,946,475,1
1764426666735,946,476,1
1764426666735,945,479,1
1764426666751,945,480,1
1764426666751,943,481,1
1764426666767,942,484,1
1764426666767,941,486,1
1764426666784,940,487,1
1764426666784,939,489,1
1764426666800,937,491,1
1764426666800,936,493,1
1764426666816,934,494,1
1764426666816,933,497,1
1764426666831,932,498,1
1764426666831,930,500,1
1764426666847,929,502,1
1764426666847,927,503,1
1764426666863,926,505,1
1764426666863,924,508,1
1764426666881,923,509,1
1764426666881,921,511,1
1764426666895,919,513,1
1764426666895,917,514,1
1764426666911,915,516,1
1764426666911,913,518,1
1764426666927,911,520,1
1764426666927,909,521,1
1764426666943,907,523,1
1764426666943,905,526,1
1764426666959,903,527,1
1764426666959,900,529,1
1764426666975,898,531,1
1764426666975,896,532,1
1764426666990,894,534,1
1764426666990,891,535,1
1764426667006,889,537,1
1764426667006,888,538,1
1764426667022,885,540,1
1764426667022,883,542,1
1764426667038,881,544,1
1764426667038,879,545,1
1764426667054,876,547,1
1764426667054,874,548,1
1764426667070,872,550,1
1764426667070,870,550,1
1764426667090,867,552,1
1764426667094,866,552,1
1764426667101,864,553,1
1764426667101,862,554,1
1764426667117,860,555,1
1764426667117,859,555,1
1764426667133,858,556,1
1764426667133,855,557,1
1764426667149,854,557,1
1764426667149,852,558,1
1764426667165,850,559,1
1764426667165,847,560,1
1764426667181,844,561,1
1764426667181,842,562,1
1764426667197,840,563,1
1764426667197,837,563,1
1764426667213,835,564,1
1764426667213,832,565,1
1764426667229,830,566,1
1764426667229,828,566,1
1764426667245,825,567,0
1764426667245,823,568,0
1764426667261,820,569,0
1764426667261,817,569,0
1764426667277,814,570,0
1764426667277,811,571,0
1764426667293,809,572,0
1764426667293,806,572,0
1764426667309,803,573,0
1764426667309,800,574,0
1764426667325,798,574,0
1764426667325,795,575,0
1764426667341,792,575,0
1764426667341,788,576,0
1764426667357,785,577,0
1764426667357,783,578,0
1764426667372,781,578,0
1764426667372,778,579,0
1764426667388,775,579,0
1764426667388,773,579,0
1764426667404,770,580,0
1764426667404,767,580,0
1764426667420,764,581,0
1764426667420,762,581,0
1764426667436,760,582,0
1764426667436,759,582,0
1764426667451,757,582,0
1764426667451,755,583,0
1764426667467,753,583,0
1764426667467,752,584,0
1764426667483,750,584,0
1764426667483,747,584,0
1764426667499,745,585,0
1764426667499,744,586,0
1764426667515,742,586,0
1764426667515,740,587,0
1764426667531,737,587,0
1764426667531,735,588,0
1764426667547,734,589,0
1764426667547,732,589,0
1764426667562,730,589,0
1764426667562,728,590,0
1764426667580,726,591,0
1764426667580,725,591,0
1764426667594,722,592,1
1764426667594,720,592,1
1764426667610,717,592,1
1764426667610,714,593,1
1764426667626,711,594,1
1764426667626,708,594,1
1764426667642,705,595,1
1764426667642,703,595,1
1764426667658,700,595,1
1764426667658,698,595,1
1764426667674,695,596,1
1764426667674,693,596,1
1764426667690,691,596,1
1764426667690,689,596,1
1764426667705,687,596,1
1764426667721,685,596,1
1764426667723,682,596,1
1764426667737,679,596,1
1764426667737,677,596,1
1764426667737,674,596,1
1764426667753,671,596,1
1764426667769,668,596,1
1764426667769,665,596,1
1764426667786,662,596,1
1764426667792,658,595,1
1764426667796,655,595,1
1764426667801,650,594,1
1764426667801,647,592,1
1764426667817,644,591,1
1764426667817,639,589,1
1764426667833,635,588,1
1764426667833,632,586,1
1764426667849,627,584,1
1764426667865,624,582,1
1764426667865,621,581,1
1764426667881,617,579,1
1764426667881,613,576,1
1764426667881,609,575,1
1764426667897,606,572,1
1764426667897,601,569,1
1764426667913,596,566,1
1764426667929,593,564,1
1764426667929,590,561,1
1764426667945,585,557,1
1764426667945,581,555,1
1764426667961,576,551,1
1764426667961,573,548,1
1764426667977,571,546,1
1764426667977,567,542,1
1764426667992,564,540,1
1764426667992,560,537,1
1764426668008,556,534,1
1764426668008,554,531,1
1764426668024,551,528,1
1764426668024,547,525,1
1764426668040,544,522,1
1764426668040,541,520,1
1764426668056,539,518,1
1764426668056,535,515,1
1764426668072,533,513,1
1764426668072,531,511,1
1764426668088,529,508,1
1764426668088,526,506,1
1764426668104,524,504,1
1764426668104,522,502,1
1764426668120,519,500,1
1764426668120,517,498,1
1764426668136,513,493,1
1764426668152,511,491,1
1764426668156,509,488,1
1764426668168,508,487,1
1764426668168,507,485,1
1764426668183,505,483,1
1764426668183,504,481,1
1764426668199,503,480,1
1764426668199,502,478,1
1764426668215,501,475,1
1764426668215,500,473,1
1764426668231,499,471,1
1764426668231,498,469,1
1764426668248,497,465,1
1764426668248,497,463,1
1764426668262,496,459,1
1764426668262,495,456,1
1764426668279,495,453,1
1764426668279,495,449,1
1764426668295,495,445,1
1764426668295,494,441,1
1764426668311,494,437,1
1764426668311,494,432,1
1764426668327,494,428,1
1764426668327,494,423,1
1764426668343,494,417,1
1764426668343,494,412,1
1764426668358,494,405,1
1764426668358,494,400,1
1764426668374,494,394,1
1764426668374,494,388,1
1764426668390,494,382,1
1764426668390,494,377,1
1764426668406,494,371,1
1764426668406,494,366,1
1764426668424,494,361,1
1764426668424,494,355,1
1764426668438,495,350,1
1764426668438,496,344,1
1764426668455,496,339,1
1764426668455,497,333,1
1764426668470,497,328,1
1764426668470,497,323,1
1764426668486,497,319,1
1764426668486,497,314,1
1764426668502,497,310,1
1764426668502,497,305,1
1764426668518,497,301,1
1764426668518,498,297,1
1764426668534,498,294,1
1764426668534,498,290,1
1764426668550,499,287,1
1764426668550,499,284,1
1764426668566,499,280,1
1764426668566,500,277,1
1764426668582,500,274,1
1764426668582,501,271,1
1764426668597,501,268,1
1764426668597,502,265,1
1764426668613,503,261,1
1764426668613,504,258,1
1764426668630,504,255,1
1764426668630,505,253,1
1764426668645,507,250,1
1764426668645,508,248,1
1764426668661,509,245,1
1764426668661,510,242,1
1764426668677,511,240,1
1764426668677,512,238,1
1764426668693,514,236,1
1764426668693,515,233,1
1764426668709,516,231,1
1764426668709,517,229,1
1764426668725,519,227,1
1764426668725,520,225,1
1764426668741,521,222,1
1764426668741,523,220,1
1764426668757,524,219,1
1764426668757,526,216,1
1764426668773,528,214,1
1764426668773,530,213,1
1764426668789,532,210,1
1764426668789,535,208,1
1764426668805,537,206,1
1764426668805,539,204,1
1764426668821,541,202,1
1764426668821,544,200,1
1764426668837,546,199,1
1764426668837,549,196,1
1764426668853,552,194,1
1764426668853,554,193,1
1764426668869,556,191,1
1764426668869,558,190,1
1764426668885,561,188,1
1764426668885,563,187,1
1764426668900,566,184,1
1764426668900,568,183,1
1764426668916,571,180,1
1764426668916,573,179,1
1764426668932,575,177,1
1764426668932,577,176,1
1764426668948,579,175,1
1764426668948,580,174,1
1764426668964,582,172,1
1764426668964,584,172,1
1764426668980,586,170,1
1764426668980,588,169,1
1764426668996,590,167,1
1764426668996,592,166,1
1764426669012,593,165,1
1764426669012,595,164,1
1764426669027,597,164,1
1764426669027,598,162,1
1764426669043,601,161,1
1764426669043,603,160,1
1764426669059,605,159,1
1764426669059,607,158,1
1764426669075,609,157,1
1764426669075,612,156,1
1764426669090,614,155,1
1764426669090,617,153,1
1764426669106,619,153,1
1764426669106,621,152,1
1764426669122,623,152,1
1764426669138,628,149,1
1764426669154,631,149,1
1764426669157,634,148,1
1764426669157,636,147,1
1764426669170,639,146,1
1764426669170,643,145,1
1764426669186,646,144,1
1764426669186,649,143,1
1764426669201,652,142,1
1764426669218,655,141,1
1764426669218,658,141,1
1764426669233,661,140,1
1764426669233,664,139,1
1764426669250,667,139,1
1764426669250,669,139,1
1764426669250,672,139,1
1764426669265,673,139,1
1764426669281,675,138,1
1764426669281,677,138,1
1764426669281,678,138,1
1764426669297,680,137,1
1764426669313,681,137,1
1764426669313,683,136,1
1764426669329,685,136,1
1764426669329,686,136,1
1764426669345,687,136,1
1764426669361,688,136,1
1764426669361,690,136,1
1764426669377,691,136,1
1764426669377,692,136,1
1764426669377,694,136,1
1764426669393,696,136,1
1764426669409,699,136,1
1764426669409,701,136,1
1764426669425,704,136,1
1764426669427,705,136,1
1764426669441,707,136,1
1764426669441,708,136,1
1764426669457,710,136,1
1764426669457,712,136,1
1764426669473,714,136,1
1764426669473,716,136,1
1764426669489,719,136,1
1764426669489,722,136,1
1764426669489,726,136,1
1764426669505,729,136,1
1764426669521,733,136,1
1764426669521,737,136,1
1764426669537,741,136,1
1764426669537,744,136,1
1764426669553,748,136,1
1764426669553,751,136,1
1764426669553,754,136,1
1764426669569,757,136,1
1764426669569,759,136,1
1764426669585,761,136,1
1764426669601,764,137,1
1764426669602,766,137,1
1764426669617,769,137,1
1764426669617,772,138,1
1764426669617,775,138,1
1764426669633,778,139,1
1764426669649,781,139,1
1764426669649,785,139,1
1764426669664,789,140,1
1764426669664,792,141,1
1764426669680,795,142,1
1764426669680,799,143,1
1764426669696,802,143,1
1764426669696,806,144,1
1764426669712,809,145,1
1764426669712,812,146,1
1764426669728,815,147,1
1764426669728,818,147,1
1764426669744,822,149,1
1764426669744,824,150,1
1764426669760,825,150,1
1764426669760,827,152,1
1764426669776,830,153,1
1764426669776,831,155,1
1764426669792,833,156,1
1764426669792,835,156,1
1764426669809,837,158,1
1764426669816,838,158,1
1764426669824,840,159,1
1764426669824,841,160,1
1764426669840,842,161,1
1764426669840,844,161,1
1764426669856,845,162,1
1764426669856,846,162,1
1764426669872,847,163,1
1764426669872,848,164,1
1764426669888,850,165,1
1764426669888,852,167,1
1764426669905,853,167,1
1764426669905,855,169,1
1764426669920,857,170,1
1764426669920,858,172,1
1764426669936,861,173,1
1764426669936,862,175,1
1764426669952,864,176,1
1764426669952,867,178,1
1764426669968,868,178,1
1764426669968,870,180,1
1764426669984,872,181,1
1764426669984,875,183,1
1764426670000,876,184,1
1764426670000,878,186,1
1764426670016,880,186,1
1764426670016,882,188,1
1764426670031,884,189,1
1764426670031,886,191,1
1764426670047,887,192,1
1764426670047,889,194,1
1764426670063,892,195,1
1764426670063,894,198,1
1764426670079,896,199,1
1764426670079,898,200,1
1764426670095,899,202,1
1764426670095,900,203,1
1764426670111,902,205,1
1764426670111,904,206,1
1764426670127,905,208,1
1764426670127,907,209,1
1764426670142,908,211,1
1764426670142,910,213,1
1764426670158,911,215,1
1764426670158,913,216,1
1764426670173,914,219,1
1764426670173,916,221,1
1764426670189,917,223,1
1764426670189,920,225,1
1764426670205,921,228,1
1764426670205,923,230,1
1764426670221,924,232,1
1764426670221,926,234,1
1764426670237,926,237,1
1764426670237,927,239,1
1764426670253,928,241,1
1764426670253,929,244,1
1764426670269,930,247,1
1764426670269,931,250,1
1764426670287,932,253,1
1764426670287,932,256,1
1764426670300,933,259,1
1764426670300,934,262,1
1764426670316,936,265,1
1764426670316,936,268,1
1764426670332,937,271,1
1764426670332,938,274,1
1764426670348,939,278,1
1764426670348,940,281,1
1764426670364,941,284,1
1764426670364,942,287,1
1764426670380,943,290,1
1764426670380,944,293,1
1764426670396,945,296,1
1764426670396,946,298,1
1764426670411,946,301,1
1764426670411,947,302,1
1764426670429,948,304,1
1764426670429,949,307,1
1764426670443,950,309,1
1764426670443,951,311,1
1764426670459,952,312,1
1764426670459,952,315,1
1764426670475,953,317,1
1764426670475,954,319,1
1764426670495,954,321,1
1764426670495,955,323,1
1764426670507,956,325,1
1764426670507,957,327,1
1764426670523,958,329,1
1764426670523,959,331,1
1764426670539,960,334,1
1764426670539,960,336,1
1764426670555,961,338,1
1764426670555,962,340,1
1764426670572,962,342,1
1764426670572,963,345,1
1764426670586,964,347,1
1764426670586,965,349,1
1764426670602,965,351,1
1764426670602,966,353,1
1764426670618,967,355,1
1764426670618,968,357,1
1764426670634,968,359,1
1764426670634,969,361,1
1764426670650,970,363,1
1764426670650,971,366,1
1764426670666,971,368,1
1764426670682,971,370,1
1764426670682,971,372,1
1764426670682,971,375,1
1764426670698,971,377,1
1764426670698,972,380,1
1764426670714,972,382,1
1764426670714,972,385,1
1764426670730,972,387,1
1764426670730,972,390,1
1764426670746,972,392,1
1764426670746,972,394,1
1764426670761,972,396,1
1764426670761,972,398,1
1764426670777,972,400,1
1764426670793,972,402,1
1764426670793,972,403,1
1764426670809,972,405,1
1764426670809,971,408,1
1764426670809,971,410,1
1764426670825,971,412,1
1764426670841,970,415,1
1764426670841,969,417,1
1764426670857,968,419,1
1764426670857,968,421,1
1764426670873,967,423,1
1764426670873,966,425,1
1764426670889,966,426,1
1764426670889,966,427,1
1764426670905,965,430,1
1764426670905,965,431,1
1764426670921,965,433,1
1764426670921,964,434,1
1764426670936,962,438,1
1764426670936,962,439,1
1764426670952,962,441,1
1764426670952,961,443,1
1764426670968,960,446,1
1764426670969,960,447,1
1764426670984,959,449,1
1764426670984,958,451,1
1764426671000,957,453,1
1764426671000,957,456,1
1764426671016,956,458,1
1764426671016,955,460,1
1764426671032,954,462,1
1764426671032,954,464,1
1764426671048,953,466,1
1764426671048,952,467,1
1764426671063,952,469,1
1764426671063,952,472,1
1764426671080,951,474,1
1764426671080,950,476,1
1764426671095,949,478,1
1764426671095,948,480,1
1764426671111,946,483,1
1764426671111,945,484,1
1764426671127,943,486,1
1764426671127,942,489,1
1764426671143,940,491,1
1764426671143,937,493,1
1764426671159,935,495,1
1764426671159,934,498,1
1764426671176,932,500,1
1764426671176,930,502,1
1764426671190,928,504,1
1764426671190,926,505,1
1764426671206,925,507,1
1764426671206,923,509,1
1764426671222,922,510,1
1764426671222,920,512,1
1764426671238,919,513,1
1764426671238,917,515,1
1764426671254,917,516,1
1764426671254,915,517,1
1764426671270,914,519,1
1764426671270,912,520,1
1764426671285,912,522,1
1764426671285,910,523,1
1764426671301,909,524,1
1764426671301,908,526,1
1764426671317,906,526,1
1764426671317,905,528,1
1764426671333,903,529,1
1764426671333,902,531,1
1764426671349,900,532,1
1764426671349,899,534,1
1764426671364,898,535,1
1764426671364,896,536,1
1764426671380,895,537,1
1764426671380,893,538,1
1764426671396,892,539,1
1764426671412,891,540,1
1764426671412,890,542,1
1764426671428,888,543,1
1764426671428,887,544,1
1764426671443,885,545,1
1764426671443,884,547,1
1764426671459,882,548,1
1764426671459,880,549,1
1764426671476,878,550,1
1764426671476,876,552,1
1764426671492,874,553,1
1764426671492,871,554,1
1764426671507,868,556,1
1764426671507,865,557,1
1764426671524,862,559,1
1764426671524,857,561,1
1764426671539,854,562,1
1764426671539,851,564,1
1764426671556,846,566,1
1764426671556,842,567,1
1764426671571,838,569,1
1764426671571,834,571,1
1764426671587,831,572,1
1764426671587,826,573,1
1764426671603,822,574,1
1764426671603,819,575,1
1764426671619,816,577,1
1764426671619,812,578,1
1764426671635,808,578,1
1764426671635,804,580,1
1764426671651,800,581,1
1764426671651,796,582,1
1764426671666,793,583,1
1764426671666,789,584,1
1764426671682,786,584,1
1764426671682,783,585,1
1764426671698,778,586,1
1764426671698,775,587,1
1764426671714,771,588,1
1764426671714,766,588,1
1764426671730,762,589,1
1764426671730,759,590,1
1764426671746,756,591,1
1764426671746,753,591,1
1764426671762,750,592,1
1764426671762,747,592,1
1764426671778,744,593,1
1764426671778,742,593,1
1764426671794,738,594,1
1764426671794,735,594,1
1764426671810,733,594,1
1764426671826,730,595,1
1764426671826,727,596,1
1764426671842,724,596,1
1764426671842,721,596,1
1764426671842,718,596,1
1764426671858,714,597,1
1764426671858,711,597,1
1764426671874,708,597,1
1764426671889,706,598,1
1764426671889,704,598,1
1764426671905,702,598,1
1764426671905,699,598,1
1764426671921,697,598,1
1764426671921,696,598,1
1764426671937,694,598,1
1764426671937,693,599,1
1764426671937,691,599,1
1764426671953,689,599,1
1764426671953,688,599,1
1764426671969,686,599,1
1764426671969,684,599,1
1764426671985,682,599,1
1764426672001,681,599,1
1764426672001,680,599,1
1764426672017,678,599,1
1764426672017,677,599,1
1764426672017,676,599,1
1764426672033,674,599,1
1764426672033,672,599,1
1764426672049,671,599,1
1764426672065,669,599,1
1764426672065,668,599,1
1764426672081,667,599,1
1764426672081,665,599,1
1764426672097,664,599,1
1764426672097,663,599,1
1764426672113,661,599,1
1764426672113,660,599,1
1764426672128,659,599,1
1764426672128,657,599,1
1764426672144,655,599,1
1764426672144,654,599,1
1764426672160,652,599,1
1764426672160,651,599,1
1764426672176,649,599,1
1764426672176,647,599,1
1764426672192,645,599,1
1764426672192,643,598,1
1764426672207,642,598,1
1764426672207,639,597,1
1764426672223,637,596,1
1764426672223,636,596,1
1764426672239,635,596,1
1764426672239,633,595,1
1764426672255,632,594,1
1764426672255,631,594,1
1764426672271,629,594,1
1764426672271,628,593,1
1764426672287,626,591,1
1764426672287,623,591,1
1764426672302,621,589,1
1764426672302,619,588,1
1764426672318,617,586,1
1764426672318,614,585,1
1764426672336,610,582,1
1764426672336,608,580,1
1764426672350,604,577,1
1764426672350,601,574,1
1764426672366,596,572,1
1764426672366,593,569,1
1764426672382,589,566,1
1764426672382,586,564,1
1764426672397,582,561,1
1764426672397,579,559,1
1764426672413,577,557,1
1764426672413,574,555,1
1764426672429,572,553,1
1764426672429,570,552,1
1764426672445,567,550,1
1764426672445,565,549,1
1764426672461,563,547,1
1764426672461,561,545,1
1764426672477,559,544,1
1764426672477,558,542,1
1764426672492,556,541,1
1764426672492,555,539,1
1764426672508,554,537,1
1764426672508,552,536,1
1764426672524,551,534,1
1764426672524,549,533,1
1764426672544,548,531,1
1764426672546,546,530,1
1764426672555,545,528,1
1764426672555,543,526,1
1764426672571,543,525,1
1764426672571,541,524,1
1764426672590,540,521,1
1764426672590,538,519,1
1764426672603,537,517,1
1764426672603,535,515,1
1764426672619,533,512,1
1764426672619,532,510,1
1764426672635,530,508,1
1764426672635,529,506,1
1764426672651,527,505,1
1764426672651,527,504,1
1764426672667,526,502,1
1764426672667,524,500,1
1764426672682,524,498,1
1764426672682,522,496,1
1764426672698,521,493,1
1764426672698,519,490,1
1764426672714,518,488,1
1764426672730,516,485,1
1764426672730,514,481,1
1764426672730,513,478,1
1764426672746,512,475,1
1764426672746,510,473,1
1764426672761,510,471,1
1764426672761,508,467,1
1764426672777,507,465,1
1764426672793,507,463,1
1764426672800,505,461,1
1764426672801,505,459,1
1764426672809,504,456,1
1764426672825,503,455,1
1764426672825,501,453,1
1764426672840,501,451,1
1764426672840,499,448,1
1764426672856,498,446,1
1764426672856,498,444,1
1764426672872,496,442,1
1764426672872,495,439,1
1764426672888,494,437,1
1764426672888,493,435,1
1764426672904,492,433,1
1764426672904,490,431,1
1764426672920,490,428,1
1764426672920,489,426,1
1764426672936,488,424,1
1764426672936,487,422,1
1764426672952,487,420,1
1764426672952,486,417,1
1764426672968,484,415,1
1764426672968,484,413,1
1764426672984,484,412,1
1764426672984,483,409,1
1764426673000,482,406,1
1764426673000,481,403,1
1764426673016,480,401,1
1764426673016,480,398,1
1764426673031,480,396,1
1764426673031,480,393,1
1764426673047,479,391,1
1764426673047,478,388,1
1764426673063,478,385,1
1764426673063,478,383,1
1764426673078,478,381,1
1764426673078,478,379,1
1764426673094,478,376,1
1764426673094,478,374,1
1764426673110,478,371,1
1764426673110,478,368,1
1764426673126,478,365,1
1764426673126,478,361,1
1764426673142,478,357,1
1764426673142,478,353,1
1764426673157,478,349,1
1764426673157,479,344,1
1764426673173,479,340,1
1764426673173,479,336,1
1764426673194,480,331,1
1764426673194,481,327,1
1764426673204,482,323,1
1764426673204,483,320,1
1764426673220,484,315,1
1764426673220,484,312,1
1764426673236,485,309,1
1764426673236,487,306,1
1764426673252,488,301,1
1764426673252,489,298,1
1764426673267,490,295,1
1764426673267,491,292,1
1764426673283,492,288,1
1764426673283,494,284,1
1764426673299,494,281,1
1764426673299,495,278,1
1764426673315,496,276,1
1764426673315,497,273,1
1764426673331,497,271,1
1764426673331,499,268,1
1764426673347,500,266,1
1764426673347,501,263,1
1764426673362,502,261,1
1764426673378,503,258,1
1764426673378,504,255,1
1764426673394,506,252,1
1764426673394,507,249,1
1764426673394,509,247,1
1764426673410,510,245,1
1764426673410,512,242,1
1764426673426,513,239,1
1764426673426,515,238,1
1764426673442,516,236,1
1764426673458,518,234,1
1764426673458,519,232,1
1764426673474,521,230,1
1764426673474,522,227,1
1764426673474,525,225,1
1764426673489,527,223,1
1764426673505,529,220,1
1764426673505,532,217,1
1764426673505,535,214,1
1764426673521,539,212,1
1764426673537,541,209,1
1764426673537,543,207,1
1764426673553,546,206,1
1764426673553,547,204,1
1764426673569,548,203,1
1764426673569,550,201,1
1764426673585,551,200,1
1764426673585,553,198,1
1764426673601,554,197,1
1764426673601,556,195,1
1764426673617,558,193,1
1764426673617,560,192,1
1764426673633,562,190,1
1764426673633,563,189,1
1764426673649,564,188,1
1764426673649,566,186,1
1764426673664,568,185,1
1764426673664,569,184,1
1764426673681,572,183,1
1764426673681,574,181,1
1764426673697,576,180,1
1764426673698,578,178,1
1764426673712,582,176,1
1764426673712,586,173,1
1764426673728,591,171,1
1764426673728,596,168,1
1764426673744,600,166,1
1764426673744,605,164,1
1764426673759,609,162,1
1764426673759,614,160,1
1764426673775,617,158,1
1764426673775,620,157,1
1764426673791,624,155,1
1764426673791,628,153,1
1764426673807,632,151,1
1764426673807,635,150,1
1764426673823,639,148,1
1764426673823,642,147,1
1764426673839,646,146,1
1764426673839,649,144,1
1764426673855,652,143,1
1764426673855,654,142,1
1764426673871,657,142,1
1764426673871,659,140,1
1764426673886,661,140,1
1764426673886,663,140,1
1764426673906,664,140,1
1764426673907,666,139,1
1764426673918,667,138,1
1764426673918,669,137,1
1764426673934,672,137,1
1764426673934,673,137,1
1764426673952,675,136,1
1764426673952,677,135,1
1764426673966,679,135,1
1764426673966,681,135,1
1764426673982,683,134,1
1764426673982,685,133,1
1764426673998,686,133,1
1764426673998,689,132,1
1764426674014,690,132,1
1764426674014,692,132,1
1764426674029,693,132,1
1764426674029,695,131,1
1764426674045,696,131,1
1764426674045,697,130,1
1764426674061,699,130,1
1764426674061,701,130,1
1764426674077,702,130,1
1764426674077,703,130,1
1764426674093,705,130,1
1764426674093,706,130,1
1764426674109,707,130,1
1764426674109,708,130,1
1764426674125,709,130,1
1764426674125,710,130,1
1764426674141,712,130,1
1764426674141,713,130,1
1764426674161,715,130,1
1764426674161,717,130,1
1764426674173,719,130,1
1764426674173,721,130,1
1764426674189,724,130,1
1764426674189,726,130,1
1764426674205,728,130,1
1764426674211,730,130,1
1764426674221,732,130,1
1764426674221,735,130,1
1764426674236,737,130,1
1764426674236,740,130,1
1764426674252,743,130,1
1764426674252,745,130,1
1764426674268,748,130,1
1764426674268,750,130,1
1764426674284,753,130,1
1764426674284,754,130,1
1764426674300,755,131,1
1764426674300,757,131,1
1764426674316,758,132,1
1764426674316,760,132,1
1764426674331,761,132,1
1764426674331,764,133,1
1764426674347,765,134,1
1764426674347,767,135,1
1764426674363,769,135,1
1764426674363,771,135,1
1764426674379,773,136,1
1764426674379,775,137,1
1764426674395,777,137,1
1764426674395,779,138,1
1764426674411,782,139,1
1764426674411,784,140,1
1764426674426,786,140,1
1764426674443,788,142,1
1764426674443,790,143,1
1764426674443,793,143,1
1764426674460,795,145,1
1764426674474,797,146,1
1764426674474,799,147,1
1764426674474,801,148,1
1764426674490,803,148,1
1764426674506,805,149,1
1764426674506,807,150,1
1764426674506,810,151,1
1764426674521,811,152,1
1764426674521,812,153,1
1764426674537,814,153,1
1764426674553,816,154,1
1764426674553,817,155,1
1764426674569,819,156,1
1764426674585,820,157,1
1764426674585,822,157,1
1764426674601,823,158,1
1764426674601,825,160,1
1764426674617,826,160,1
1764426674617,827,161,1
1764426674633,829,162,1
1764426674633,830,163,1
1764426674648,831,164,1
1764426674648,834,165,1
1764426674664,836,167,1
1764426674664,838,168,1
1764426674680,840,169,1
1764426674680,842,170,1
1764426674696,843,171,1
1764426674696,845,172,1
1764426674712,847,174,1
1764426674712,848,175,1
1764426674728,850,176,1
1764426674728,852,178,1
1764426674743,854,179,1
1764426674743,855,180,1
1764426674759,857,181,1
1764426674759,858,182,1
1764426674775,860,183,1
1764426674775,859,182,1
1764426674791,858,182,1
1764426674791,859,182,1
1764426674807,860,183,1
1764426674807,862,184,1
1764426674823,864,187,1
1764426674823,866,188,1
1764426674839,868,190,1
1764426674839,870,192,1
1764426674855,872,194,1
1764426674855,874,196,1
1764426674871,877,198,1
1764426674871,879,199,1
1764426674887,882,202,1
1764426674887,885,204,1
1764426674903,887,207,1
1764426674903,889,208,1
1764426674919,891,210,1
1764426674919,894,212,1
1764426674935,896,214,1
1764426674935,898,216,1
1764426674951,900,217,1
1764426674951,903,219,1
1764426674966,905,222,1
1764426674966,907,223,1
1764426674982,910,226,1
1764426674982,912,227,1
1764426674998,913,228,1
1764426674998,915,230,1
1764426675014,916,231,1
1764426675014,918,233,1
1764426675030,919,234,1
1764426675030,920,236,1
1764426675046,922,237,1
1764426675046,923,239,1
1764426675063,925,241,1
1764426675063,926,243,1
1764426675077,929,245,1
1764426675084,930,247,1
1764426675093,931,249,1
1764426675093,933,251,1
1764426675109,934,253,1
1764426675109,936,256,1
1764426675125,937,257,1
1764426675125,939,259,1
1764426675141,940,262,1
1764426675141,941,264,1
1764426675157,942,266,1
1764426675157,943,268,1
1764426675173,944,270,1
1764426675173,946,274,1
1764426675188,946,276,1
1764426675188,947,279,1
1764426675204,948,282,1
1764426675204,950,285,1
1764426675220,951,289,1
1764426675229,952,292,1
0,0,0,0
1764426675236,954,295,1
1764426675236,954,298,1
1764426675251,955,301,1
1764426675251,957,304,1
1764426675267,958,307,1
1764426675267,958,311,1
1764426675283,959,313,1
1764426675283,960,316,1
1764426675299,961,318,1
1764426675299,961,321,1
1764426675319,962,324,1
1764426675321,963,326,1
1764426675331,964,329,1
1764426675331,965,333,1
1764426675346,966,336,1
1764426675346,967,339,1
1764426675362,968,343,1
1764426675378,968,346,1
1764426675378,970,351,1
1764426675378,971,354,1
1764426675394,972,357,1
1764426675410,973,360,1
1764426675410,973,363,1
1764426675426,974,365,1
1764426675426,975,368,1
1764426675442,976,372,1
1764426675442,976,375,1
1764426675442,977,378,1
1764426675460,978,381,1
1764426675474,978,383,1
1764426675474,979,386,1
1764426675489,979,388,1
1764426675493,979,390,1
1764426675505,979,392,1
1764426675505,979,395,1
1764426675521,979,398,1
1764426675521,979,401,1
1764426675537,979,404,1
1764426675537,979,406,1
1764426675553,979,408,1
1764426675553,979,411,1
1764426675569,979,413,1
1764426675569,979,415,1
1764426675585,979,417,1
1764426675585,978,419,1
1764426675601,977,421,1
1764426675601,977,423,1
1764426675601,977,425,1
1764426675617,975,428,1
1764426675633,974,431,1
1764426675633,974,433,1
1764426675649,973,435,1
1764426675649,973,437,1
1764426675665,971,439,1
1764426675665,971,441,1
1764426675680,971,443,1
1764426675680,970,444,1
1764426675696,969,446,1
1764426675696,968,449,1
1764426675712,967,451,1
1764426675712,966,453,1
1764426675728,965,455,1
1764426675728,965,457,1
1764426675744,963,460,1
1764426675744,963,461,1
1764426675760,962,463,1
1764426675760,960,465,1
1764426675776,960,468,1
1764426675776,959,469,1
1764426675792,958,470,1
1764426675800,958,472,1
1764426675808,957,473,1
1764426675808,957,474,1
1764426675824,956,475,1
1764426675840,956,476,1
1764426675856,956,477,1
1764426675872,955,478,1
1764426675920,955,479,1
1764426675952,954,479,1
1764426675969,954,481,1
1764426676081,954,482,1
1764426676194,954,483,1
1764426676214,954,484,1
1764426676229,954,485,1
1764426676242,954,486,1
1764426676305,954,487,1
1764426676337,954,488,1
1764426676343,954,489,1
1764426676353,953,490,1
1764426676369,953,491,1
1764426676369,953,492,1
1764426676385,953,493,1
1764426676401,953,494,1
1764426676484,953,495,1
1764426676498,953,496,1
1764426678058,953,497,1
1764426678074,952,498,1
1764426678090,951,499,1
1764426678090,951,501,1
1764426678106,950,503,1
1764426678106,949,504,1
1764426678106,949,506,1
1764426678122,947,507,1
1764426678138,946,508,1
1764426678138,946,509,1
1764426678138,945,510,1
1764426678160,945,511,1
1764426678170,944,512,1
1764426678186,943,514,1
1764426678202,942,514,1
1764426678202,942,516,1
1764426678202,940,517,1
1764426678217,939,518,1
1764426678234,938,520,1
1764426678234,937,522,1
1764426678234,935,523,1
1764426678250,934,525,1
1764426678250,932,527,1
1764426678266,931,529,1
1764426678282,930,530,1
1764426678282,928,532,1
1764426678297,927,534,1
1764426678297,924,537,1
1764426678313,923,538,1
1764426678313,921,540,1
1764426678329,919,542,1
1764426678329,917,544,1
1764426678345,914,546,1
1764426678345,912,549,1
1764426678363,909,551,1
1764426678364,906,554,1
1764426678377,903,556,1
1764426678377,899,560,1
1764426678393,896,563,1
1764426678393,891,566,1
1764426678409,886,570,1
1764426678409,881,574,1
1764426678425,875,578,1
1764426678425,871,581,1
1764426678441,865,584,1
1764426678441,859,588,1
1764426678457,854,591,1
1764426678457,849,593,1
1764426678473,844,596,1
1764426678473,838,599,1
1764426678491,832,602,1
1764426678491,825,605,1
1764426678505,817,608,1
1764426678509,810,610,1
1764426678521,802,614,1
1764426678521,794,617,1
1764426678536,787,620,1
1764426678536,779,623,1
1764426678552,772,626,1
1764426678552,765,628,1
1764426678568,758,630,1
1764426678568,751,632,1
1764426678584,744,633,1
1764426678584,739,634,1
1764426678600,733,635,1
1764426678600,729,636,1
1764426678616,726,636,1
1764426678616,724,636,1
1764426678632,721,636,1
1764426678632,719,636,1
1764426678648,717,633,1
1764426678648,712,630,1
1764426678664,707,625,1
1764426678666,702,618,1
1764426678680,696,610,1
1764426678680,687,600,1
1764426678696,677,586,0
1764426678696,668,571,0
1764426678712,656,549,0
1764426678712,645,529,0
1764426678728,637,508,0
1764426678728,629,486,0
1764426678744,622,466,0
1764426678744,616,445,0
1764426678760,614,422,0
1764426678760,611,399,0
1764426678776,609,379,0
1764426678776,609,360,0
1764426678792,609,343,0
1764426678792,609,328,0
1764426678808,610,315,0
1764426678808,614,302,0
1764426678824,617,289,0
1764426678824,620,277,0
1764426678840,625,265,0
1764426678840,631,251,0
1764426678856,638,238,0
1764426678856,646,227,0
1764426678872,656,215,0
1764426678877,667,205,0
1764426678888,678,195,0
1764426678888,692,187,0
1764426678904,706,181,0
1764426678904,722,177,0
1764426678920,743,174,0
1764426678920,762,174,0
1764426678936,781,174,0
1764426678936,804,177,0
1764426678952,831,183,0
1764426678952,859,195,0
1764426678968,888,208,1
1764426678968,917,226,1
1764426678985,942,244,1
1764426678987,963,265,1
1764426678987,981,287,1
1764426679003,992,313,0
1764426679003,1000,340,0
1764426679019,1003,366,0
1764426679019,1003,390,0
1764426679035,998,417,0
1764426679035,987,445,0
1764426679051,967,475,1
1764426679051,941,501,1
1764426679067,908,529,1
1764426679067,870,553,1
1764426679085,823,575,1
1764426679085,773,593,1
1764426679099,725,604,1
1764426679099,675,610,1
1764426679115,626,610,1
1764426679115,585,605,0
1764426679130,544,592,0
1764426679147,510,575,0
1764426679148,479,552,0
1764426679148,452,524,0
1764426679162,429,491,0
1764426679162,411,459,0
1764426679178,399,428,0
1764426679178,393,399,0
1764426679194,393,372,0
1764426679194,396,346,0
1764426679210,405,321,0
1764426679210,422,294,0
1764426679226,448,268,0
1764426679226,478,246,0
1764426679242,515,230,1
1764426679242,558,219,0
1764426679265,602,213,0
1764426679274,648,213,0
1764426679274,699,223,0
1764426679290,751,239,0
1764426679290,798,260,0
1764426679306,841,288,0
1764426679306,880,321,0
1764426679322,910,355,0
1764426679322,933,385,0
1764426679322,949,416,1
1764426679338,958,451,1
1764426679338,961,482,1
1764426679358,957,519,0
1764426679358,940,560,0
1764426679370,913,601,0
1764426679370,878,640,0
1764426679385,837,674,0
1764426679385,789,699,0
1764426679401,748,714,0
1764426679401,708,720,0
1764426679417,675,716,0
1764426679433,641,704,0
1764426679433,604,680,0
1764426679449,567,645,0
1764426679449,532,606,0
1764426679465,498,562,0
1764426679465,470,516,0
1764426679481,451,474,0
1764426679481,440,431,0
1764426679496,434,392,0
1764426679498,436,353,0
1764426679512,447,313,0
1764426679512,470,273,1
1764426679528,500,237,1
1764426679528,542,201,1
1764426679544,596,166,1
1764426679544,662,138,1
1764426679560,732,117,1
1764426679560,806,106,0
1764426679576,880,102,0
1764426679576,948,108,0
1764426679592,1013,123,0
1764426679592,1067,143,0
1764426679607,1115,167,0
1764426679607,1151,193,0
1764426679623,1180,222,0
1764426679623,1199,252,0
1764426679639,1211,285,0
1764426679639,1218,317,0
1764426679656,1214,353,0
1764426679656,1201,397,0
1764426679672,1178,442,0
1764426679674,1146,488,0
1764426679688,1107,532,0
1764426679688,1063,573,0
1764426679704,1014,605,0
1764426679704,964,627,0
1764426679720,918,638,0
1764426679720,877,642,0
1764426679736,838,637,0
1764426679736,799,624,1
1764426679752,762,601,1
1764426679752,725,569,0
1764426679767,688,529,0
1764426679767,651,483,0
1764426679783,619,434,0
1764426679783,590,383,0
1764426679799,567,338,0
1764426679799,548,294,0
1764426679815,537,253,0
1764426679815,531,219,1
1764426679831,530,189,1
1764426679831,533,163,0
1764426679847,540,143,0
1764426679847,549,128,0
1764426679864,562,116,0
1764426679864,577,109,0
1764426679880,595,105,0
1764426679880,619,102,0
1764426679896,646,103,0
1764426679896,681,112,1
1764426679912,717,127,1
1764426679912,754,145,1
1764426679928,790,169,0
1764426679928,820,195,0
1764426679944,847,223,0
1764426679944,867,255,0
1764426679960,881,291,0
1764426679960,889,331,0
1764426679976,890,372,0
1764426679976,887,414,0
1764426679992,874,455,0
1764426679992,856,489,0
1764426680008,830,520,0
1764426680008,805,542,0
1764426680024,775,561,0
1764426680024,744,573,0
1764426680040,718,579,0
1764426680040,695,581,0
1764426680056,672,578,0
1764426680056,647,570,0
1764426680072,621,557,0
1764426680072,591,538,0
1764426680088,563,513,0
1764426680088,537,487,0
1764426680104,513,461,1
1764426680104,496,434,1
1764426680120,482,406,1
1764426680120,472,375,1
1764426680136,468,346,1
1764426680136,468,319,1
1764426680152,472,290,1
1764426680152,484,262,1
1764426680168,503,235,1
1764426680168,531,208,1
1764426680184,569,184,1
1764426680184,616,164,1
1764426680200,675,148,1
1764426680200,744,139,1
1764426680216,820,137,1
1764426680216,907,144,0
1764426680232,995,159,0
1764426680232,1084,181,0
1764426680252,1240,249,0
1764426680266,1304,288,0
1764426680266,1354,329,0
1764426680279,1388,371,0
1764426680279,1408,410,0
1764426680295,1419,448,0
1764426680295,1419,489,0
1764426680311,1412,531,0
1764426680311,1395,573,0
1764426680327,1367,616,0
1764426680327,1336,655,0
1764426680343,1302,689,0
1764426680343,1266,719,0
1764426680359,1233,743,0
1764426680471,1180,745,0
1764426680487,1191,734,0
1764426680487,1202,725,0
1764426680504,1215,718,0
1764426680504,1227,713,0
1764426680519,1240,708,0
1764426680519,1251,705,0
1764426680535,1260,703,0
1764426680535,1267,701,0
1764426680550,1273,700,0
1764426680550,1277,700,0
1764426680566,1280,699,0
1764426680566,1282,698,0
1764426680582,1284,698,0
1764426680614,1285,698,0
1764426680741,1286,698,0
1764426680757,1288,698,0
1764426680773,1291,698,0
1764426680773,1295,698,0
1764426680789,1300,699,0
1764426680789,1306,700,0
1764426680805,1311,700,0
1764426680805,1318,702,0
1764426680821,1325,703,0
1764426680821,1332,704,0
1764426680837,1341,706,0
1764426680837,1349,709,0
1764426680853,1357,711,0
1764426680853,1365,713,0
1764426680869,1372,714,0
1764426680869,1378,716,0
1764426680885,1382,716,0
1764426680885,1385,717,0
1764426680901,1388,718,0
1764426680901,1389,719,0
1764426680916,1390,719,0
1764426681367,1391,719,0
1764426681367,1391,720,0
1764426681383,1388,724,0
1764426681383,1379,729,0
1764426681399,1365,734,0
1764426681399,1347,736,0
1764426681414,1325,738,0
1764426681414,1314,738,0
1764426682107,1313,738,0
1764426682107,1325,734,0
1764426682123,1342,719,0
1764426682123,1366,707,0
1764426682139,1383,700,0
1764426682139,1393,698,0
1764426682155,1398,696,0
1764426682300,1400,696,0
1764426682300,1400,697,0
1764426682315,1399,697,0
1764426682315,1394,699,0
1764426682331,1386,701,0
1764426682331,1375,703,0
1764426682347,1364,704,0
1764426682347,1352,705,0
1764426682362,1341,705,0
1764426682362,1332,705,0
1764426682378,1325,705,0
1764426682378,1319,705,0
1764426682394,1313,705,0
1764426682410,1308,704,0
1764426682410,1303,703,0
1764426682410,1297,701,0
1764426682426,1292,699,0
1764426682442,1287,698,0
1764426682442,1283,696,0
1764426682442,1278,693,0
1764426682458,1274,690,0
1764426682458,1272,686,0
1764426682474,1269,683,0
1764426682474,1267,679,0
1764426682494,1265,676,0
1764426682494,1264,673,0
1764426682506,1263,671,0
1764426682506,1263,669,0
1764426682570,1264,669,0
1764426682586,1265,669,0
1764426682602,1266,669,0
1764426682604,1269,669,0
1764426682618,1272,670,0
1764426682618,1275,670,0
1764426682633,1278,670,0
1764426682633,1282,670,0
1764426682649,1285,670,0
1764426682649,1287,670,0
1764426682665,1288,670,0
1764426682665,1290,670,0
1764426682681,1292,670,0
1764426682681,1294,670,0
1764426682681,1297,670,0
1764426682697,1299,670,0
1764426682713,1300,670,0
1764426682713,1301,670,0
1764426682713,1302,670,0
1764426682761,1303,670,0
1764426682761,1304,670,0
1764426682777,1305,670,0
1764426682793,1306,671,0
1764426682793,1307,672,0
1764426682810,1307,674,0
1764426682812,1308,675,0
1764426682825,1309,676,0
1764426682825,1309,678,0
1764426682841,1310,680,0
1764426682841,1311,681,0
1764426682856,1311,683,0
1764426682872,1311,684,0
1764426682888,1312,684,0
1764426682904,1312,685,0
1764426682968,1312,686,0
1764426682984,1311,687,0
1764426682984,1310,687,0
1764426683000,1308,689,0
1764426683000,1304,690,0
1764426683016,1301,692,0
1764426683016,1298,695,0
1764426683032,1294,696,0
1764426683032,1290,699,0
1764426683048,1285,701,0
1764426683048,1281,703,0
1764426683064,1276,704,0
1764426683069,1270,706,0
1764426683080,1265,707,0
1764426683080,1259,708,0
1764426683096,1254,708,0
1764426683096,1246,708,0
1764426683112,1238,708,0
1764426683112,1230,708,0
1764426683128,1220,708,0
1764426683128,1211,708,0
1764426683144,1203,708,0
1764426683144,1195,708,0
1764426683160,1187,708,0
1764426683160,1179,709,0
1764426683176,1171,710,0
1764426683176,1165,712,0
1764426683192,1158,713,0
1764426683192,1154,714,0
1764426683208,1148,716,0
1764426683208,1141,718,0
1764426683224,1133,720,0
1764426683224,1122,722,0
1764426683240,1111,723,0
1764426683240,1099,723,0
1764426683256,1084,723,0
1764426683256,1068,722,0
1764426683272,1047,718,0
1764426683272,1023,713,0
1764426683288,996,705,0
1764426683288,966,697,0
1764426683304,936,689,0
1764426683304,903,678,0
1764426683320,868,668,0
1764426683320,838,660,0
1764426683336,811,652,0
1764426683336,786,644,0
1764426683352,766,637,0
1764426683352,750,632,1
1764426683368,736,627,1
1764426683368,724,624,1
1764426683384,713,620,1
1764426683384,703,617,1
1764426683400,695,614,1
1764426683400,686,610,1
1764426683416,679,607,1
1764426683416,673,604,1
1764426683432,667,601,1
1764426683432,664,598,1
1764426683451,660,597,1
1764426683452,658,595,1
1764426683464,657,594,1
1764426683464,655,592,1
1764426683480,654,591,1
1764426683480,653,589,1
1764426683496,653,588,1
1764426683496,652,587,1
1764426683512,652,585,1
1764426683512,650,584,1
1764426683528,650,583,1
1764426683528,650,580,1
1764426683544,648,578,0
1764426683544,646,575,0
1764426683560,645,572,0
1764426683560,642,567,0
1764426683576,638,563,0
1764426683576,635,559,0
1764426683592,631,554,0
1764426683592,628,550,0
1764426683608,624,546,0
1764426683608,619,542,0
1764426683624,615,537,0
1764426683624,610,533,0
1764426683640,604,529,0
1764426683640,598,524,0
1764426683656,590,520,0
1764426683656,584,516,0
1764426683672,578,512,0
1764426683672,572,508,0
1764426683688,565,504,0
1764426683688,557,499,0
1764426683704,547,495,0
1764426683704,538,491,0
1764426683720,530,488,1
1764426683720,521,483,1
1764426683736,513,480,1
1764426683736,507,476,1
1764426683752,500,472,1
1764426683752,494,468,1
1764426683768,488,463,1
1764426683768,483,459,1
1764426683784,478,454,1
1764426683784,474,449,1
1764426683800,471,446,1
1764426683800,470,441,1
1764426683816,468,437,1
1764426683816,466,432,1
1764426683832,464,428,1
1764426683832,462,422,1
1764426683848,461,416,1
1764426683848,460,411,1
1764426683864,460,405,1
1764426683864,460,400,1
1764426683880,460,395,1
1764426683880,460,389,1
1764426683896,460,382,1
1764426683896,460,376,1
1764426683912,460,369,1
1764426683912,460,362,1
1764426683928,460,354,1
1764426683928,460,346,1
1764426683944,460,338,1
1764426683944,461,331,1
1764426683960,461,323,1
1764426683960,462,315,1
1764426683976,463,307,1
1764426683976,464,300,1
1764426683992,464,293,1
1764426683992,465,286,1
1764426684008,466,279,0
1764426684008,466,273,0
1764426684024,467,266,0
1764426684024,468,260,0
1764426684040,468,256,0
1764426684040,469,252,0
1764426684056,470,246,0
1764426684056,471,242,0
1764426684073,472,238,0
1764426684080,473,234,0
1764426684088,474,231,0
1764426684088,476,228,0
1764426684104,478,225,0
1764426684104,479,221,0
1764426684120,481,218,0
1764426684120,484,213,0
1764426684136,486,211,0
1764426684136,490,207,0
1764426684152,493,205,0
1764426684152,498,201,0
1764426684168,503,198,0
1764426684168,509,194,0
1764426684184,515,190,0
1764426684184,522,187,1
1764426684200,529,184,1
1764426684200,536,180,1
1764426684216,545,176,1
1764426684216,553,173,1
1764426684232,561,170,1
1764426684232,570,167,1
1764426684247,577,164,1
1764426684247,583,162,1
1764426684263,589,159,1
1764426684263,594,157,1
1764426684279,599,156,1
1764426684279,603,153,1
1764426684295,608,151,1
1764426684295,613,149,1
1764426684311,617,147,1
1764426684311,622,145,1
1764426684327,626,144,1
1764426684327,630,143,1
1764426684345,635,141,1
1764426684345,638,139,1
1764426684359,643,138,1
1764426684359,648,137,1
1764426684375,653,135,1
1764426684375,656,134,1
1764426684391,659,133,1
1764426684391,662,132,1
1764426684407,667,131,1
1764426684407,671,129,1
1764426684423,676,128,1
1764426684423,681,127,1
1764426684439,688,126,1
1764426684439,693,126,1
1764426684455,699,125,1
1764426684455,704,125,1
1764426684471,710,125,1
1764426684471,713,125,1
1764426684486,715,125,1
1764426684567,716,125,1
1764426684567,718,125,1
1764426684583,719,125,1
1764426684600,720,125,1
1764426684600,721,124,1
1764426684615,722,124,1
1764426684615,723,123,1
1764426684631,724,122,1
1764426684631,723,121,1
1764426684647,718,119,1
1764426684647,706,117,1
1764426684663,692,117,1
1764426684663,680,117,1
1764426684678,670,118,1
1764426684678,659,118,1
1764426684694,647,118,1
1764426684694,631,112,0
1764426684710,609,94,0
1764426684710,601,88,0
1764426686321,599,85,0
1764426686336,600,84,0
1764426686336,607,82,0
1764426686352,621,77,0
1764426686352,636,71,0
1764426686368,651,64,0
1764426686368,670,52,0
1764426686384,692,36,0
1764426686384,719,19,0
1764426686400,756,1,0
1764426686880,1226,0,0
1764426686896,1229,9,0
1764426686896,1232,20,0
1764426686912,1235,31,0
1764426686912,1240,42,0
1764426686928,1245,58,0
1764426686928,1251,75,0
1764426686944,1260,96,0
1764426686944,1269,116,0
1764426686960,1279,139,0
1764426686960,1291,160,0
1764426686976,1306,184,0
1764426686976,1320,208,0
1764426686992,1337,233,0
1764426686992,1350,252,0
1764426687008,1363,271,0
1764426687008,1377,290,0
1764426687024,1389,307,0
1764426687024,1401,322,0
1764426687040,1414,335,0
1764426687040,1424,345,0
1764426687056,1433,352,0
1764426687056,1442,360,0
1764426687072,1448,366,0
1764426687072,1454,371,0
1764426687088,1460,377,0
1764426687120,1462,392,0
1764426687120,1462,394,0
1764426687136,1462,395,0
1764426687232,1462,422,0
1764426687247,1458,433,0
1764426687247,1455,445,0
1764426687264,1449,458,0
1764426687264,1444,470,0
1764426687280,1435,485,0
1764426687280,1426,499,0
1764426687296,1416,513,0
1764426687296,1407,524,0
1764426687312,1387,550,0
1764426687329,1378,559,0
1764426687330,1371,568,0
1764426687344,1364,574,0
1764426687344,1359,579,0
1764426687360,1355,584,0
1764426687360,1352,587,0
1764426687375,1350,590,0
1764426687375,1347,591,0
1764426687391,1345,593,0
1764426687391,1344,595,0
1764426687407,1341,596,0
1764426687407,1340,598,0
1764426687423,1339,598,0
1764426687423,1338,599,0
1764426687440,1338,600,0
1764426687440,1337,601,0
1764426687455,1337,602,0
1764426687455,1337,603,0
1764426687471,1337,606,0
1764426687471,1337,608,0
1764426687488,1337,610,0
1764426687488,1338,612,0
1764426687503,1339,614,0
1764426687508,1340,616,0
1764426687520,1341,619,0
1764426687520,1343,621,0
1764426687537,1344,622,0
1764426687544,1346,625,0
1764426687552,1347,626,0
1764426687552,1349,627,0
1764426687569,1351,629,0
1764426687569,1354,631,0
1764426687584,1356,633,0
1764426687584,1358,634,0
1764426687600,1362,637,0
1764426687600,1364,638,0
1764426687616,1366,641,0
1764426687617,1368,642,0
1764426687632,1372,645,0
1764426687632,1377,650,0
1764426687648,1382,655,0
1764426687648,1385,659,0
1764426687664,1387,661,0
1764426687664,1389,663,0
1764426687680,1390,665,0
1764426687695,1390,666,0
1764426687695,1391,667,0
1764426687711,1391,668,0
1764426687728,1391,669,0
1764426687746,1391,670,0
1764426687759,1391,671,0
1764426687759,1390,673,0
1764426687775,1389,674,0
1764426687775,1389,675,0
1764426687791,1388,677,0
1764426687791,1387,678,0
1764426687807,1387,679,0
1764426687807,1386,680,0
1764426687825,1386,681,0
1764426687829,1385,681,0
1764426687839,1385,682,0
1764426687839,1384,682,0
1764426687855,1384,684,0
1764426687871,1383,684,0
1764426687871,1383,685,0
1764426687888,1382,685,0
1764426687904,1382,686,0
1764426687904,1381,687,0
1764426687919,1380,688,0
1764426687919,1381,689,0
1764426687935,1382,690,0
1764426687935,1383,691,0
1764426688420,1384,691,0
1764426688420,1385,690,0
1764426688436,1387,689,0
1764426688436,1391,687,0
1764426688452,1393,687,0
1764426688452,1394,685,0
1764426688468,1396,684,0
1764426688468,1396,683,0
1764426688565,1397,683,0
1764426688629,1398,683,0
1764426688629,1399,683,0
1764426688645,1400,683,0
1764426688661,1401,683,0
1764426688677,1402,683,0
1764426688695,1403,683,0
1764426688709,1404,683,0
1764426688725,1405,683,0
1764426688741,1406,683,0
1764426688772,1407,684,0
1764426688772,1408,684,0
1764426688788,1409,684,0
1764426688804,1410,684,0
1764426688804,1411,685,0
1764426688868,1412,686,0
1764426688904,1412,687,0
1764426688916,1412,688,0
1764426688932,1412,689,0
1764426688948,1412,690,0
1764426688963,1412,691,0
1764426688979,1412,692,0
1764426688979,1411,693,0
1764426688995,1410,693,0
1764426688995,1410,694,0
1764426689011,1409,695,0
1764426689011,1409,696,0
1764426689026,1408,696,0
1764426689042,1408,697,0
1764426689075,1407,698,0
1764426689106,1406,698,0
1764426689186,1405,699,0
1764426690894,1404,699,0
1764426690894,1404,700,0
1764426690909,1402,700,0
1764426690909,1401,702,0
1764426690925,1400,703,0
1764426690925,1399,704,0
1764426690941,1398,704,0
1764426690941,1398,705,0
1764426690957,1397,706,0
1764426690973,1396,707,0
1764426691328,1395,707,0
1764426691392,1394,707,0
1764426691988,1393,707,0
1764426692004,1392,707,0
1764426692004,1391,707,0
1764426692020,1390,707,0
1764426692036,1389,707,0
1764426692052,1389,708,0
1764426692052,1388,708,0
1764426692068,1387,708,0
1764426692084,1386,709,0
1764426692132,1385,709,0
1764426692213,1384,709,0
1764426692245,1383,709,0
1764426692277,1382,709,0
1764426692293,1382,710,0
1764426692309,1381,710,0
1764426692340,1380,710,0
1764426692356,1379,710,0
1764426692372,1378,710,0
1764426693389,1378,711,0
1764426693405,1377,711,0
1764426693437,1376,711,0
1764426693437,1375,711,0
1764426693453,1374,711,0
1764426693469,1373,711,0
1764426693485,1371,711,0
1764426693485,1370,712,0
1764426693501,1369,712,0
1764426693517,1368,712,0
1764426693662,1367,712,0
1764426693678,1366,712,0
1764426693694,1365,712,0
1764426693710,1364,712,0
1764426693726,1362,713,0
1764426693742,1361,713,0
1764426693742,1360,713,0
1764426693759,1359,713,0
1764426693759,1358,713,0
1764426693775,1357,713,0
1764426693791,1356,713,0
1764426693807,1355,713,0
1764426693823,1354,713,0
1764426694180,1355,713,0
1764426694180,1356,713,0
1764426694196,1357,713,0
1764426694212,1358,713,0
1764426694212,1360,713,0
1764426694228,1361,713,0
1764426694244,1363,713,0
1764426694260,1364,713,0
1764426694260,1365,713,0
1764426694260,1367,713,0
1764426694276,1368,713,0
1764426694291,1370,713,0
1764426694291,1371,713,0
1764426694307,1372,713,0
1764426694307,1373,713,0
1764426694323,1374,713,0
1764426694345,1376,713,0
1764426694347,1377,713,0
1764426694355,1378,713,0
1764426694355,1380,713,0
1764426694370,1381,712,0
1764426694370,1382,712,0
1764426694386,1383,712,0
1764426694386,1384,712,0
1764426694402,1385,712,0
1764426694402,1385,711,0
1764426694418,1386,711,0
1764426694434,1387,711,0
1764426694450,1388,711,0
1764426694466,1389,711,0
1764426694482,1390,710,0
1764426694498,1391,710,0
1764426694513,1392,710,0
1764426694529,1393,710,0
1764426694529,1393,709,0
1764426694546,1394,709,0
1764426694561,1394,708,0
1764426694561,1395,708,0
1764426694577,1395,707,0
1764426694593,1396,706,0
1764426694609,1397,706,0
1764426694609,1397,705,0
1764426694625,1398,705,0
1764426694625,1398,704,0
1764426694641,1399,703,0
1764426694641,1399,702,0
1764426694659,1400,702,0
1764426694659,1401,701,0
1764426694672,1401,700,0
1764426694672,1402,699,0
1764426694688,1402,698,0
1764426694688,1403,697,0
1764426694704,1404,696,0
1764426694720,1405,695,0
1764426694720,1405,694,0